ARM GAS  C:\Users\three\AppData\Local\Temp\cc3mDhxh.s 			page 1


   1              		.cpu cortex-m0
   2              		.arch armv6s-m
   3              		.fpu softvfp
   4              		.eabi_attribute 20, 1
   5              		.eabi_attribute 21, 1
   6              		.eabi_attribute 23, 3
   7              		.eabi_attribute 24, 1
   8              		.eabi_attribute 25, 1
   9              		.eabi_attribute 26, 1
  10              		.eabi_attribute 30, 1
  11              		.eabi_attribute 34, 0
  12              		.eabi_attribute 18, 4
  13              		.file	"main.c"
  14              		.text
  15              	.Ltext0:
  16              		.cfi_sections	.debug_frame
  17              		.file 1 "Core/Src/main.c"
  18              		.section	.text.MX_GPIO_Init,"ax",%progbits
  19              		.align	1
  20              		.syntax unified
  21              		.code	16
  22              		.thumb_func
  24              	MX_GPIO_Init:
  25              	.LFB350:
   1:Core/Src/main.c **** /* USER CODE BEGIN Header /
   2:Core/Src/main.c **** /*
   3:Core/Src/main.c **** 
   4:Core/Src/main.c **** @file           : main.c
   5:Core/Src/main.c **** 
   6:Core/Src/main.c **** @brief          : Task 2 - Running light with debounced speed toggle
   7:Core/Src/main.c **** 
   8:Core/Src/main.c **** /
   9:Core/Src/main.c **** / USER CODE END Header */
  10:Core/Src/main.c **** 
  11:Core/Src/main.c **** /* Includes ------------------------------------------------------------------*/
  12:Core/Src/main.c **** #include "main.h"
  13:Core/Src/main.c **** #include "stm32f0xx.h"
  14:Core/Src/main.c **** #include <stdint.h>
  15:Core/Src/main.c **** 
  16:Core/Src/main.c **** /* Private variables ---------------------------------------------------------*/
  17:Core/Src/main.c **** TIM_HandleTypeDef htim16;
  18:Core/Src/main.c **** 
  19:Core/Src/main.c **** /* USER CODE BEGIN PV */
  20:Core/Src/main.c **** volatile uint8_t timer_event = 0;
  21:Core/Src/main.c **** volatile uint8_t current_led = 0;
  22:Core/Src/main.c **** volatile int8_t direction = 1;
  23:Core/Src/main.c **** 
  24:Core/Src/main.c **** // LED arrays
  25:Core/Src/main.c **** GPIO_TypeDef* led_ports[8] = {GPIOB, GPIOB, GPIOB, GPIOB,
  26:Core/Src/main.c **** 							  GPIOB, GPIOB, GPIOB, GPIOB};
  27:Core/Src/main.c **** uint16_t led_pins[8] = {GPIO_PIN_0, GPIO_PIN_1, GPIO_PIN_2, GPIO_PIN_3,
  28:Core/Src/main.c **** 						GPIO_PIN_4, GPIO_PIN_5, GPIO_PIN_6, GPIO_PIN_7};
  29:Core/Src/main.c **** 
  30:Core/Src/main.c **** #define DEBOUNCE_MS 10
  31:Core/Src/main.c **** uint32_t last_update = 0;
  32:Core/Src/main.c **** uint8_t status = 2; //0 = falling edge, 1 = rising edge, 2 = updated
  33:Core/Src/main.c **** 
ARM GAS  C:\Users\three\AppData\Local\Temp\cc3mDhxh.s 			page 2


  34:Core/Src/main.c **** // Speed state: 0 = slow (1s), 1 = fast (0.5s)
  35:Core/Src/main.c **** uint8_t speed_state = 0;
  36:Core/Src/main.c **** 
  37:Core/Src/main.c **** // Current ARR value (stored for reference)
  38:Core/Src/main.c **** uint32_t current_arr = 999;
  39:Core/Src/main.c **** /* USER CODE END PV */
  40:Core/Src/main.c **** 
  41:Core/Src/main.c **** /* Private function prototypes -----------------------------------------------*/
  42:Core/Src/main.c **** void SystemClock_Config(void);
  43:Core/Src/main.c **** static void MX_GPIO_Init(void);
  44:Core/Src/main.c **** static void MX_TIM16_Init(void);
  45:Core/Src/main.c **** void TIM16_IRQHandler(void);
  46:Core/Src/main.c **** void turn_off_all_leds(void);
  47:Core/Src/main.c **** void update_led_pattern(void);
  48:Core/Src/main.c **** void handle_button_press(void);
  49:Core/Src/main.c **** void change_timer_period(uint32_t new_period_ms);
  50:Core/Src/main.c **** 
  51:Core/Src/main.c **** /* USER CODE BEGIN 0 */
  52:Core/Src/main.c **** void turn_off_all_leds(void)
  53:Core/Src/main.c **** {
  54:Core/Src/main.c **** 	for(int i = 0; i<8; i++) {
  55:Core/Src/main.c **** 		HAL_GPIO_WritePin(led_ports[i],led_pins[i],GPIO_PIN_RESET);
  56:Core/Src/main.c **** 	}
  57:Core/Src/main.c **** 
  58:Core/Src/main.c **** }
  59:Core/Src/main.c **** 
  60:Core/Src/main.c **** void update_led_pattern(void)
  61:Core/Src/main.c **** {
  62:Core/Src/main.c **** 	turn_off_all_leds();
  63:Core/Src/main.c **** 	HAL_GPIO_WritePin(led_ports[current_led],led_pins[current_led],GPIO_PIN_SET);
  64:Core/Src/main.c **** 	if(current_led == 0 && direction == -1) {
  65:Core/Src/main.c **** 		direction = 1;
  66:Core/Src/main.c **** 	}
  67:Core/Src/main.c **** 	if(current_led == 7 && direction == 1) {
  68:Core/Src/main.c **** 		direction = -1;
  69:Core/Src/main.c **** 	}
  70:Core/Src/main.c **** 	current_led+=direction;
  71:Core/Src/main.c **** 
  72:Core/Src/main.c **** }
  73:Core/Src/main.c **** 
  74:Core/Src/main.c **** void change_timer_period(uint32_t new_period_ms)
  75:Core/Src/main.c **** {
  76:Core/Src/main.c **** // TODO: Calculate the new ARR value using your formula.
  77:Core/Src/main.c **** // Note: Timer clock is 1000 Hz (Prescaler is 7999).
  78:Core/Src/main.c **** 	uint32_t new_arr = new_period_ms - 1; // Replace 0 with your calculation.
  79:Core/Src/main.c **** 
  80:Core/Src/main.c **** // TODO: Update the TIM16 ARR register directly.
  81:Core/Src/main.c **** 	TIM16->ARR = new_period_ms;
  82:Core/Src/main.c **** 
  83:Core/Src/main.c **** // TODO: Reset the TIM16 CNT register to 0.
  84:Core/Src/main.c **** 	TIM16->CNT = 0;
  85:Core/Src/main.c **** 
  86:Core/Src/main.c **** // Store the new ARR value for reference
  87:Core/Src/main.c **** current_arr = new_arr;
  88:Core/Src/main.c **** }
  89:Core/Src/main.c **** 
  90:Core/Src/main.c **** 
ARM GAS  C:\Users\three\AppData\Local\Temp\cc3mDhxh.s 			page 3


  91:Core/Src/main.c **** void handle_button_press(void)
  92:Core/Src/main.c **** {
  93:Core/Src/main.c **** 	uint32_t current_tick = HAL_GetTick();
  94:Core/Src/main.c **** 	uint8_t up_or_down = HAL_GPIO_ReadPin(GPIOA,GPIO_PIN_0); //0 = down, 1 = up
  95:Core/Src/main.c **** 
  96:Core/Src/main.c **** 	//if its up and rising edge status,
  97:Core/Src/main.c **** 	if(up_or_down == 1 && status == 1) {
  98:Core/Src/main.c **** 		speed_state ^= 1;
  99:Core/Src/main.c **** 		change_timer_period(30 + speed_state*970);
 100:Core/Src/main.c **** 		status = 2; //updated status
 101:Core/Src/main.c **** 	}
 102:Core/Src/main.c **** 	else if(up_or_down == 0 && status == 2 && current_tick - last_update > DEBOUNCE_MS) {
 103:Core/Src/main.c **** 		last_update = current_tick;
 104:Core/Src/main.c **** 		status = 0; //falling edge
 105:Core/Src/main.c **** 	}
 106:Core/Src/main.c **** 	else if(up_or_down == 1 && status == 0 && current_tick - last_update > DEBOUNCE_MS) {
 107:Core/Src/main.c **** 		last_update = current_tick;
 108:Core/Src/main.c **** 		status = 1; //rising edge
 109:Core/Src/main.c **** 	}
 110:Core/Src/main.c **** }
 111:Core/Src/main.c **** /* USER CODE END 0 */
 112:Core/Src/main.c **** 
 113:Core/Src/main.c **** /*
 114:Core/Src/main.c **** 
 115:Core/Src/main.c **** @brief  The application entry point.
 116:Core/Src/main.c **** 
 117:Core/Src/main.c **** @retval int
 118:Core/Src/main.c **** */
 119:Core/Src/main.c **** int main(void)
 120:Core/Src/main.c **** {
 121:Core/Src/main.c **** 	HAL_Init();
 122:Core/Src/main.c **** 	SystemClock_Config();
 123:Core/Src/main.c **** 
 124:Core/Src/main.c **** 	MX_GPIO_Init();
 125:Core/Src/main.c **** 	MX_TIM16_Init();
 126:Core/Src/main.c **** 
 127:Core/Src/main.c **** 	/* USER CODE BEGIN 2 */
 128:Core/Src/main.c **** 	turn_off_all_leds();
 129:Core/Src/main.c **** 
 130:Core/Src/main.c **** 	// Start timer at 1-second period
 131:Core/Src/main.c **** 	change_timer_period(1000);
 132:Core/Src/main.c **** 	HAL_TIM_Base_Start_IT(&htim16);
 133:Core/Src/main.c **** 	/* USER CODE END 2 */
 134:Core/Src/main.c **** 
 135:Core/Src/main.c **** 	while (1)
 136:Core/Src/main.c **** 	{
 137:Core/Src/main.c **** 		/* USER CODE BEGIN WHILE */
 138:Core/Src/main.c **** 		// Handle button press (debounced)
 139:Core/Src/main.c **** 		handle_button_press();
 140:Core/Src/main.c **** 
 141:Core/Src/main.c **** 		// Handle timer event
 142:Core/Src/main.c **** 		if (timer_event) {
 143:Core/Src/main.c **** 		  timer_event = 0;
 144:Core/Src/main.c **** 		  update_led_pattern();
 145:Core/Src/main.c **** 		}
 146:Core/Src/main.c **** 		/* USER CODE END WHILE */
 147:Core/Src/main.c **** 	}
ARM GAS  C:\Users\three\AppData\Local\Temp\cc3mDhxh.s 			page 4


 148:Core/Src/main.c **** }
 149:Core/Src/main.c **** 
 150:Core/Src/main.c **** /*
 151:Core/Src/main.c **** 
 152:Core/Src/main.c **** @brief System Clock Configuration (HSI 8 MHz)
 153:Core/Src/main.c **** */
 154:Core/Src/main.c **** void SystemClock_Config(void)
 155:Core/Src/main.c **** {
 156:Core/Src/main.c ****     LL_FLASH_SetLatency(LL_FLASH_LATENCY_0);
 157:Core/Src/main.c ****     while(LL_FLASH_GetLatency() != LL_FLASH_LATENCY_0) {}
 158:Core/Src/main.c **** 
 159:Core/Src/main.c ****     LL_RCC_HSI_Enable();
 160:Core/Src/main.c ****     while(LL_RCC_HSI_IsReady() != 1) {}
 161:Core/Src/main.c **** 
 162:Core/Src/main.c ****     LL_RCC_HSI_SetCalibTrimming(16);
 163:Core/Src/main.c ****     LL_RCC_SetAHBPrescaler(LL_RCC_SYSCLK_DIV_1);
 164:Core/Src/main.c ****     LL_RCC_SetAPB1Prescaler(LL_RCC_APB1_DIV_1);
 165:Core/Src/main.c ****     LL_RCC_SetSysClkSource(LL_RCC_SYS_CLKSOURCE_HSI);
 166:Core/Src/main.c ****     while(LL_RCC_GetSysClkSource() != LL_RCC_SYS_CLKSOURCE_STATUS_HSI) {}
 167:Core/Src/main.c **** 
 168:Core/Src/main.c ****     LL_SetSystemCoreClock(8000000);
 169:Core/Src/main.c **** 
 170:Core/Src/main.c ****     if (HAL_InitTick(TICK_INT_PRIORITY) != HAL_OK) {
 171:Core/Src/main.c ****         Error_Handler();
 172:Core/Src/main.c ****     }
 173:Core/Src/main.c **** }
 174:Core/Src/main.c **** 
 175:Core/Src/main.c **** 
 176:Core/Src/main.c **** /*
 177:Core/Src/main.c **** 
 178:Core/Src/main.c **** @brief TIM16 Initialization - Prescaler fixed at 7999
 179:Core/Src/main.c **** */
 180:Core/Src/main.c **** static void MX_TIM16_Init(void)
 181:Core/Src/main.c **** {
 182:Core/Src/main.c **** 	htim16.Instance = TIM16;
 183:Core/Src/main.c **** 	htim16.Init.Prescaler = 7999;
 184:Core/Src/main.c **** 	htim16.Init.CounterMode = TIM_COUNTERMODE_UP;
 185:Core/Src/main.c **** 	htim16.Init.Period = 999;
 186:Core/Src/main.c **** 	htim16.Init.ClockDivision = TIM_CLOCKDIVISION_DIV1;
 187:Core/Src/main.c **** 	htim16.Init.RepetitionCounter = 0;
 188:Core/Src/main.c **** 	htim16.Init.AutoReloadPreload = TIM_AUTORELOAD_PRELOAD_ENABLE;
 189:Core/Src/main.c **** 
 190:Core/Src/main.c **** 	if (HAL_TIM_Base_Init(&htim16) != HAL_OK) {
 191:Core/Src/main.c **** 		Error_Handler();
 192:Core/Src/main.c **** 	}
 193:Core/Src/main.c **** 
 194:Core/Src/main.c **** 	NVIC_EnableIRQ(TIM16_IRQn);
 195:Core/Src/main.c **** }
 196:Core/Src/main.c **** 
 197:Core/Src/main.c **** /*
 198:Core/Src/main.c **** 
 199:Core/Src/main.c **** @brief GPIO Initialization - PB0..PB7 as outputs, PA0 as input with pull-up
 200:Core/Src/main.c **** */
 201:Core/Src/main.c **** static void MX_GPIO_Init(void)
 202:Core/Src/main.c **** {
  26              		.loc 1 202 1 view -0
  27              		.cfi_startproc
ARM GAS  C:\Users\three\AppData\Local\Temp\cc3mDhxh.s 			page 5


  28              		@ args = 0, pretend = 0, frame = 32
  29              		@ frame_needed = 0, uses_anonymous_args = 0
  30 0000 10B5     		push	{r4, lr}
  31              	.LCFI0:
  32              		.cfi_def_cfa_offset 8
  33              		.cfi_offset 4, -8
  34              		.cfi_offset 14, -4
  35 0002 88B0     		sub	sp, sp, #32
  36              	.LCFI1:
  37              		.cfi_def_cfa_offset 40
 203:Core/Src/main.c **** 	__HAL_RCC_GPIOA_CLK_ENABLE();
  38              		.loc 1 203 2 view .LVU1
  39              	.LBB24:
  40              		.loc 1 203 2 view .LVU2
  41              		.loc 1 203 2 view .LVU3
  42 0004 1B4B     		ldr	r3, .L4
  43 0006 5A69     		ldr	r2, [r3, #20]
  44 0008 8021     		movs	r1, #128
  45 000a 8902     		lsls	r1, r1, #10
  46 000c 0A43     		orrs	r2, r1
  47 000e 5A61     		str	r2, [r3, #20]
  48              		.loc 1 203 2 view .LVU4
  49 0010 5A69     		ldr	r2, [r3, #20]
  50 0012 0A40     		ands	r2, r1
  51 0014 0192     		str	r2, [sp, #4]
  52              		.loc 1 203 2 view .LVU5
  53 0016 019A     		ldr	r2, [sp, #4]
  54              	.LBE24:
  55              		.loc 1 203 2 view .LVU6
 204:Core/Src/main.c **** 	__HAL_RCC_GPIOB_CLK_ENABLE();
  56              		.loc 1 204 2 view .LVU7
  57              	.LBB25:
  58              		.loc 1 204 2 view .LVU8
  59              		.loc 1 204 2 view .LVU9
  60 0018 5A69     		ldr	r2, [r3, #20]
  61 001a 8021     		movs	r1, #128
  62 001c C902     		lsls	r1, r1, #11
  63 001e 0A43     		orrs	r2, r1
  64 0020 5A61     		str	r2, [r3, #20]
  65              		.loc 1 204 2 view .LVU10
  66 0022 5B69     		ldr	r3, [r3, #20]
  67 0024 0B40     		ands	r3, r1
  68 0026 0293     		str	r3, [sp, #8]
  69              		.loc 1 204 2 view .LVU11
  70 0028 029B     		ldr	r3, [sp, #8]
  71              	.LBE25:
  72              		.loc 1 204 2 view .LVU12
 205:Core/Src/main.c **** 
 206:Core/Src/main.c **** 	GPIO_InitTypeDef GPIO_InitStruct = {0};
  73              		.loc 1 206 2 view .LVU13
  74              		.loc 1 206 19 is_stmt 0 view .LVU14
  75 002a 03AC     		add	r4, sp, #12
  76 002c 1422     		movs	r2, #20
  77 002e 0021     		movs	r1, #0
  78 0030 2000     		movs	r0, r4
  79 0032 FFF7FEFF 		bl	memset
  80              	.LVL0:
ARM GAS  C:\Users\three\AppData\Local\Temp\cc3mDhxh.s 			page 6


 207:Core/Src/main.c **** 
 208:Core/Src/main.c **** 	// Configure LEDs (PB0..PB7) as outputs
 209:Core/Src/main.c **** 	GPIO_InitStruct.Mode = GPIO_MODE_OUTPUT_PP;
  81              		.loc 1 209 2 is_stmt 1 view .LVU15
  82              		.loc 1 209 23 is_stmt 0 view .LVU16
  83 0036 0123     		movs	r3, #1
  84 0038 0493     		str	r3, [sp, #16]
 210:Core/Src/main.c **** 	GPIO_InitStruct.Pull = GPIO_NOPULL;
  85              		.loc 1 210 2 is_stmt 1 view .LVU17
 211:Core/Src/main.c **** 	GPIO_InitStruct.Speed = GPIO_SPEED_FREQ_LOW;
  86              		.loc 1 211 2 view .LVU18
 212:Core/Src/main.c **** 
 213:Core/Src/main.c **** 	for (uint8_t i = 0; i < 8; i++) {
  87              		.loc 1 213 2 view .LVU19
  88              	.LBB26:
  89              		.loc 1 213 7 view .LVU20
  90              	.LVL1:
  91              		.loc 1 213 15 is_stmt 0 view .LVU21
  92 003a 0024     		movs	r4, #0
  93              		.loc 1 213 2 view .LVU22
  94 003c 0BE0     		b	.L2
  95              	.LVL2:
  96              	.L3:
 214:Core/Src/main.c **** 	GPIO_InitStruct.Pin = led_pins[i];
  97              		.loc 1 214 2 is_stmt 1 view .LVU23
  98              		.loc 1 214 32 is_stmt 0 view .LVU24
  99 003e 0E4B     		ldr	r3, .L4+4
 100 0040 6200     		lsls	r2, r4, #1
 101 0042 D35A     		ldrh	r3, [r2, r3]
 102              		.loc 1 214 22 view .LVU25
 103 0044 0393     		str	r3, [sp, #12]
 215:Core/Src/main.c **** 	HAL_GPIO_Init(led_ports[i], &GPIO_InitStruct);
 104              		.loc 1 215 2 is_stmt 1 view .LVU26
 105 0046 0D4B     		ldr	r3, .L4+8
 106 0048 A200     		lsls	r2, r4, #2
 107 004a D058     		ldr	r0, [r2, r3]
 108 004c 03A9     		add	r1, sp, #12
 109 004e FFF7FEFF 		bl	HAL_GPIO_Init
 110              	.LVL3:
 213:Core/Src/main.c **** 	GPIO_InitStruct.Pin = led_pins[i];
 111              		.loc 1 213 30 discriminator 3 view .LVU27
 112 0052 0134     		adds	r4, r4, #1
 113              	.LVL4:
 213:Core/Src/main.c **** 	GPIO_InitStruct.Pin = led_pins[i];
 114              		.loc 1 213 30 is_stmt 0 discriminator 3 view .LVU28
 115 0054 E4B2     		uxtb	r4, r4
 116              	.LVL5:
 117              	.L2:
 213:Core/Src/main.c **** 	GPIO_InitStruct.Pin = led_pins[i];
 118              		.loc 1 213 24 is_stmt 1 discriminator 1 view .LVU29
 119 0056 072C     		cmp	r4, #7
 120 0058 F1D9     		bls	.L3
 121              	.LBE26:
 216:Core/Src/main.c **** 	}
 217:Core/Src/main.c **** 
 218:Core/Src/main.c **** 	// Configure PA0 as input with pull-up (button active low)
 219:Core/Src/main.c **** 	GPIO_InitStruct.Pin = GPIO_PIN_0;
ARM GAS  C:\Users\three\AppData\Local\Temp\cc3mDhxh.s 			page 7


 122              		.loc 1 219 2 view .LVU30
 123              		.loc 1 219 22 is_stmt 0 view .LVU31
 124 005a 03A9     		add	r1, sp, #12
 125 005c 0123     		movs	r3, #1
 126 005e 0393     		str	r3, [sp, #12]
 220:Core/Src/main.c **** 	GPIO_InitStruct.Mode = GPIO_MODE_INPUT;
 127              		.loc 1 220 2 is_stmt 1 view .LVU32
 128              		.loc 1 220 23 is_stmt 0 view .LVU33
 129 0060 0022     		movs	r2, #0
 130 0062 4A60     		str	r2, [r1, #4]
 221:Core/Src/main.c **** 	GPIO_InitStruct.Pull = GPIO_PULLUP;
 131              		.loc 1 221 2 is_stmt 1 view .LVU34
 132              		.loc 1 221 23 is_stmt 0 view .LVU35
 133 0064 8B60     		str	r3, [r1, #8]
 222:Core/Src/main.c **** 	HAL_GPIO_Init(GPIOA, &GPIO_InitStruct);
 134              		.loc 1 222 2 is_stmt 1 view .LVU36
 135 0066 9020     		movs	r0, #144
 136 0068 C005     		lsls	r0, r0, #23
 137 006a FFF7FEFF 		bl	HAL_GPIO_Init
 138              	.LVL6:
 223:Core/Src/main.c **** }
 139              		.loc 1 223 1 is_stmt 0 view .LVU37
 140 006e 08B0     		add	sp, sp, #32
 141              		@ sp needed
 142              	.LVL7:
 143              		.loc 1 223 1 view .LVU38
 144 0070 10BD     		pop	{r4, pc}
 145              	.L5:
 146 0072 C046     		.align	2
 147              	.L4:
 148 0074 00100240 		.word	1073876992
 149 0078 00000000 		.word	led_pins
 150 007c 00000000 		.word	led_ports
 151              		.cfi_endproc
 152              	.LFE350:
 154              		.section	.text.turn_off_all_leds,"ax",%progbits
 155              		.align	1
 156              		.global	turn_off_all_leds
 157              		.syntax unified
 158              		.code	16
 159              		.thumb_func
 161              	turn_off_all_leds:
 162              	.LFB343:
  53:Core/Src/main.c **** 	for(int i = 0; i<8; i++) {
 163              		.loc 1 53 1 is_stmt 1 view -0
 164              		.cfi_startproc
 165              		@ args = 0, pretend = 0, frame = 0
 166              		@ frame_needed = 0, uses_anonymous_args = 0
 167 0000 10B5     		push	{r4, lr}
 168              	.LCFI2:
 169              		.cfi_def_cfa_offset 8
 170              		.cfi_offset 4, -8
 171              		.cfi_offset 14, -4
  54:Core/Src/main.c **** 		HAL_GPIO_WritePin(led_ports[i],led_pins[i],GPIO_PIN_RESET);
 172              		.loc 1 54 2 view .LVU40
 173              	.LBB27:
  54:Core/Src/main.c **** 		HAL_GPIO_WritePin(led_ports[i],led_pins[i],GPIO_PIN_RESET);
ARM GAS  C:\Users\three\AppData\Local\Temp\cc3mDhxh.s 			page 8


 174              		.loc 1 54 6 view .LVU41
 175              	.LVL8:
  54:Core/Src/main.c **** 		HAL_GPIO_WritePin(led_ports[i],led_pins[i],GPIO_PIN_RESET);
 176              		.loc 1 54 10 is_stmt 0 view .LVU42
 177 0002 0024     		movs	r4, #0
  54:Core/Src/main.c **** 		HAL_GPIO_WritePin(led_ports[i],led_pins[i],GPIO_PIN_RESET);
 178              		.loc 1 54 2 view .LVU43
 179 0004 09E0     		b	.L7
 180              	.LVL9:
 181              	.L8:
  55:Core/Src/main.c **** 	}
 182              		.loc 1 55 3 is_stmt 1 view .LVU44
 183 0006 064B     		ldr	r3, .L9
 184 0008 6200     		lsls	r2, r4, #1
 185 000a D15A     		ldrh	r1, [r2, r3]
 186 000c 054B     		ldr	r3, .L9+4
 187 000e A200     		lsls	r2, r4, #2
 188 0010 D058     		ldr	r0, [r2, r3]
 189 0012 0022     		movs	r2, #0
 190 0014 FFF7FEFF 		bl	HAL_GPIO_WritePin
 191              	.LVL10:
  54:Core/Src/main.c **** 		HAL_GPIO_WritePin(led_ports[i],led_pins[i],GPIO_PIN_RESET);
 192              		.loc 1 54 23 discriminator 3 view .LVU45
 193 0018 0134     		adds	r4, r4, #1
 194              	.LVL11:
 195              	.L7:
  54:Core/Src/main.c **** 		HAL_GPIO_WritePin(led_ports[i],led_pins[i],GPIO_PIN_RESET);
 196              		.loc 1 54 18 discriminator 1 view .LVU46
 197 001a 072C     		cmp	r4, #7
 198 001c F3DD     		ble	.L8
 199              	.LBE27:
  58:Core/Src/main.c **** 
 200              		.loc 1 58 1 is_stmt 0 view .LVU47
 201              		@ sp needed
 202              	.LVL12:
  58:Core/Src/main.c **** 
 203              		.loc 1 58 1 view .LVU48
 204 001e 10BD     		pop	{r4, pc}
 205              	.L10:
 206              		.align	2
 207              	.L9:
 208 0020 00000000 		.word	led_pins
 209 0024 00000000 		.word	led_ports
 210              		.cfi_endproc
 211              	.LFE343:
 213              		.section	.text.update_led_pattern,"ax",%progbits
 214              		.align	1
 215              		.global	update_led_pattern
 216              		.syntax unified
 217              		.code	16
 218              		.thumb_func
 220              	update_led_pattern:
 221              	.LFB344:
  61:Core/Src/main.c **** 	turn_off_all_leds();
 222              		.loc 1 61 1 is_stmt 1 view -0
 223              		.cfi_startproc
 224              		@ args = 0, pretend = 0, frame = 0
ARM GAS  C:\Users\three\AppData\Local\Temp\cc3mDhxh.s 			page 9


 225              		@ frame_needed = 0, uses_anonymous_args = 0
 226 0000 10B5     		push	{r4, lr}
 227              	.LCFI3:
 228              		.cfi_def_cfa_offset 8
 229              		.cfi_offset 4, -8
 230              		.cfi_offset 14, -4
  62:Core/Src/main.c **** 	HAL_GPIO_WritePin(led_ports[current_led],led_pins[current_led],GPIO_PIN_SET);
 231              		.loc 1 62 2 view .LVU50
 232 0002 FFF7FEFF 		bl	turn_off_all_leds
 233              	.LVL13:
  63:Core/Src/main.c **** 	if(current_led == 0 && direction == -1) {
 234              		.loc 1 63 2 view .LVU51
 235 0006 164C     		ldr	r4, .L17
 236 0008 2278     		ldrb	r2, [r4]
 237 000a 2178     		ldrb	r1, [r4]
 238 000c 154B     		ldr	r3, .L17+4
 239 000e 4900     		lsls	r1, r1, #1
 240 0010 C95A     		ldrh	r1, [r1, r3]
 241 0012 154B     		ldr	r3, .L17+8
 242 0014 9200     		lsls	r2, r2, #2
 243 0016 D058     		ldr	r0, [r2, r3]
 244 0018 0122     		movs	r2, #1
 245 001a FFF7FEFF 		bl	HAL_GPIO_WritePin
 246              	.LVL14:
  64:Core/Src/main.c **** 		direction = 1;
 247              		.loc 1 64 2 view .LVU52
  64:Core/Src/main.c **** 		direction = 1;
 248              		.loc 1 64 17 is_stmt 0 view .LVU53
 249 001e 2378     		ldrb	r3, [r4]
  64:Core/Src/main.c **** 		direction = 1;
 250              		.loc 1 64 4 view .LVU54
 251 0020 002B     		cmp	r3, #0
 252 0022 04D1     		bne	.L12
  64:Core/Src/main.c **** 		direction = 1;
 253              		.loc 1 64 35 discriminator 1 view .LVU55
 254 0024 114B     		ldr	r3, .L17+12
 255 0026 1B78     		ldrb	r3, [r3]
 256 0028 5BB2     		sxtb	r3, r3
  64:Core/Src/main.c **** 		direction = 1;
 257              		.loc 1 64 22 discriminator 1 view .LVU56
 258 002a 0133     		adds	r3, r3, #1
 259 002c 0CD0     		beq	.L15
 260              	.L12:
  67:Core/Src/main.c **** 		direction = -1;
 261              		.loc 1 67 2 is_stmt 1 view .LVU57
  67:Core/Src/main.c **** 		direction = -1;
 262              		.loc 1 67 17 is_stmt 0 view .LVU58
 263 002e 0C4B     		ldr	r3, .L17
 264 0030 1B78     		ldrb	r3, [r3]
  67:Core/Src/main.c **** 		direction = -1;
 265              		.loc 1 67 4 view .LVU59
 266 0032 072B     		cmp	r3, #7
 267 0034 0CD0     		beq	.L16
 268              	.L13:
  70:Core/Src/main.c **** 
 269              		.loc 1 70 2 is_stmt 1 view .LVU60
 270 0036 0D4B     		ldr	r3, .L17+12
ARM GAS  C:\Users\three\AppData\Local\Temp\cc3mDhxh.s 			page 10


 271 0038 1A78     		ldrb	r2, [r3]
 272 003a 52B2     		sxtb	r2, r2
  70:Core/Src/main.c **** 
 273              		.loc 1 70 13 is_stmt 0 view .LVU61
 274 003c 0849     		ldr	r1, .L17
 275 003e 0B78     		ldrb	r3, [r1]
 276 0040 9B18     		adds	r3, r3, r2
 277 0042 DBB2     		uxtb	r3, r3
 278 0044 0B70     		strb	r3, [r1]
  72:Core/Src/main.c **** 
 279              		.loc 1 72 1 view .LVU62
 280              		@ sp needed
 281 0046 10BD     		pop	{r4, pc}
 282              	.L15:
  65:Core/Src/main.c **** 	}
 283              		.loc 1 65 3 is_stmt 1 view .LVU63
  65:Core/Src/main.c **** 	}
 284              		.loc 1 65 13 is_stmt 0 view .LVU64
 285 0048 084B     		ldr	r3, .L17+12
 286 004a 0122     		movs	r2, #1
 287 004c 1A70     		strb	r2, [r3]
 288 004e EEE7     		b	.L12
 289              	.L16:
  67:Core/Src/main.c **** 		direction = -1;
 290              		.loc 1 67 35 discriminator 1 view .LVU65
 291 0050 064B     		ldr	r3, .L17+12
 292 0052 1B78     		ldrb	r3, [r3]
  67:Core/Src/main.c **** 		direction = -1;
 293              		.loc 1 67 22 discriminator 1 view .LVU66
 294 0054 012B     		cmp	r3, #1
 295 0056 EED1     		bne	.L13
  68:Core/Src/main.c **** 	}
 296              		.loc 1 68 3 is_stmt 1 view .LVU67
  68:Core/Src/main.c **** 	}
 297              		.loc 1 68 13 is_stmt 0 view .LVU68
 298 0058 044B     		ldr	r3, .L17+12
 299 005a FF22     		movs	r2, #255
 300 005c 1A70     		strb	r2, [r3]
 301 005e EAE7     		b	.L13
 302              	.L18:
 303              		.align	2
 304              	.L17:
 305 0060 00000000 		.word	current_led
 306 0064 00000000 		.word	led_pins
 307 0068 00000000 		.word	led_ports
 308 006c 00000000 		.word	direction
 309              		.cfi_endproc
 310              	.LFE344:
 312              		.section	.text.change_timer_period,"ax",%progbits
 313              		.align	1
 314              		.global	change_timer_period
 315              		.syntax unified
 316              		.code	16
 317              		.thumb_func
 319              	change_timer_period:
 320              	.LVL15:
 321              	.LFB345:
ARM GAS  C:\Users\three\AppData\Local\Temp\cc3mDhxh.s 			page 11


  75:Core/Src/main.c **** // TODO: Calculate the new ARR value using your formula.
 322              		.loc 1 75 1 is_stmt 1 view -0
 323              		.cfi_startproc
 324              		@ args = 0, pretend = 0, frame = 0
 325              		@ frame_needed = 0, uses_anonymous_args = 0
 326              		@ link register save eliminated.
  78:Core/Src/main.c **** 
 327              		.loc 1 78 2 view .LVU70
  78:Core/Src/main.c **** 
 328              		.loc 1 78 11 is_stmt 0 view .LVU71
 329 0000 421E     		subs	r2, r0, #1
 330              	.LVL16:
  81:Core/Src/main.c **** 
 331              		.loc 1 81 2 is_stmt 1 view .LVU72
  81:Core/Src/main.c **** 
 332              		.loc 1 81 13 is_stmt 0 view .LVU73
 333 0002 034B     		ldr	r3, .L20
 334 0004 D862     		str	r0, [r3, #44]
  84:Core/Src/main.c **** 
 335              		.loc 1 84 2 is_stmt 1 view .LVU74
  84:Core/Src/main.c **** 
 336              		.loc 1 84 13 is_stmt 0 view .LVU75
 337 0006 0021     		movs	r1, #0
 338 0008 5962     		str	r1, [r3, #36]
  87:Core/Src/main.c **** }
 339              		.loc 1 87 1 is_stmt 1 view .LVU76
  87:Core/Src/main.c **** }
 340              		.loc 1 87 13 is_stmt 0 view .LVU77
 341 000a 024B     		ldr	r3, .L20+4
 342 000c 1A60     		str	r2, [r3]
  88:Core/Src/main.c **** 
 343              		.loc 1 88 1 view .LVU78
 344              		@ sp needed
 345 000e 7047     		bx	lr
 346              	.L21:
 347              		.align	2
 348              	.L20:
 349 0010 00440140 		.word	1073824768
 350 0014 00000000 		.word	current_arr
 351              		.cfi_endproc
 352              	.LFE345:
 354              		.section	.text.handle_button_press,"ax",%progbits
 355              		.align	1
 356              		.global	handle_button_press
 357              		.syntax unified
 358              		.code	16
 359              		.thumb_func
 361              	handle_button_press:
 362              	.LFB346:
  92:Core/Src/main.c **** 	uint32_t current_tick = HAL_GetTick();
 363              		.loc 1 92 1 is_stmt 1 view -0
 364              		.cfi_startproc
 365              		@ args = 0, pretend = 0, frame = 0
 366              		@ frame_needed = 0, uses_anonymous_args = 0
 367 0000 10B5     		push	{r4, lr}
 368              	.LCFI4:
 369              		.cfi_def_cfa_offset 8
ARM GAS  C:\Users\three\AppData\Local\Temp\cc3mDhxh.s 			page 12


 370              		.cfi_offset 4, -8
 371              		.cfi_offset 14, -4
  93:Core/Src/main.c **** 	uint8_t up_or_down = HAL_GPIO_ReadPin(GPIOA,GPIO_PIN_0); //0 = down, 1 = up
 372              		.loc 1 93 2 view .LVU80
  93:Core/Src/main.c **** 	uint8_t up_or_down = HAL_GPIO_ReadPin(GPIOA,GPIO_PIN_0); //0 = down, 1 = up
 373              		.loc 1 93 26 is_stmt 0 view .LVU81
 374 0002 FFF7FEFF 		bl	HAL_GetTick
 375              	.LVL17:
 376 0006 0400     		movs	r4, r0
 377              	.LVL18:
  94:Core/Src/main.c **** 
 378              		.loc 1 94 2 is_stmt 1 view .LVU82
  94:Core/Src/main.c **** 
 379              		.loc 1 94 23 is_stmt 0 view .LVU83
 380 0008 9020     		movs	r0, #144
 381              	.LVL19:
  94:Core/Src/main.c **** 
 382              		.loc 1 94 23 view .LVU84
 383 000a 0121     		movs	r1, #1
 384 000c C005     		lsls	r0, r0, #23
 385 000e FFF7FEFF 		bl	HAL_GPIO_ReadPin
 386              	.LVL20:
  97:Core/Src/main.c **** 		speed_state ^= 1;
 387              		.loc 1 97 2 is_stmt 1 view .LVU85
  97:Core/Src/main.c **** 		speed_state ^= 1;
 388              		.loc 1 97 4 is_stmt 0 view .LVU86
 389 0012 0128     		cmp	r0, #1
 390 0014 08D0     		beq	.L26
 391              	.L23:
 102:Core/Src/main.c **** 		last_update = current_tick;
 392              		.loc 1 102 7 is_stmt 1 view .LVU87
 102:Core/Src/main.c **** 		last_update = current_tick;
 393              		.loc 1 102 9 is_stmt 0 view .LVU88
 394 0016 0028     		cmp	r0, #0
 395 0018 03D1     		bne	.L25
 102:Core/Src/main.c **** 		last_update = current_tick;
 396              		.loc 1 102 36 discriminator 1 view .LVU89
 397 001a 1A4B     		ldr	r3, .L29
 398 001c 1B78     		ldrb	r3, [r3]
 102:Core/Src/main.c **** 		last_update = current_tick;
 399              		.loc 1 102 26 discriminator 1 view .LVU90
 400 001e 022B     		cmp	r3, #2
 401 0020 15D0     		beq	.L27
 402              	.L25:
 106:Core/Src/main.c **** 		last_update = current_tick;
 403              		.loc 1 106 7 is_stmt 1 view .LVU91
 106:Core/Src/main.c **** 		last_update = current_tick;
 404              		.loc 1 106 9 is_stmt 0 view .LVU92
 405 0022 0128     		cmp	r0, #1
 406 0024 1ED0     		beq	.L28
 407              	.LVL21:
 408              	.L22:
 110:Core/Src/main.c **** /* USER CODE END 0 */
 409              		.loc 1 110 1 view .LVU93
 410              		@ sp needed
 411              	.LVL22:
 110:Core/Src/main.c **** /* USER CODE END 0 */
ARM GAS  C:\Users\three\AppData\Local\Temp\cc3mDhxh.s 			page 13


 412              		.loc 1 110 1 view .LVU94
 413 0026 10BD     		pop	{r4, pc}
 414              	.LVL23:
 415              	.L26:
  97:Core/Src/main.c **** 		speed_state ^= 1;
 416              		.loc 1 97 31 discriminator 1 view .LVU95
 417 0028 164B     		ldr	r3, .L29
 418 002a 1B78     		ldrb	r3, [r3]
  97:Core/Src/main.c **** 		speed_state ^= 1;
 419              		.loc 1 97 21 discriminator 1 view .LVU96
 420 002c 012B     		cmp	r3, #1
 421 002e F2D1     		bne	.L23
  98:Core/Src/main.c **** 		change_timer_period(30 + speed_state*970);
 422              		.loc 1 98 3 is_stmt 1 view .LVU97
  98:Core/Src/main.c **** 		change_timer_period(30 + speed_state*970);
 423              		.loc 1 98 15 is_stmt 0 view .LVU98
 424 0030 154A     		ldr	r2, .L29+4
 425 0032 1378     		ldrb	r3, [r2]
 426 0034 0121     		movs	r1, #1
 427 0036 4B40     		eors	r3, r1
 428 0038 DBB2     		uxtb	r3, r3
 429 003a 1370     		strb	r3, [r2]
  99:Core/Src/main.c **** 		status = 2; //updated status
 430              		.loc 1 99 3 is_stmt 1 view .LVU99
  99:Core/Src/main.c **** 		status = 2; //updated status
 431              		.loc 1 99 39 is_stmt 0 view .LVU100
 432 003c 1348     		ldr	r0, .L29+8
 433              	.LVL24:
  99:Core/Src/main.c **** 		status = 2; //updated status
 434              		.loc 1 99 39 view .LVU101
 435 003e 5843     		muls	r0, r3
  99:Core/Src/main.c **** 		status = 2; //updated status
 436              		.loc 1 99 26 view .LVU102
 437 0040 1E30     		adds	r0, r0, #30
  99:Core/Src/main.c **** 		status = 2; //updated status
 438              		.loc 1 99 3 view .LVU103
 439 0042 FFF7FEFF 		bl	change_timer_period
 440              	.LVL25:
 100:Core/Src/main.c **** 	}
 441              		.loc 1 100 3 is_stmt 1 view .LVU104
 100:Core/Src/main.c **** 	}
 442              		.loc 1 100 10 is_stmt 0 view .LVU105
 443 0046 0F4B     		ldr	r3, .L29
 444 0048 0222     		movs	r2, #2
 445 004a 1A70     		strb	r2, [r3]
 446 004c EBE7     		b	.L22
 447              	.LVL26:
 448              	.L27:
 102:Core/Src/main.c **** 		last_update = current_tick;
 449              		.loc 1 102 57 discriminator 2 view .LVU106
 450 004e 104B     		ldr	r3, .L29+12
 451 0050 1B68     		ldr	r3, [r3]
 452 0052 E31A     		subs	r3, r4, r3
 102:Core/Src/main.c **** 		last_update = current_tick;
 453              		.loc 1 102 41 discriminator 2 view .LVU107
 454 0054 0A2B     		cmp	r3, #10
 455 0056 E4D9     		bls	.L25
ARM GAS  C:\Users\three\AppData\Local\Temp\cc3mDhxh.s 			page 14


 103:Core/Src/main.c **** 		status = 0; //falling edge
 456              		.loc 1 103 3 is_stmt 1 view .LVU108
 103:Core/Src/main.c **** 		status = 0; //falling edge
 457              		.loc 1 103 15 is_stmt 0 view .LVU109
 458 0058 0D4B     		ldr	r3, .L29+12
 459 005a 1C60     		str	r4, [r3]
 104:Core/Src/main.c **** 	}
 460              		.loc 1 104 3 is_stmt 1 view .LVU110
 104:Core/Src/main.c **** 	}
 461              		.loc 1 104 10 is_stmt 0 view .LVU111
 462 005c 094B     		ldr	r3, .L29
 463 005e 0022     		movs	r2, #0
 464 0060 1A70     		strb	r2, [r3]
 465 0062 E0E7     		b	.L22
 466              	.L28:
 106:Core/Src/main.c **** 		last_update = current_tick;
 467              		.loc 1 106 36 discriminator 1 view .LVU112
 468 0064 074B     		ldr	r3, .L29
 469 0066 1B78     		ldrb	r3, [r3]
 106:Core/Src/main.c **** 		last_update = current_tick;
 470              		.loc 1 106 26 discriminator 1 view .LVU113
 471 0068 002B     		cmp	r3, #0
 472 006a DCD1     		bne	.L22
 106:Core/Src/main.c **** 		last_update = current_tick;
 473              		.loc 1 106 57 discriminator 2 view .LVU114
 474 006c 084B     		ldr	r3, .L29+12
 475 006e 1B68     		ldr	r3, [r3]
 476 0070 E31A     		subs	r3, r4, r3
 106:Core/Src/main.c **** 		last_update = current_tick;
 477              		.loc 1 106 41 discriminator 2 view .LVU115
 478 0072 0A2B     		cmp	r3, #10
 479 0074 D7D9     		bls	.L22
 107:Core/Src/main.c **** 		status = 1; //rising edge
 480              		.loc 1 107 3 is_stmt 1 view .LVU116
 107:Core/Src/main.c **** 		status = 1; //rising edge
 481              		.loc 1 107 15 is_stmt 0 view .LVU117
 482 0076 064B     		ldr	r3, .L29+12
 483 0078 1C60     		str	r4, [r3]
 108:Core/Src/main.c **** 	}
 484              		.loc 1 108 3 is_stmt 1 view .LVU118
 108:Core/Src/main.c **** 	}
 485              		.loc 1 108 10 is_stmt 0 view .LVU119
 486 007a 024B     		ldr	r3, .L29
 487 007c 0122     		movs	r2, #1
 488 007e 1A70     		strb	r2, [r3]
 110:Core/Src/main.c **** /* USER CODE END 0 */
 489              		.loc 1 110 1 view .LVU120
 490 0080 D1E7     		b	.L22
 491              	.L30:
 492 0082 C046     		.align	2
 493              	.L29:
 494 0084 00000000 		.word	status
 495 0088 00000000 		.word	speed_state
 496 008c CA030000 		.word	970
 497 0090 00000000 		.word	last_update
 498              		.cfi_endproc
 499              	.LFE346:
ARM GAS  C:\Users\three\AppData\Local\Temp\cc3mDhxh.s 			page 15


 501              		.section	.text.TIM16_IRQHandler,"ax",%progbits
 502              		.align	1
 503              		.global	TIM16_IRQHandler
 504              		.syntax unified
 505              		.code	16
 506              		.thumb_func
 508              	TIM16_IRQHandler:
 509              	.LFB351:
 224:Core/Src/main.c **** 
 225:Core/Src/main.c **** /*
 226:Core/Src/main.c **** 
 227:Core/Src/main.c **** @brief TIM16 interrupt handler - sets flag only
 228:Core/Src/main.c **** */
 229:Core/Src/main.c **** void TIM16_IRQHandler(void)
 230:Core/Src/main.c **** {
 510              		.loc 1 230 1 is_stmt 1 view -0
 511              		.cfi_startproc
 512              		@ args = 0, pretend = 0, frame = 0
 513              		@ frame_needed = 0, uses_anonymous_args = 0
 514 0000 10B5     		push	{r4, lr}
 515              	.LCFI5:
 516              		.cfi_def_cfa_offset 8
 517              		.cfi_offset 4, -8
 518              		.cfi_offset 14, -4
 231:Core/Src/main.c **** 	HAL_TIM_IRQHandler(&htim16);
 519              		.loc 1 231 2 view .LVU122
 520 0002 0348     		ldr	r0, .L32
 521 0004 FFF7FEFF 		bl	HAL_TIM_IRQHandler
 522              	.LVL27:
 232:Core/Src/main.c **** 	timer_event = 1;
 523              		.loc 1 232 2 view .LVU123
 524              		.loc 1 232 14 is_stmt 0 view .LVU124
 525 0008 024B     		ldr	r3, .L32+4
 526 000a 0122     		movs	r2, #1
 527 000c 1A70     		strb	r2, [r3]
 233:Core/Src/main.c **** }
 528              		.loc 1 233 1 view .LVU125
 529              		@ sp needed
 530 000e 10BD     		pop	{r4, pc}
 531              	.L33:
 532              		.align	2
 533              	.L32:
 534 0010 00000000 		.word	htim16
 535 0014 00000000 		.word	timer_event
 536              		.cfi_endproc
 537              	.LFE351:
 539              		.section	.text.Error_Handler,"ax",%progbits
 540              		.align	1
 541              		.global	Error_Handler
 542              		.syntax unified
 543              		.code	16
 544              		.thumb_func
 546              	Error_Handler:
 547              	.LFB352:
 234:Core/Src/main.c **** 
 235:Core/Src/main.c **** /*
 236:Core/Src/main.c **** 
ARM GAS  C:\Users\three\AppData\Local\Temp\cc3mDhxh.s 			page 16


 237:Core/Src/main.c **** @brief Error handler
 238:Core/Src/main.c **** */
 239:Core/Src/main.c **** void Error_Handler(void)
 240:Core/Src/main.c **** {
 548              		.loc 1 240 1 is_stmt 1 view -0
 549              		.cfi_startproc
 550              		@ Volatile: function does not return.
 551              		@ args = 0, pretend = 0, frame = 0
 552              		@ frame_needed = 0, uses_anonymous_args = 0
 553              		@ link register save eliminated.
 241:Core/Src/main.c **** __disable_irq();
 554              		.loc 1 241 1 view .LVU127
 555              	.LBB28:
 556              	.LBI28:
 557              		.file 2 "Drivers/CMSIS/Include/cmsis_gcc.h"
   1:Drivers/CMSIS/Include/cmsis_gcc.h **** /**************************************************************************//**
   2:Drivers/CMSIS/Include/cmsis_gcc.h ****  * @file     cmsis_gcc.h
   3:Drivers/CMSIS/Include/cmsis_gcc.h ****  * @brief    CMSIS compiler GCC header file
   4:Drivers/CMSIS/Include/cmsis_gcc.h ****  * @version  V5.0.4
   5:Drivers/CMSIS/Include/cmsis_gcc.h ****  * @date     09. April 2018
   6:Drivers/CMSIS/Include/cmsis_gcc.h ****  ******************************************************************************/
   7:Drivers/CMSIS/Include/cmsis_gcc.h **** /*
   8:Drivers/CMSIS/Include/cmsis_gcc.h ****  * Copyright (c) 2009-2018 Arm Limited. All rights reserved.
   9:Drivers/CMSIS/Include/cmsis_gcc.h ****  *
  10:Drivers/CMSIS/Include/cmsis_gcc.h ****  * SPDX-License-Identifier: Apache-2.0
  11:Drivers/CMSIS/Include/cmsis_gcc.h ****  *
  12:Drivers/CMSIS/Include/cmsis_gcc.h ****  * Licensed under the Apache License, Version 2.0 (the License); you may
  13:Drivers/CMSIS/Include/cmsis_gcc.h ****  * not use this file except in compliance with the License.
  14:Drivers/CMSIS/Include/cmsis_gcc.h ****  * You may obtain a copy of the License at
  15:Drivers/CMSIS/Include/cmsis_gcc.h ****  *
  16:Drivers/CMSIS/Include/cmsis_gcc.h ****  * www.apache.org/licenses/LICENSE-2.0
  17:Drivers/CMSIS/Include/cmsis_gcc.h ****  *
  18:Drivers/CMSIS/Include/cmsis_gcc.h ****  * Unless required by applicable law or agreed to in writing, software
  19:Drivers/CMSIS/Include/cmsis_gcc.h ****  * distributed under the License is distributed on an AS IS BASIS, WITHOUT
  20:Drivers/CMSIS/Include/cmsis_gcc.h ****  * WARRANTIES OR CONDITIONS OF ANY KIND, either express or implied.
  21:Drivers/CMSIS/Include/cmsis_gcc.h ****  * See the License for the specific language governing permissions and
  22:Drivers/CMSIS/Include/cmsis_gcc.h ****  * limitations under the License.
  23:Drivers/CMSIS/Include/cmsis_gcc.h ****  */
  24:Drivers/CMSIS/Include/cmsis_gcc.h **** 
  25:Drivers/CMSIS/Include/cmsis_gcc.h **** #ifndef __CMSIS_GCC_H
  26:Drivers/CMSIS/Include/cmsis_gcc.h **** #define __CMSIS_GCC_H
  27:Drivers/CMSIS/Include/cmsis_gcc.h **** 
  28:Drivers/CMSIS/Include/cmsis_gcc.h **** /* ignore some GCC warnings */
  29:Drivers/CMSIS/Include/cmsis_gcc.h **** #pragma GCC diagnostic push
  30:Drivers/CMSIS/Include/cmsis_gcc.h **** #pragma GCC diagnostic ignored "-Wsign-conversion"
  31:Drivers/CMSIS/Include/cmsis_gcc.h **** #pragma GCC diagnostic ignored "-Wconversion"
  32:Drivers/CMSIS/Include/cmsis_gcc.h **** #pragma GCC diagnostic ignored "-Wunused-parameter"
  33:Drivers/CMSIS/Include/cmsis_gcc.h **** 
  34:Drivers/CMSIS/Include/cmsis_gcc.h **** /* Fallback for __has_builtin */
  35:Drivers/CMSIS/Include/cmsis_gcc.h **** #ifndef __has_builtin
  36:Drivers/CMSIS/Include/cmsis_gcc.h ****   #define __has_builtin(x) (0)
  37:Drivers/CMSIS/Include/cmsis_gcc.h **** #endif
  38:Drivers/CMSIS/Include/cmsis_gcc.h **** 
  39:Drivers/CMSIS/Include/cmsis_gcc.h **** /* CMSIS compiler specific defines */
  40:Drivers/CMSIS/Include/cmsis_gcc.h **** #ifndef   __ASM
  41:Drivers/CMSIS/Include/cmsis_gcc.h ****   #define __ASM                                  __asm
  42:Drivers/CMSIS/Include/cmsis_gcc.h **** #endif
ARM GAS  C:\Users\three\AppData\Local\Temp\cc3mDhxh.s 			page 17


  43:Drivers/CMSIS/Include/cmsis_gcc.h **** #ifndef   __INLINE
  44:Drivers/CMSIS/Include/cmsis_gcc.h ****   #define __INLINE                               inline
  45:Drivers/CMSIS/Include/cmsis_gcc.h **** #endif
  46:Drivers/CMSIS/Include/cmsis_gcc.h **** #ifndef   __STATIC_INLINE
  47:Drivers/CMSIS/Include/cmsis_gcc.h ****   #define __STATIC_INLINE                        static inline
  48:Drivers/CMSIS/Include/cmsis_gcc.h **** #endif
  49:Drivers/CMSIS/Include/cmsis_gcc.h **** #ifndef   __STATIC_FORCEINLINE                 
  50:Drivers/CMSIS/Include/cmsis_gcc.h ****   #define __STATIC_FORCEINLINE                   __attribute__((always_inline)) static inline
  51:Drivers/CMSIS/Include/cmsis_gcc.h **** #endif                                           
  52:Drivers/CMSIS/Include/cmsis_gcc.h **** #ifndef   __NO_RETURN
  53:Drivers/CMSIS/Include/cmsis_gcc.h ****   #define __NO_RETURN                            __attribute__((__noreturn__))
  54:Drivers/CMSIS/Include/cmsis_gcc.h **** #endif
  55:Drivers/CMSIS/Include/cmsis_gcc.h **** #ifndef   __USED
  56:Drivers/CMSIS/Include/cmsis_gcc.h ****   #define __USED                                 __attribute__((used))
  57:Drivers/CMSIS/Include/cmsis_gcc.h **** #endif
  58:Drivers/CMSIS/Include/cmsis_gcc.h **** #ifndef   __WEAK
  59:Drivers/CMSIS/Include/cmsis_gcc.h ****   #define __WEAK                                 __attribute__((weak))
  60:Drivers/CMSIS/Include/cmsis_gcc.h **** #endif
  61:Drivers/CMSIS/Include/cmsis_gcc.h **** #ifndef   __PACKED
  62:Drivers/CMSIS/Include/cmsis_gcc.h ****   #define __PACKED                               __attribute__((packed, aligned(1)))
  63:Drivers/CMSIS/Include/cmsis_gcc.h **** #endif
  64:Drivers/CMSIS/Include/cmsis_gcc.h **** #ifndef   __PACKED_STRUCT
  65:Drivers/CMSIS/Include/cmsis_gcc.h ****   #define __PACKED_STRUCT                        struct __attribute__((packed, aligned(1)))
  66:Drivers/CMSIS/Include/cmsis_gcc.h **** #endif
  67:Drivers/CMSIS/Include/cmsis_gcc.h **** #ifndef   __PACKED_UNION
  68:Drivers/CMSIS/Include/cmsis_gcc.h ****   #define __PACKED_UNION                         union __attribute__((packed, aligned(1)))
  69:Drivers/CMSIS/Include/cmsis_gcc.h **** #endif
  70:Drivers/CMSIS/Include/cmsis_gcc.h **** #ifndef   __UNALIGNED_UINT32        /* deprecated */
  71:Drivers/CMSIS/Include/cmsis_gcc.h ****   #pragma GCC diagnostic push
  72:Drivers/CMSIS/Include/cmsis_gcc.h ****   #pragma GCC diagnostic ignored "-Wpacked"
  73:Drivers/CMSIS/Include/cmsis_gcc.h ****   #pragma GCC diagnostic ignored "-Wattributes"
  74:Drivers/CMSIS/Include/cmsis_gcc.h ****   struct __attribute__((packed)) T_UINT32 { uint32_t v; };
  75:Drivers/CMSIS/Include/cmsis_gcc.h ****   #pragma GCC diagnostic pop
  76:Drivers/CMSIS/Include/cmsis_gcc.h ****   #define __UNALIGNED_UINT32(x)                  (((struct T_UINT32 *)(x))->v)
  77:Drivers/CMSIS/Include/cmsis_gcc.h **** #endif
  78:Drivers/CMSIS/Include/cmsis_gcc.h **** #ifndef   __UNALIGNED_UINT16_WRITE
  79:Drivers/CMSIS/Include/cmsis_gcc.h ****   #pragma GCC diagnostic push
  80:Drivers/CMSIS/Include/cmsis_gcc.h ****   #pragma GCC diagnostic ignored "-Wpacked"
  81:Drivers/CMSIS/Include/cmsis_gcc.h ****   #pragma GCC diagnostic ignored "-Wattributes"
  82:Drivers/CMSIS/Include/cmsis_gcc.h ****   __PACKED_STRUCT T_UINT16_WRITE { uint16_t v; };
  83:Drivers/CMSIS/Include/cmsis_gcc.h ****   #pragma GCC diagnostic pop
  84:Drivers/CMSIS/Include/cmsis_gcc.h ****   #define __UNALIGNED_UINT16_WRITE(addr, val)    (void)((((struct T_UINT16_WRITE *)(void *)(addr))-
  85:Drivers/CMSIS/Include/cmsis_gcc.h **** #endif
  86:Drivers/CMSIS/Include/cmsis_gcc.h **** #ifndef   __UNALIGNED_UINT16_READ
  87:Drivers/CMSIS/Include/cmsis_gcc.h ****   #pragma GCC diagnostic push
  88:Drivers/CMSIS/Include/cmsis_gcc.h ****   #pragma GCC diagnostic ignored "-Wpacked"
  89:Drivers/CMSIS/Include/cmsis_gcc.h ****   #pragma GCC diagnostic ignored "-Wattributes"
  90:Drivers/CMSIS/Include/cmsis_gcc.h ****   __PACKED_STRUCT T_UINT16_READ { uint16_t v; };
  91:Drivers/CMSIS/Include/cmsis_gcc.h ****   #pragma GCC diagnostic pop
  92:Drivers/CMSIS/Include/cmsis_gcc.h ****   #define __UNALIGNED_UINT16_READ(addr)          (((const struct T_UINT16_READ *)(const void *)(add
  93:Drivers/CMSIS/Include/cmsis_gcc.h **** #endif
  94:Drivers/CMSIS/Include/cmsis_gcc.h **** #ifndef   __UNALIGNED_UINT32_WRITE
  95:Drivers/CMSIS/Include/cmsis_gcc.h ****   #pragma GCC diagnostic push
  96:Drivers/CMSIS/Include/cmsis_gcc.h ****   #pragma GCC diagnostic ignored "-Wpacked"
  97:Drivers/CMSIS/Include/cmsis_gcc.h ****   #pragma GCC diagnostic ignored "-Wattributes"
  98:Drivers/CMSIS/Include/cmsis_gcc.h ****   __PACKED_STRUCT T_UINT32_WRITE { uint32_t v; };
  99:Drivers/CMSIS/Include/cmsis_gcc.h ****   #pragma GCC diagnostic pop
ARM GAS  C:\Users\three\AppData\Local\Temp\cc3mDhxh.s 			page 18


 100:Drivers/CMSIS/Include/cmsis_gcc.h ****   #define __UNALIGNED_UINT32_WRITE(addr, val)    (void)((((struct T_UINT32_WRITE *)(void *)(addr))-
 101:Drivers/CMSIS/Include/cmsis_gcc.h **** #endif
 102:Drivers/CMSIS/Include/cmsis_gcc.h **** #ifndef   __UNALIGNED_UINT32_READ
 103:Drivers/CMSIS/Include/cmsis_gcc.h ****   #pragma GCC diagnostic push
 104:Drivers/CMSIS/Include/cmsis_gcc.h ****   #pragma GCC diagnostic ignored "-Wpacked"
 105:Drivers/CMSIS/Include/cmsis_gcc.h ****   #pragma GCC diagnostic ignored "-Wattributes"
 106:Drivers/CMSIS/Include/cmsis_gcc.h ****   __PACKED_STRUCT T_UINT32_READ { uint32_t v; };
 107:Drivers/CMSIS/Include/cmsis_gcc.h ****   #pragma GCC diagnostic pop
 108:Drivers/CMSIS/Include/cmsis_gcc.h ****   #define __UNALIGNED_UINT32_READ(addr)          (((const struct T_UINT32_READ *)(const void *)(add
 109:Drivers/CMSIS/Include/cmsis_gcc.h **** #endif
 110:Drivers/CMSIS/Include/cmsis_gcc.h **** #ifndef   __ALIGNED
 111:Drivers/CMSIS/Include/cmsis_gcc.h ****   #define __ALIGNED(x)                           __attribute__((aligned(x)))
 112:Drivers/CMSIS/Include/cmsis_gcc.h **** #endif
 113:Drivers/CMSIS/Include/cmsis_gcc.h **** #ifndef   __RESTRICT
 114:Drivers/CMSIS/Include/cmsis_gcc.h ****   #define __RESTRICT                             __restrict
 115:Drivers/CMSIS/Include/cmsis_gcc.h **** #endif
 116:Drivers/CMSIS/Include/cmsis_gcc.h **** 
 117:Drivers/CMSIS/Include/cmsis_gcc.h **** 
 118:Drivers/CMSIS/Include/cmsis_gcc.h **** /* ###########################  Core Function Access  ########################### */
 119:Drivers/CMSIS/Include/cmsis_gcc.h **** /** \ingroup  CMSIS_Core_FunctionInterface
 120:Drivers/CMSIS/Include/cmsis_gcc.h ****     \defgroup CMSIS_Core_RegAccFunctions CMSIS Core Register Access Functions
 121:Drivers/CMSIS/Include/cmsis_gcc.h ****   @{
 122:Drivers/CMSIS/Include/cmsis_gcc.h ****  */
 123:Drivers/CMSIS/Include/cmsis_gcc.h **** 
 124:Drivers/CMSIS/Include/cmsis_gcc.h **** /**
 125:Drivers/CMSIS/Include/cmsis_gcc.h ****   \brief   Enable IRQ Interrupts
 126:Drivers/CMSIS/Include/cmsis_gcc.h ****   \details Enables IRQ interrupts by clearing the I-bit in the CPSR.
 127:Drivers/CMSIS/Include/cmsis_gcc.h ****            Can only be executed in Privileged modes.
 128:Drivers/CMSIS/Include/cmsis_gcc.h ****  */
 129:Drivers/CMSIS/Include/cmsis_gcc.h **** __STATIC_FORCEINLINE void __enable_irq(void)
 130:Drivers/CMSIS/Include/cmsis_gcc.h **** {
 131:Drivers/CMSIS/Include/cmsis_gcc.h ****   __ASM volatile ("cpsie i" : : : "memory");
 132:Drivers/CMSIS/Include/cmsis_gcc.h **** }
 133:Drivers/CMSIS/Include/cmsis_gcc.h **** 
 134:Drivers/CMSIS/Include/cmsis_gcc.h **** 
 135:Drivers/CMSIS/Include/cmsis_gcc.h **** /**
 136:Drivers/CMSIS/Include/cmsis_gcc.h ****   \brief   Disable IRQ Interrupts
 137:Drivers/CMSIS/Include/cmsis_gcc.h ****   \details Disables IRQ interrupts by setting the I-bit in the CPSR.
 138:Drivers/CMSIS/Include/cmsis_gcc.h ****            Can only be executed in Privileged modes.
 139:Drivers/CMSIS/Include/cmsis_gcc.h ****  */
 140:Drivers/CMSIS/Include/cmsis_gcc.h **** __STATIC_FORCEINLINE void __disable_irq(void)
 558              		.loc 2 140 27 view .LVU128
 559              	.LBB29:
 141:Drivers/CMSIS/Include/cmsis_gcc.h **** {
 142:Drivers/CMSIS/Include/cmsis_gcc.h ****   __ASM volatile ("cpsid i" : : : "memory");
 560              		.loc 2 142 3 view .LVU129
 561              		.syntax divided
 562              	@ 142 "Drivers/CMSIS/Include/cmsis_gcc.h" 1
 563 0000 72B6     		cpsid i
 564              	@ 0 "" 2
 565              		.thumb
 566              		.syntax unified
 567              	.L35:
 568              	.LBE29:
 569              	.LBE28:
 242:Core/Src/main.c **** while (1) {}
 570              		.loc 1 242 1 view .LVU130
ARM GAS  C:\Users\three\AppData\Local\Temp\cc3mDhxh.s 			page 19


 571              		.loc 1 242 12 view .LVU131
 572              		.loc 1 242 7 view .LVU132
 573 0002 FEE7     		b	.L35
 574              		.cfi_endproc
 575              	.LFE352:
 577              		.section	.text.MX_TIM16_Init,"ax",%progbits
 578              		.align	1
 579              		.syntax unified
 580              		.code	16
 581              		.thumb_func
 583              	MX_TIM16_Init:
 584              	.LFB349:
 181:Core/Src/main.c **** 	htim16.Instance = TIM16;
 585              		.loc 1 181 1 view -0
 586              		.cfi_startproc
 587              		@ args = 0, pretend = 0, frame = 0
 588              		@ frame_needed = 0, uses_anonymous_args = 0
 589 0000 10B5     		push	{r4, lr}
 590              	.LCFI6:
 591              		.cfi_def_cfa_offset 8
 592              		.cfi_offset 4, -8
 593              		.cfi_offset 14, -4
 182:Core/Src/main.c **** 	htim16.Init.Prescaler = 7999;
 594              		.loc 1 182 2 view .LVU134
 182:Core/Src/main.c **** 	htim16.Init.Prescaler = 7999;
 595              		.loc 1 182 18 is_stmt 0 view .LVU135
 596 0002 0C48     		ldr	r0, .L39
 597 0004 0C4B     		ldr	r3, .L39+4
 598 0006 0360     		str	r3, [r0]
 183:Core/Src/main.c **** 	htim16.Init.CounterMode = TIM_COUNTERMODE_UP;
 599              		.loc 1 183 2 is_stmt 1 view .LVU136
 183:Core/Src/main.c **** 	htim16.Init.CounterMode = TIM_COUNTERMODE_UP;
 600              		.loc 1 183 24 is_stmt 0 view .LVU137
 601 0008 0C4B     		ldr	r3, .L39+8
 602 000a 4360     		str	r3, [r0, #4]
 184:Core/Src/main.c **** 	htim16.Init.Period = 999;
 603              		.loc 1 184 2 is_stmt 1 view .LVU138
 184:Core/Src/main.c **** 	htim16.Init.Period = 999;
 604              		.loc 1 184 26 is_stmt 0 view .LVU139
 605 000c 0023     		movs	r3, #0
 606 000e 8360     		str	r3, [r0, #8]
 185:Core/Src/main.c **** 	htim16.Init.ClockDivision = TIM_CLOCKDIVISION_DIV1;
 607              		.loc 1 185 2 is_stmt 1 view .LVU140
 185:Core/Src/main.c **** 	htim16.Init.ClockDivision = TIM_CLOCKDIVISION_DIV1;
 608              		.loc 1 185 21 is_stmt 0 view .LVU141
 609 0010 0B4A     		ldr	r2, .L39+12
 610 0012 C260     		str	r2, [r0, #12]
 186:Core/Src/main.c **** 	htim16.Init.RepetitionCounter = 0;
 611              		.loc 1 186 2 is_stmt 1 view .LVU142
 186:Core/Src/main.c **** 	htim16.Init.RepetitionCounter = 0;
 612              		.loc 1 186 28 is_stmt 0 view .LVU143
 613 0014 0361     		str	r3, [r0, #16]
 187:Core/Src/main.c **** 	htim16.Init.AutoReloadPreload = TIM_AUTORELOAD_PRELOAD_ENABLE;
 614              		.loc 1 187 2 is_stmt 1 view .LVU144
 187:Core/Src/main.c **** 	htim16.Init.AutoReloadPreload = TIM_AUTORELOAD_PRELOAD_ENABLE;
 615              		.loc 1 187 32 is_stmt 0 view .LVU145
 616 0016 4361     		str	r3, [r0, #20]
ARM GAS  C:\Users\three\AppData\Local\Temp\cc3mDhxh.s 			page 20


 188:Core/Src/main.c **** 
 617              		.loc 1 188 2 is_stmt 1 view .LVU146
 188:Core/Src/main.c **** 
 618              		.loc 1 188 32 is_stmt 0 view .LVU147
 619 0018 8033     		adds	r3, r3, #128
 620 001a 8361     		str	r3, [r0, #24]
 190:Core/Src/main.c **** 		Error_Handler();
 621              		.loc 1 190 2 is_stmt 1 view .LVU148
 190:Core/Src/main.c **** 		Error_Handler();
 622              		.loc 1 190 6 is_stmt 0 view .LVU149
 623 001c FFF7FEFF 		bl	HAL_TIM_Base_Init
 624              	.LVL28:
 190:Core/Src/main.c **** 		Error_Handler();
 625              		.loc 1 190 5 discriminator 1 view .LVU150
 626 0020 0028     		cmp	r0, #0
 627 0022 04D1     		bne	.L38
 194:Core/Src/main.c **** }
 628              		.loc 1 194 2 is_stmt 1 view .LVU151
 629              	.LVL29:
 630              	.LBB30:
 631              	.LBI30:
 632              		.file 3 "Drivers/CMSIS/Include/core_cm0.h"
   1:Drivers/CMSIS/Include/core_cm0.h **** /**************************************************************************//**
   2:Drivers/CMSIS/Include/core_cm0.h ****  * @file     core_cm0.h
   3:Drivers/CMSIS/Include/core_cm0.h ****  * @brief    CMSIS Cortex-M0 Core Peripheral Access Layer Header File
   4:Drivers/CMSIS/Include/core_cm0.h ****  * @version  V5.0.5
   5:Drivers/CMSIS/Include/core_cm0.h ****  * @date     28. May 2018
   6:Drivers/CMSIS/Include/core_cm0.h ****  ******************************************************************************/
   7:Drivers/CMSIS/Include/core_cm0.h **** /*
   8:Drivers/CMSIS/Include/core_cm0.h ****  * Copyright (c) 2009-2018 Arm Limited. All rights reserved.
   9:Drivers/CMSIS/Include/core_cm0.h ****  *
  10:Drivers/CMSIS/Include/core_cm0.h ****  * SPDX-License-Identifier: Apache-2.0
  11:Drivers/CMSIS/Include/core_cm0.h ****  *
  12:Drivers/CMSIS/Include/core_cm0.h ****  * Licensed under the Apache License, Version 2.0 (the License); you may
  13:Drivers/CMSIS/Include/core_cm0.h ****  * not use this file except in compliance with the License.
  14:Drivers/CMSIS/Include/core_cm0.h ****  * You may obtain a copy of the License at
  15:Drivers/CMSIS/Include/core_cm0.h ****  *
  16:Drivers/CMSIS/Include/core_cm0.h ****  * www.apache.org/licenses/LICENSE-2.0
  17:Drivers/CMSIS/Include/core_cm0.h ****  *
  18:Drivers/CMSIS/Include/core_cm0.h ****  * Unless required by applicable law or agreed to in writing, software
  19:Drivers/CMSIS/Include/core_cm0.h ****  * distributed under the License is distributed on an AS IS BASIS, WITHOUT
  20:Drivers/CMSIS/Include/core_cm0.h ****  * WARRANTIES OR CONDITIONS OF ANY KIND, either express or implied.
  21:Drivers/CMSIS/Include/core_cm0.h ****  * See the License for the specific language governing permissions and
  22:Drivers/CMSIS/Include/core_cm0.h ****  * limitations under the License.
  23:Drivers/CMSIS/Include/core_cm0.h ****  */
  24:Drivers/CMSIS/Include/core_cm0.h **** 
  25:Drivers/CMSIS/Include/core_cm0.h **** #if   defined ( __ICCARM__ )
  26:Drivers/CMSIS/Include/core_cm0.h ****   #pragma system_include         /* treat file as system include file for MISRA check */
  27:Drivers/CMSIS/Include/core_cm0.h **** #elif defined (__clang__)
  28:Drivers/CMSIS/Include/core_cm0.h ****   #pragma clang system_header   /* treat file as system include file */
  29:Drivers/CMSIS/Include/core_cm0.h **** #endif
  30:Drivers/CMSIS/Include/core_cm0.h **** 
  31:Drivers/CMSIS/Include/core_cm0.h **** #ifndef __CORE_CM0_H_GENERIC
  32:Drivers/CMSIS/Include/core_cm0.h **** #define __CORE_CM0_H_GENERIC
  33:Drivers/CMSIS/Include/core_cm0.h **** 
  34:Drivers/CMSIS/Include/core_cm0.h **** #include <stdint.h>
  35:Drivers/CMSIS/Include/core_cm0.h **** 
ARM GAS  C:\Users\three\AppData\Local\Temp\cc3mDhxh.s 			page 21


  36:Drivers/CMSIS/Include/core_cm0.h **** #ifdef __cplusplus
  37:Drivers/CMSIS/Include/core_cm0.h ****  extern "C" {
  38:Drivers/CMSIS/Include/core_cm0.h **** #endif
  39:Drivers/CMSIS/Include/core_cm0.h **** 
  40:Drivers/CMSIS/Include/core_cm0.h **** /**
  41:Drivers/CMSIS/Include/core_cm0.h ****   \page CMSIS_MISRA_Exceptions  MISRA-C:2004 Compliance Exceptions
  42:Drivers/CMSIS/Include/core_cm0.h ****   CMSIS violates the following MISRA-C:2004 rules:
  43:Drivers/CMSIS/Include/core_cm0.h **** 
  44:Drivers/CMSIS/Include/core_cm0.h ****    \li Required Rule 8.5, object/function definition in header file.<br>
  45:Drivers/CMSIS/Include/core_cm0.h ****      Function definitions in header files are used to allow 'inlining'.
  46:Drivers/CMSIS/Include/core_cm0.h **** 
  47:Drivers/CMSIS/Include/core_cm0.h ****    \li Required Rule 18.4, declaration of union type or object of union type: '{...}'.<br>
  48:Drivers/CMSIS/Include/core_cm0.h ****      Unions are used for effective representation of core registers.
  49:Drivers/CMSIS/Include/core_cm0.h **** 
  50:Drivers/CMSIS/Include/core_cm0.h ****    \li Advisory Rule 19.7, Function-like macro defined.<br>
  51:Drivers/CMSIS/Include/core_cm0.h ****      Function-like macros are used to allow more efficient code.
  52:Drivers/CMSIS/Include/core_cm0.h ****  */
  53:Drivers/CMSIS/Include/core_cm0.h **** 
  54:Drivers/CMSIS/Include/core_cm0.h **** 
  55:Drivers/CMSIS/Include/core_cm0.h **** /*******************************************************************************
  56:Drivers/CMSIS/Include/core_cm0.h ****  *                 CMSIS definitions
  57:Drivers/CMSIS/Include/core_cm0.h ****  ******************************************************************************/
  58:Drivers/CMSIS/Include/core_cm0.h **** /**
  59:Drivers/CMSIS/Include/core_cm0.h ****   \ingroup Cortex_M0
  60:Drivers/CMSIS/Include/core_cm0.h ****   @{
  61:Drivers/CMSIS/Include/core_cm0.h ****  */
  62:Drivers/CMSIS/Include/core_cm0.h **** 
  63:Drivers/CMSIS/Include/core_cm0.h **** #include "cmsis_version.h"
  64:Drivers/CMSIS/Include/core_cm0.h ****  
  65:Drivers/CMSIS/Include/core_cm0.h **** /*  CMSIS CM0 definitions */
  66:Drivers/CMSIS/Include/core_cm0.h **** #define __CM0_CMSIS_VERSION_MAIN  (__CM_CMSIS_VERSION_MAIN)              /*!< \deprecated [31:16] C
  67:Drivers/CMSIS/Include/core_cm0.h **** #define __CM0_CMSIS_VERSION_SUB   (__CM_CMSIS_VERSION_SUB)               /*!< \deprecated [15:0]  C
  68:Drivers/CMSIS/Include/core_cm0.h **** #define __CM0_CMSIS_VERSION       ((__CM0_CMSIS_VERSION_MAIN << 16U) | \
  69:Drivers/CMSIS/Include/core_cm0.h ****                                     __CM0_CMSIS_VERSION_SUB           )  /*!< \deprecated CMSIS HAL
  70:Drivers/CMSIS/Include/core_cm0.h **** 
  71:Drivers/CMSIS/Include/core_cm0.h **** #define __CORTEX_M                (0U)                                   /*!< Cortex-M Core */
  72:Drivers/CMSIS/Include/core_cm0.h **** 
  73:Drivers/CMSIS/Include/core_cm0.h **** /** __FPU_USED indicates whether an FPU is used or not.
  74:Drivers/CMSIS/Include/core_cm0.h ****     This core does not support an FPU at all
  75:Drivers/CMSIS/Include/core_cm0.h **** */
  76:Drivers/CMSIS/Include/core_cm0.h **** #define __FPU_USED       0U
  77:Drivers/CMSIS/Include/core_cm0.h **** 
  78:Drivers/CMSIS/Include/core_cm0.h **** #if defined ( __CC_ARM )
  79:Drivers/CMSIS/Include/core_cm0.h ****   #if defined __TARGET_FPU_VFP
  80:Drivers/CMSIS/Include/core_cm0.h ****     #error "Compiler generates FPU instructions for a device without an FPU (check __FPU_PRESENT)"
  81:Drivers/CMSIS/Include/core_cm0.h ****   #endif
  82:Drivers/CMSIS/Include/core_cm0.h **** 
  83:Drivers/CMSIS/Include/core_cm0.h **** #elif defined (__ARMCC_VERSION) && (__ARMCC_VERSION >= 6010050)
  84:Drivers/CMSIS/Include/core_cm0.h ****   #if defined __ARM_PCS_VFP
  85:Drivers/CMSIS/Include/core_cm0.h ****     #error "Compiler generates FPU instructions for a device without an FPU (check __FPU_PRESENT)"
  86:Drivers/CMSIS/Include/core_cm0.h ****   #endif
  87:Drivers/CMSIS/Include/core_cm0.h **** 
  88:Drivers/CMSIS/Include/core_cm0.h **** #elif defined ( __GNUC__ )
  89:Drivers/CMSIS/Include/core_cm0.h ****   #if defined (__VFP_FP__) && !defined(__SOFTFP__)
  90:Drivers/CMSIS/Include/core_cm0.h ****     #error "Compiler generates FPU instructions for a device without an FPU (check __FPU_PRESENT)"
  91:Drivers/CMSIS/Include/core_cm0.h ****   #endif
  92:Drivers/CMSIS/Include/core_cm0.h **** 
ARM GAS  C:\Users\three\AppData\Local\Temp\cc3mDhxh.s 			page 22


  93:Drivers/CMSIS/Include/core_cm0.h **** #elif defined ( __ICCARM__ )
  94:Drivers/CMSIS/Include/core_cm0.h ****   #if defined __ARMVFP__
  95:Drivers/CMSIS/Include/core_cm0.h ****     #error "Compiler generates FPU instructions for a device without an FPU (check __FPU_PRESENT)"
  96:Drivers/CMSIS/Include/core_cm0.h ****   #endif
  97:Drivers/CMSIS/Include/core_cm0.h **** 
  98:Drivers/CMSIS/Include/core_cm0.h **** #elif defined ( __TI_ARM__ )
  99:Drivers/CMSIS/Include/core_cm0.h ****   #if defined __TI_VFP_SUPPORT__
 100:Drivers/CMSIS/Include/core_cm0.h ****     #error "Compiler generates FPU instructions for a device without an FPU (check __FPU_PRESENT)"
 101:Drivers/CMSIS/Include/core_cm0.h ****   #endif
 102:Drivers/CMSIS/Include/core_cm0.h **** 
 103:Drivers/CMSIS/Include/core_cm0.h **** #elif defined ( __TASKING__ )
 104:Drivers/CMSIS/Include/core_cm0.h ****   #if defined __FPU_VFP__
 105:Drivers/CMSIS/Include/core_cm0.h ****     #error "Compiler generates FPU instructions for a device without an FPU (check __FPU_PRESENT)"
 106:Drivers/CMSIS/Include/core_cm0.h ****   #endif
 107:Drivers/CMSIS/Include/core_cm0.h **** 
 108:Drivers/CMSIS/Include/core_cm0.h **** #elif defined ( __CSMC__ )
 109:Drivers/CMSIS/Include/core_cm0.h ****   #if ( __CSMC__ & 0x400U)
 110:Drivers/CMSIS/Include/core_cm0.h ****     #error "Compiler generates FPU instructions for a device without an FPU (check __FPU_PRESENT)"
 111:Drivers/CMSIS/Include/core_cm0.h ****   #endif
 112:Drivers/CMSIS/Include/core_cm0.h **** 
 113:Drivers/CMSIS/Include/core_cm0.h **** #endif
 114:Drivers/CMSIS/Include/core_cm0.h **** 
 115:Drivers/CMSIS/Include/core_cm0.h **** #include "cmsis_compiler.h"               /* CMSIS compiler specific defines */
 116:Drivers/CMSIS/Include/core_cm0.h **** 
 117:Drivers/CMSIS/Include/core_cm0.h **** 
 118:Drivers/CMSIS/Include/core_cm0.h **** #ifdef __cplusplus
 119:Drivers/CMSIS/Include/core_cm0.h **** }
 120:Drivers/CMSIS/Include/core_cm0.h **** #endif
 121:Drivers/CMSIS/Include/core_cm0.h **** 
 122:Drivers/CMSIS/Include/core_cm0.h **** #endif /* __CORE_CM0_H_GENERIC */
 123:Drivers/CMSIS/Include/core_cm0.h **** 
 124:Drivers/CMSIS/Include/core_cm0.h **** #ifndef __CMSIS_GENERIC
 125:Drivers/CMSIS/Include/core_cm0.h **** 
 126:Drivers/CMSIS/Include/core_cm0.h **** #ifndef __CORE_CM0_H_DEPENDANT
 127:Drivers/CMSIS/Include/core_cm0.h **** #define __CORE_CM0_H_DEPENDANT
 128:Drivers/CMSIS/Include/core_cm0.h **** 
 129:Drivers/CMSIS/Include/core_cm0.h **** #ifdef __cplusplus
 130:Drivers/CMSIS/Include/core_cm0.h ****  extern "C" {
 131:Drivers/CMSIS/Include/core_cm0.h **** #endif
 132:Drivers/CMSIS/Include/core_cm0.h **** 
 133:Drivers/CMSIS/Include/core_cm0.h **** /* check device defines and use defaults */
 134:Drivers/CMSIS/Include/core_cm0.h **** #if defined __CHECK_DEVICE_DEFINES
 135:Drivers/CMSIS/Include/core_cm0.h ****   #ifndef __CM0_REV
 136:Drivers/CMSIS/Include/core_cm0.h ****     #define __CM0_REV               0x0000U
 137:Drivers/CMSIS/Include/core_cm0.h ****     #warning "__CM0_REV not defined in device header file; using default!"
 138:Drivers/CMSIS/Include/core_cm0.h ****   #endif
 139:Drivers/CMSIS/Include/core_cm0.h **** 
 140:Drivers/CMSIS/Include/core_cm0.h ****   #ifndef __NVIC_PRIO_BITS
 141:Drivers/CMSIS/Include/core_cm0.h ****     #define __NVIC_PRIO_BITS          2U
 142:Drivers/CMSIS/Include/core_cm0.h ****     #warning "__NVIC_PRIO_BITS not defined in device header file; using default!"
 143:Drivers/CMSIS/Include/core_cm0.h ****   #endif
 144:Drivers/CMSIS/Include/core_cm0.h **** 
 145:Drivers/CMSIS/Include/core_cm0.h ****   #ifndef __Vendor_SysTickConfig
 146:Drivers/CMSIS/Include/core_cm0.h ****     #define __Vendor_SysTickConfig    0U
 147:Drivers/CMSIS/Include/core_cm0.h ****     #warning "__Vendor_SysTickConfig not defined in device header file; using default!"
 148:Drivers/CMSIS/Include/core_cm0.h ****   #endif
 149:Drivers/CMSIS/Include/core_cm0.h **** #endif
ARM GAS  C:\Users\three\AppData\Local\Temp\cc3mDhxh.s 			page 23


 150:Drivers/CMSIS/Include/core_cm0.h **** 
 151:Drivers/CMSIS/Include/core_cm0.h **** /* IO definitions (access restrictions to peripheral registers) */
 152:Drivers/CMSIS/Include/core_cm0.h **** /**
 153:Drivers/CMSIS/Include/core_cm0.h ****     \defgroup CMSIS_glob_defs CMSIS Global Defines
 154:Drivers/CMSIS/Include/core_cm0.h **** 
 155:Drivers/CMSIS/Include/core_cm0.h ****     <strong>IO Type Qualifiers</strong> are used
 156:Drivers/CMSIS/Include/core_cm0.h ****     \li to specify the access to peripheral variables.
 157:Drivers/CMSIS/Include/core_cm0.h ****     \li for automatic generation of peripheral register debug information.
 158:Drivers/CMSIS/Include/core_cm0.h **** */
 159:Drivers/CMSIS/Include/core_cm0.h **** #ifdef __cplusplus
 160:Drivers/CMSIS/Include/core_cm0.h ****   #define   __I     volatile             /*!< Defines 'read only' permissions */
 161:Drivers/CMSIS/Include/core_cm0.h **** #else
 162:Drivers/CMSIS/Include/core_cm0.h ****   #define   __I     volatile const       /*!< Defines 'read only' permissions */
 163:Drivers/CMSIS/Include/core_cm0.h **** #endif
 164:Drivers/CMSIS/Include/core_cm0.h **** #define     __O     volatile             /*!< Defines 'write only' permissions */
 165:Drivers/CMSIS/Include/core_cm0.h **** #define     __IO    volatile             /*!< Defines 'read / write' permissions */
 166:Drivers/CMSIS/Include/core_cm0.h **** 
 167:Drivers/CMSIS/Include/core_cm0.h **** /* following defines should be used for structure members */
 168:Drivers/CMSIS/Include/core_cm0.h **** #define     __IM     volatile const      /*! Defines 'read only' structure member permissions */
 169:Drivers/CMSIS/Include/core_cm0.h **** #define     __OM     volatile            /*! Defines 'write only' structure member permissions */
 170:Drivers/CMSIS/Include/core_cm0.h **** #define     __IOM    volatile            /*! Defines 'read / write' structure member permissions */
 171:Drivers/CMSIS/Include/core_cm0.h **** 
 172:Drivers/CMSIS/Include/core_cm0.h **** /*@} end of group Cortex_M0 */
 173:Drivers/CMSIS/Include/core_cm0.h **** 
 174:Drivers/CMSIS/Include/core_cm0.h **** 
 175:Drivers/CMSIS/Include/core_cm0.h **** 
 176:Drivers/CMSIS/Include/core_cm0.h **** /*******************************************************************************
 177:Drivers/CMSIS/Include/core_cm0.h ****  *                 Register Abstraction
 178:Drivers/CMSIS/Include/core_cm0.h ****   Core Register contain:
 179:Drivers/CMSIS/Include/core_cm0.h ****   - Core Register
 180:Drivers/CMSIS/Include/core_cm0.h ****   - Core NVIC Register
 181:Drivers/CMSIS/Include/core_cm0.h ****   - Core SCB Register
 182:Drivers/CMSIS/Include/core_cm0.h ****   - Core SysTick Register
 183:Drivers/CMSIS/Include/core_cm0.h ****  ******************************************************************************/
 184:Drivers/CMSIS/Include/core_cm0.h **** /**
 185:Drivers/CMSIS/Include/core_cm0.h ****   \defgroup CMSIS_core_register Defines and Type Definitions
 186:Drivers/CMSIS/Include/core_cm0.h ****   \brief Type definitions and defines for Cortex-M processor based devices.
 187:Drivers/CMSIS/Include/core_cm0.h **** */
 188:Drivers/CMSIS/Include/core_cm0.h **** 
 189:Drivers/CMSIS/Include/core_cm0.h **** /**
 190:Drivers/CMSIS/Include/core_cm0.h ****   \ingroup    CMSIS_core_register
 191:Drivers/CMSIS/Include/core_cm0.h ****   \defgroup   CMSIS_CORE  Status and Control Registers
 192:Drivers/CMSIS/Include/core_cm0.h ****   \brief      Core Register type definitions.
 193:Drivers/CMSIS/Include/core_cm0.h ****   @{
 194:Drivers/CMSIS/Include/core_cm0.h ****  */
 195:Drivers/CMSIS/Include/core_cm0.h **** 
 196:Drivers/CMSIS/Include/core_cm0.h **** /**
 197:Drivers/CMSIS/Include/core_cm0.h ****   \brief  Union type to access the Application Program Status Register (APSR).
 198:Drivers/CMSIS/Include/core_cm0.h ****  */
 199:Drivers/CMSIS/Include/core_cm0.h **** typedef union
 200:Drivers/CMSIS/Include/core_cm0.h **** {
 201:Drivers/CMSIS/Include/core_cm0.h ****   struct
 202:Drivers/CMSIS/Include/core_cm0.h ****   {
 203:Drivers/CMSIS/Include/core_cm0.h ****     uint32_t _reserved0:28;              /*!< bit:  0..27  Reserved */
 204:Drivers/CMSIS/Include/core_cm0.h ****     uint32_t V:1;                        /*!< bit:     28  Overflow condition code flag */
 205:Drivers/CMSIS/Include/core_cm0.h ****     uint32_t C:1;                        /*!< bit:     29  Carry condition code flag */
 206:Drivers/CMSIS/Include/core_cm0.h ****     uint32_t Z:1;                        /*!< bit:     30  Zero condition code flag */
ARM GAS  C:\Users\three\AppData\Local\Temp\cc3mDhxh.s 			page 24


 207:Drivers/CMSIS/Include/core_cm0.h ****     uint32_t N:1;                        /*!< bit:     31  Negative condition code flag */
 208:Drivers/CMSIS/Include/core_cm0.h ****   } b;                                   /*!< Structure used for bit  access */
 209:Drivers/CMSIS/Include/core_cm0.h ****   uint32_t w;                            /*!< Type      used for word access */
 210:Drivers/CMSIS/Include/core_cm0.h **** } APSR_Type;
 211:Drivers/CMSIS/Include/core_cm0.h **** 
 212:Drivers/CMSIS/Include/core_cm0.h **** /* APSR Register Definitions */
 213:Drivers/CMSIS/Include/core_cm0.h **** #define APSR_N_Pos                         31U                                            /*!< APSR
 214:Drivers/CMSIS/Include/core_cm0.h **** #define APSR_N_Msk                         (1UL << APSR_N_Pos)                            /*!< APSR
 215:Drivers/CMSIS/Include/core_cm0.h **** 
 216:Drivers/CMSIS/Include/core_cm0.h **** #define APSR_Z_Pos                         30U                                            /*!< APSR
 217:Drivers/CMSIS/Include/core_cm0.h **** #define APSR_Z_Msk                         (1UL << APSR_Z_Pos)                            /*!< APSR
 218:Drivers/CMSIS/Include/core_cm0.h **** 
 219:Drivers/CMSIS/Include/core_cm0.h **** #define APSR_C_Pos                         29U                                            /*!< APSR
 220:Drivers/CMSIS/Include/core_cm0.h **** #define APSR_C_Msk                         (1UL << APSR_C_Pos)                            /*!< APSR
 221:Drivers/CMSIS/Include/core_cm0.h **** 
 222:Drivers/CMSIS/Include/core_cm0.h **** #define APSR_V_Pos                         28U                                            /*!< APSR
 223:Drivers/CMSIS/Include/core_cm0.h **** #define APSR_V_Msk                         (1UL << APSR_V_Pos)                            /*!< APSR
 224:Drivers/CMSIS/Include/core_cm0.h **** 
 225:Drivers/CMSIS/Include/core_cm0.h **** 
 226:Drivers/CMSIS/Include/core_cm0.h **** /**
 227:Drivers/CMSIS/Include/core_cm0.h ****   \brief  Union type to access the Interrupt Program Status Register (IPSR).
 228:Drivers/CMSIS/Include/core_cm0.h ****  */
 229:Drivers/CMSIS/Include/core_cm0.h **** typedef union
 230:Drivers/CMSIS/Include/core_cm0.h **** {
 231:Drivers/CMSIS/Include/core_cm0.h ****   struct
 232:Drivers/CMSIS/Include/core_cm0.h ****   {
 233:Drivers/CMSIS/Include/core_cm0.h ****     uint32_t ISR:9;                      /*!< bit:  0.. 8  Exception number */
 234:Drivers/CMSIS/Include/core_cm0.h ****     uint32_t _reserved0:23;              /*!< bit:  9..31  Reserved */
 235:Drivers/CMSIS/Include/core_cm0.h ****   } b;                                   /*!< Structure used for bit  access */
 236:Drivers/CMSIS/Include/core_cm0.h ****   uint32_t w;                            /*!< Type      used for word access */
 237:Drivers/CMSIS/Include/core_cm0.h **** } IPSR_Type;
 238:Drivers/CMSIS/Include/core_cm0.h **** 
 239:Drivers/CMSIS/Include/core_cm0.h **** /* IPSR Register Definitions */
 240:Drivers/CMSIS/Include/core_cm0.h **** #define IPSR_ISR_Pos                        0U                                            /*!< IPSR
 241:Drivers/CMSIS/Include/core_cm0.h **** #define IPSR_ISR_Msk                       (0x1FFUL /*<< IPSR_ISR_Pos*/)                  /*!< IPSR
 242:Drivers/CMSIS/Include/core_cm0.h **** 
 243:Drivers/CMSIS/Include/core_cm0.h **** 
 244:Drivers/CMSIS/Include/core_cm0.h **** /**
 245:Drivers/CMSIS/Include/core_cm0.h ****   \brief  Union type to access the Special-Purpose Program Status Registers (xPSR).
 246:Drivers/CMSIS/Include/core_cm0.h ****  */
 247:Drivers/CMSIS/Include/core_cm0.h **** typedef union
 248:Drivers/CMSIS/Include/core_cm0.h **** {
 249:Drivers/CMSIS/Include/core_cm0.h ****   struct
 250:Drivers/CMSIS/Include/core_cm0.h ****   {
 251:Drivers/CMSIS/Include/core_cm0.h ****     uint32_t ISR:9;                      /*!< bit:  0.. 8  Exception number */
 252:Drivers/CMSIS/Include/core_cm0.h ****     uint32_t _reserved0:15;              /*!< bit:  9..23  Reserved */
 253:Drivers/CMSIS/Include/core_cm0.h ****     uint32_t T:1;                        /*!< bit:     24  Thumb bit        (read 0) */
 254:Drivers/CMSIS/Include/core_cm0.h ****     uint32_t _reserved1:3;               /*!< bit: 25..27  Reserved */
 255:Drivers/CMSIS/Include/core_cm0.h ****     uint32_t V:1;                        /*!< bit:     28  Overflow condition code flag */
 256:Drivers/CMSIS/Include/core_cm0.h ****     uint32_t C:1;                        /*!< bit:     29  Carry condition code flag */
 257:Drivers/CMSIS/Include/core_cm0.h ****     uint32_t Z:1;                        /*!< bit:     30  Zero condition code flag */
 258:Drivers/CMSIS/Include/core_cm0.h ****     uint32_t N:1;                        /*!< bit:     31  Negative condition code flag */
 259:Drivers/CMSIS/Include/core_cm0.h ****   } b;                                   /*!< Structure used for bit  access */
 260:Drivers/CMSIS/Include/core_cm0.h ****   uint32_t w;                            /*!< Type      used for word access */
 261:Drivers/CMSIS/Include/core_cm0.h **** } xPSR_Type;
 262:Drivers/CMSIS/Include/core_cm0.h **** 
 263:Drivers/CMSIS/Include/core_cm0.h **** /* xPSR Register Definitions */
ARM GAS  C:\Users\three\AppData\Local\Temp\cc3mDhxh.s 			page 25


 264:Drivers/CMSIS/Include/core_cm0.h **** #define xPSR_N_Pos                         31U                                            /*!< xPSR
 265:Drivers/CMSIS/Include/core_cm0.h **** #define xPSR_N_Msk                         (1UL << xPSR_N_Pos)                            /*!< xPSR
 266:Drivers/CMSIS/Include/core_cm0.h **** 
 267:Drivers/CMSIS/Include/core_cm0.h **** #define xPSR_Z_Pos                         30U                                            /*!< xPSR
 268:Drivers/CMSIS/Include/core_cm0.h **** #define xPSR_Z_Msk                         (1UL << xPSR_Z_Pos)                            /*!< xPSR
 269:Drivers/CMSIS/Include/core_cm0.h **** 
 270:Drivers/CMSIS/Include/core_cm0.h **** #define xPSR_C_Pos                         29U                                            /*!< xPSR
 271:Drivers/CMSIS/Include/core_cm0.h **** #define xPSR_C_Msk                         (1UL << xPSR_C_Pos)                            /*!< xPSR
 272:Drivers/CMSIS/Include/core_cm0.h **** 
 273:Drivers/CMSIS/Include/core_cm0.h **** #define xPSR_V_Pos                         28U                                            /*!< xPSR
 274:Drivers/CMSIS/Include/core_cm0.h **** #define xPSR_V_Msk                         (1UL << xPSR_V_Pos)                            /*!< xPSR
 275:Drivers/CMSIS/Include/core_cm0.h **** 
 276:Drivers/CMSIS/Include/core_cm0.h **** #define xPSR_T_Pos                         24U                                            /*!< xPSR
 277:Drivers/CMSIS/Include/core_cm0.h **** #define xPSR_T_Msk                         (1UL << xPSR_T_Pos)                            /*!< xPSR
 278:Drivers/CMSIS/Include/core_cm0.h **** 
 279:Drivers/CMSIS/Include/core_cm0.h **** #define xPSR_ISR_Pos                        0U                                            /*!< xPSR
 280:Drivers/CMSIS/Include/core_cm0.h **** #define xPSR_ISR_Msk                       (0x1FFUL /*<< xPSR_ISR_Pos*/)                  /*!< xPSR
 281:Drivers/CMSIS/Include/core_cm0.h **** 
 282:Drivers/CMSIS/Include/core_cm0.h **** 
 283:Drivers/CMSIS/Include/core_cm0.h **** /**
 284:Drivers/CMSIS/Include/core_cm0.h ****   \brief  Union type to access the Control Registers (CONTROL).
 285:Drivers/CMSIS/Include/core_cm0.h ****  */
 286:Drivers/CMSIS/Include/core_cm0.h **** typedef union
 287:Drivers/CMSIS/Include/core_cm0.h **** {
 288:Drivers/CMSIS/Include/core_cm0.h ****   struct
 289:Drivers/CMSIS/Include/core_cm0.h ****   {
 290:Drivers/CMSIS/Include/core_cm0.h ****     uint32_t _reserved0:1;               /*!< bit:      0  Reserved */
 291:Drivers/CMSIS/Include/core_cm0.h ****     uint32_t SPSEL:1;                    /*!< bit:      1  Stack to be used */
 292:Drivers/CMSIS/Include/core_cm0.h ****     uint32_t _reserved1:30;              /*!< bit:  2..31  Reserved */
 293:Drivers/CMSIS/Include/core_cm0.h ****   } b;                                   /*!< Structure used for bit  access */
 294:Drivers/CMSIS/Include/core_cm0.h ****   uint32_t w;                            /*!< Type      used for word access */
 295:Drivers/CMSIS/Include/core_cm0.h **** } CONTROL_Type;
 296:Drivers/CMSIS/Include/core_cm0.h **** 
 297:Drivers/CMSIS/Include/core_cm0.h **** /* CONTROL Register Definitions */
 298:Drivers/CMSIS/Include/core_cm0.h **** #define CONTROL_SPSEL_Pos                   1U                                            /*!< CONT
 299:Drivers/CMSIS/Include/core_cm0.h **** #define CONTROL_SPSEL_Msk                  (1UL << CONTROL_SPSEL_Pos)                     /*!< CONT
 300:Drivers/CMSIS/Include/core_cm0.h **** 
 301:Drivers/CMSIS/Include/core_cm0.h **** /*@} end of group CMSIS_CORE */
 302:Drivers/CMSIS/Include/core_cm0.h **** 
 303:Drivers/CMSIS/Include/core_cm0.h **** 
 304:Drivers/CMSIS/Include/core_cm0.h **** /**
 305:Drivers/CMSIS/Include/core_cm0.h ****   \ingroup    CMSIS_core_register
 306:Drivers/CMSIS/Include/core_cm0.h ****   \defgroup   CMSIS_NVIC  Nested Vectored Interrupt Controller (NVIC)
 307:Drivers/CMSIS/Include/core_cm0.h ****   \brief      Type definitions for the NVIC Registers
 308:Drivers/CMSIS/Include/core_cm0.h ****   @{
 309:Drivers/CMSIS/Include/core_cm0.h ****  */
 310:Drivers/CMSIS/Include/core_cm0.h **** 
 311:Drivers/CMSIS/Include/core_cm0.h **** /**
 312:Drivers/CMSIS/Include/core_cm0.h ****   \brief  Structure type to access the Nested Vectored Interrupt Controller (NVIC).
 313:Drivers/CMSIS/Include/core_cm0.h ****  */
 314:Drivers/CMSIS/Include/core_cm0.h **** typedef struct
 315:Drivers/CMSIS/Include/core_cm0.h **** {
 316:Drivers/CMSIS/Include/core_cm0.h ****   __IOM uint32_t ISER[1U];               /*!< Offset: 0x000 (R/W)  Interrupt Set Enable Register */
 317:Drivers/CMSIS/Include/core_cm0.h ****         uint32_t RESERVED0[31U];
 318:Drivers/CMSIS/Include/core_cm0.h ****   __IOM uint32_t ICER[1U];               /*!< Offset: 0x080 (R/W)  Interrupt Clear Enable Register 
 319:Drivers/CMSIS/Include/core_cm0.h ****         uint32_t RSERVED1[31U];
 320:Drivers/CMSIS/Include/core_cm0.h ****   __IOM uint32_t ISPR[1U];               /*!< Offset: 0x100 (R/W)  Interrupt Set Pending Register *
ARM GAS  C:\Users\three\AppData\Local\Temp\cc3mDhxh.s 			page 26


 321:Drivers/CMSIS/Include/core_cm0.h ****         uint32_t RESERVED2[31U];
 322:Drivers/CMSIS/Include/core_cm0.h ****   __IOM uint32_t ICPR[1U];               /*!< Offset: 0x180 (R/W)  Interrupt Clear Pending Register
 323:Drivers/CMSIS/Include/core_cm0.h ****         uint32_t RESERVED3[31U];
 324:Drivers/CMSIS/Include/core_cm0.h ****         uint32_t RESERVED4[64U];
 325:Drivers/CMSIS/Include/core_cm0.h ****   __IOM uint32_t IP[8U];                 /*!< Offset: 0x300 (R/W)  Interrupt Priority Register */
 326:Drivers/CMSIS/Include/core_cm0.h **** }  NVIC_Type;
 327:Drivers/CMSIS/Include/core_cm0.h **** 
 328:Drivers/CMSIS/Include/core_cm0.h **** /*@} end of group CMSIS_NVIC */
 329:Drivers/CMSIS/Include/core_cm0.h **** 
 330:Drivers/CMSIS/Include/core_cm0.h **** 
 331:Drivers/CMSIS/Include/core_cm0.h **** /**
 332:Drivers/CMSIS/Include/core_cm0.h ****   \ingroup  CMSIS_core_register
 333:Drivers/CMSIS/Include/core_cm0.h ****   \defgroup CMSIS_SCB     System Control Block (SCB)
 334:Drivers/CMSIS/Include/core_cm0.h ****   \brief    Type definitions for the System Control Block Registers
 335:Drivers/CMSIS/Include/core_cm0.h ****   @{
 336:Drivers/CMSIS/Include/core_cm0.h ****  */
 337:Drivers/CMSIS/Include/core_cm0.h **** 
 338:Drivers/CMSIS/Include/core_cm0.h **** /**
 339:Drivers/CMSIS/Include/core_cm0.h ****   \brief  Structure type to access the System Control Block (SCB).
 340:Drivers/CMSIS/Include/core_cm0.h ****  */
 341:Drivers/CMSIS/Include/core_cm0.h **** typedef struct
 342:Drivers/CMSIS/Include/core_cm0.h **** {
 343:Drivers/CMSIS/Include/core_cm0.h ****   __IM  uint32_t CPUID;                  /*!< Offset: 0x000 (R/ )  CPUID Base Register */
 344:Drivers/CMSIS/Include/core_cm0.h ****   __IOM uint32_t ICSR;                   /*!< Offset: 0x004 (R/W)  Interrupt Control and State Regi
 345:Drivers/CMSIS/Include/core_cm0.h ****         uint32_t RESERVED0;
 346:Drivers/CMSIS/Include/core_cm0.h ****   __IOM uint32_t AIRCR;                  /*!< Offset: 0x00C (R/W)  Application Interrupt and Reset 
 347:Drivers/CMSIS/Include/core_cm0.h ****   __IOM uint32_t SCR;                    /*!< Offset: 0x010 (R/W)  System Control Register */
 348:Drivers/CMSIS/Include/core_cm0.h ****   __IOM uint32_t CCR;                    /*!< Offset: 0x014 (R/W)  Configuration Control Register *
 349:Drivers/CMSIS/Include/core_cm0.h ****         uint32_t RESERVED1;
 350:Drivers/CMSIS/Include/core_cm0.h ****   __IOM uint32_t SHP[2U];                /*!< Offset: 0x01C (R/W)  System Handlers Priority Registe
 351:Drivers/CMSIS/Include/core_cm0.h ****   __IOM uint32_t SHCSR;                  /*!< Offset: 0x024 (R/W)  System Handler Control and State
 352:Drivers/CMSIS/Include/core_cm0.h **** } SCB_Type;
 353:Drivers/CMSIS/Include/core_cm0.h **** 
 354:Drivers/CMSIS/Include/core_cm0.h **** /* SCB CPUID Register Definitions */
 355:Drivers/CMSIS/Include/core_cm0.h **** #define SCB_CPUID_IMPLEMENTER_Pos          24U                                            /*!< SCB 
 356:Drivers/CMSIS/Include/core_cm0.h **** #define SCB_CPUID_IMPLEMENTER_Msk          (0xFFUL << SCB_CPUID_IMPLEMENTER_Pos)          /*!< SCB 
 357:Drivers/CMSIS/Include/core_cm0.h **** 
 358:Drivers/CMSIS/Include/core_cm0.h **** #define SCB_CPUID_VARIANT_Pos              20U                                            /*!< SCB 
 359:Drivers/CMSIS/Include/core_cm0.h **** #define SCB_CPUID_VARIANT_Msk              (0xFUL << SCB_CPUID_VARIANT_Pos)               /*!< SCB 
 360:Drivers/CMSIS/Include/core_cm0.h **** 
 361:Drivers/CMSIS/Include/core_cm0.h **** #define SCB_CPUID_ARCHITECTURE_Pos         16U                                            /*!< SCB 
 362:Drivers/CMSIS/Include/core_cm0.h **** #define SCB_CPUID_ARCHITECTURE_Msk         (0xFUL << SCB_CPUID_ARCHITECTURE_Pos)          /*!< SCB 
 363:Drivers/CMSIS/Include/core_cm0.h **** 
 364:Drivers/CMSIS/Include/core_cm0.h **** #define SCB_CPUID_PARTNO_Pos                4U                                            /*!< SCB 
 365:Drivers/CMSIS/Include/core_cm0.h **** #define SCB_CPUID_PARTNO_Msk               (0xFFFUL << SCB_CPUID_PARTNO_Pos)              /*!< SCB 
 366:Drivers/CMSIS/Include/core_cm0.h **** 
 367:Drivers/CMSIS/Include/core_cm0.h **** #define SCB_CPUID_REVISION_Pos              0U                                            /*!< SCB 
 368:Drivers/CMSIS/Include/core_cm0.h **** #define SCB_CPUID_REVISION_Msk             (0xFUL /*<< SCB_CPUID_REVISION_Pos*/)          /*!< SCB 
 369:Drivers/CMSIS/Include/core_cm0.h **** 
 370:Drivers/CMSIS/Include/core_cm0.h **** /* SCB Interrupt Control State Register Definitions */
 371:Drivers/CMSIS/Include/core_cm0.h **** #define SCB_ICSR_NMIPENDSET_Pos            31U                                            /*!< SCB 
 372:Drivers/CMSIS/Include/core_cm0.h **** #define SCB_ICSR_NMIPENDSET_Msk            (1UL << SCB_ICSR_NMIPENDSET_Pos)               /*!< SCB 
 373:Drivers/CMSIS/Include/core_cm0.h **** 
 374:Drivers/CMSIS/Include/core_cm0.h **** #define SCB_ICSR_PENDSVSET_Pos             28U                                            /*!< SCB 
 375:Drivers/CMSIS/Include/core_cm0.h **** #define SCB_ICSR_PENDSVSET_Msk             (1UL << SCB_ICSR_PENDSVSET_Pos)                /*!< SCB 
 376:Drivers/CMSIS/Include/core_cm0.h **** 
 377:Drivers/CMSIS/Include/core_cm0.h **** #define SCB_ICSR_PENDSVCLR_Pos             27U                                            /*!< SCB 
ARM GAS  C:\Users\three\AppData\Local\Temp\cc3mDhxh.s 			page 27


 378:Drivers/CMSIS/Include/core_cm0.h **** #define SCB_ICSR_PENDSVCLR_Msk             (1UL << SCB_ICSR_PENDSVCLR_Pos)                /*!< SCB 
 379:Drivers/CMSIS/Include/core_cm0.h **** 
 380:Drivers/CMSIS/Include/core_cm0.h **** #define SCB_ICSR_PENDSTSET_Pos             26U                                            /*!< SCB 
 381:Drivers/CMSIS/Include/core_cm0.h **** #define SCB_ICSR_PENDSTSET_Msk             (1UL << SCB_ICSR_PENDSTSET_Pos)                /*!< SCB 
 382:Drivers/CMSIS/Include/core_cm0.h **** 
 383:Drivers/CMSIS/Include/core_cm0.h **** #define SCB_ICSR_PENDSTCLR_Pos             25U                                            /*!< SCB 
 384:Drivers/CMSIS/Include/core_cm0.h **** #define SCB_ICSR_PENDSTCLR_Msk             (1UL << SCB_ICSR_PENDSTCLR_Pos)                /*!< SCB 
 385:Drivers/CMSIS/Include/core_cm0.h **** 
 386:Drivers/CMSIS/Include/core_cm0.h **** #define SCB_ICSR_ISRPREEMPT_Pos            23U                                            /*!< SCB 
 387:Drivers/CMSIS/Include/core_cm0.h **** #define SCB_ICSR_ISRPREEMPT_Msk            (1UL << SCB_ICSR_ISRPREEMPT_Pos)               /*!< SCB 
 388:Drivers/CMSIS/Include/core_cm0.h **** 
 389:Drivers/CMSIS/Include/core_cm0.h **** #define SCB_ICSR_ISRPENDING_Pos            22U                                            /*!< SCB 
 390:Drivers/CMSIS/Include/core_cm0.h **** #define SCB_ICSR_ISRPENDING_Msk            (1UL << SCB_ICSR_ISRPENDING_Pos)               /*!< SCB 
 391:Drivers/CMSIS/Include/core_cm0.h **** 
 392:Drivers/CMSIS/Include/core_cm0.h **** #define SCB_ICSR_VECTPENDING_Pos           12U                                            /*!< SCB 
 393:Drivers/CMSIS/Include/core_cm0.h **** #define SCB_ICSR_VECTPENDING_Msk           (0x1FFUL << SCB_ICSR_VECTPENDING_Pos)          /*!< SCB 
 394:Drivers/CMSIS/Include/core_cm0.h **** 
 395:Drivers/CMSIS/Include/core_cm0.h **** #define SCB_ICSR_VECTACTIVE_Pos             0U                                            /*!< SCB 
 396:Drivers/CMSIS/Include/core_cm0.h **** #define SCB_ICSR_VECTACTIVE_Msk            (0x1FFUL /*<< SCB_ICSR_VECTACTIVE_Pos*/)       /*!< SCB 
 397:Drivers/CMSIS/Include/core_cm0.h **** 
 398:Drivers/CMSIS/Include/core_cm0.h **** /* SCB Application Interrupt and Reset Control Register Definitions */
 399:Drivers/CMSIS/Include/core_cm0.h **** #define SCB_AIRCR_VECTKEY_Pos              16U                                            /*!< SCB 
 400:Drivers/CMSIS/Include/core_cm0.h **** #define SCB_AIRCR_VECTKEY_Msk              (0xFFFFUL << SCB_AIRCR_VECTKEY_Pos)            /*!< SCB 
 401:Drivers/CMSIS/Include/core_cm0.h **** 
 402:Drivers/CMSIS/Include/core_cm0.h **** #define SCB_AIRCR_VECTKEYSTAT_Pos          16U                                            /*!< SCB 
 403:Drivers/CMSIS/Include/core_cm0.h **** #define SCB_AIRCR_VECTKEYSTAT_Msk          (0xFFFFUL << SCB_AIRCR_VECTKEYSTAT_Pos)        /*!< SCB 
 404:Drivers/CMSIS/Include/core_cm0.h **** 
 405:Drivers/CMSIS/Include/core_cm0.h **** #define SCB_AIRCR_ENDIANESS_Pos            15U                                            /*!< SCB 
 406:Drivers/CMSIS/Include/core_cm0.h **** #define SCB_AIRCR_ENDIANESS_Msk            (1UL << SCB_AIRCR_ENDIANESS_Pos)               /*!< SCB 
 407:Drivers/CMSIS/Include/core_cm0.h **** 
 408:Drivers/CMSIS/Include/core_cm0.h **** #define SCB_AIRCR_SYSRESETREQ_Pos           2U                                            /*!< SCB 
 409:Drivers/CMSIS/Include/core_cm0.h **** #define SCB_AIRCR_SYSRESETREQ_Msk          (1UL << SCB_AIRCR_SYSRESETREQ_Pos)             /*!< SCB 
 410:Drivers/CMSIS/Include/core_cm0.h **** 
 411:Drivers/CMSIS/Include/core_cm0.h **** #define SCB_AIRCR_VECTCLRACTIVE_Pos         1U                                            /*!< SCB 
 412:Drivers/CMSIS/Include/core_cm0.h **** #define SCB_AIRCR_VECTCLRACTIVE_Msk        (1UL << SCB_AIRCR_VECTCLRACTIVE_Pos)           /*!< SCB 
 413:Drivers/CMSIS/Include/core_cm0.h **** 
 414:Drivers/CMSIS/Include/core_cm0.h **** /* SCB System Control Register Definitions */
 415:Drivers/CMSIS/Include/core_cm0.h **** #define SCB_SCR_SEVONPEND_Pos               4U                                            /*!< SCB 
 416:Drivers/CMSIS/Include/core_cm0.h **** #define SCB_SCR_SEVONPEND_Msk              (1UL << SCB_SCR_SEVONPEND_Pos)                 /*!< SCB 
 417:Drivers/CMSIS/Include/core_cm0.h **** 
 418:Drivers/CMSIS/Include/core_cm0.h **** #define SCB_SCR_SLEEPDEEP_Pos               2U                                            /*!< SCB 
 419:Drivers/CMSIS/Include/core_cm0.h **** #define SCB_SCR_SLEEPDEEP_Msk              (1UL << SCB_SCR_SLEEPDEEP_Pos)                 /*!< SCB 
 420:Drivers/CMSIS/Include/core_cm0.h **** 
 421:Drivers/CMSIS/Include/core_cm0.h **** #define SCB_SCR_SLEEPONEXIT_Pos             1U                                            /*!< SCB 
 422:Drivers/CMSIS/Include/core_cm0.h **** #define SCB_SCR_SLEEPONEXIT_Msk            (1UL << SCB_SCR_SLEEPONEXIT_Pos)               /*!< SCB 
 423:Drivers/CMSIS/Include/core_cm0.h **** 
 424:Drivers/CMSIS/Include/core_cm0.h **** /* SCB Configuration Control Register Definitions */
 425:Drivers/CMSIS/Include/core_cm0.h **** #define SCB_CCR_STKALIGN_Pos                9U                                            /*!< SCB 
 426:Drivers/CMSIS/Include/core_cm0.h **** #define SCB_CCR_STKALIGN_Msk               (1UL << SCB_CCR_STKALIGN_Pos)                  /*!< SCB 
 427:Drivers/CMSIS/Include/core_cm0.h **** 
 428:Drivers/CMSIS/Include/core_cm0.h **** #define SCB_CCR_UNALIGN_TRP_Pos             3U                                            /*!< SCB 
 429:Drivers/CMSIS/Include/core_cm0.h **** #define SCB_CCR_UNALIGN_TRP_Msk            (1UL << SCB_CCR_UNALIGN_TRP_Pos)               /*!< SCB 
 430:Drivers/CMSIS/Include/core_cm0.h **** 
 431:Drivers/CMSIS/Include/core_cm0.h **** /* SCB System Handler Control and State Register Definitions */
 432:Drivers/CMSIS/Include/core_cm0.h **** #define SCB_SHCSR_SVCALLPENDED_Pos         15U                                            /*!< SCB 
 433:Drivers/CMSIS/Include/core_cm0.h **** #define SCB_SHCSR_SVCALLPENDED_Msk         (1UL << SCB_SHCSR_SVCALLPENDED_Pos)            /*!< SCB 
 434:Drivers/CMSIS/Include/core_cm0.h **** 
ARM GAS  C:\Users\three\AppData\Local\Temp\cc3mDhxh.s 			page 28


 435:Drivers/CMSIS/Include/core_cm0.h **** /*@} end of group CMSIS_SCB */
 436:Drivers/CMSIS/Include/core_cm0.h **** 
 437:Drivers/CMSIS/Include/core_cm0.h **** 
 438:Drivers/CMSIS/Include/core_cm0.h **** /**
 439:Drivers/CMSIS/Include/core_cm0.h ****   \ingroup  CMSIS_core_register
 440:Drivers/CMSIS/Include/core_cm0.h ****   \defgroup CMSIS_SysTick     System Tick Timer (SysTick)
 441:Drivers/CMSIS/Include/core_cm0.h ****   \brief    Type definitions for the System Timer Registers.
 442:Drivers/CMSIS/Include/core_cm0.h ****   @{
 443:Drivers/CMSIS/Include/core_cm0.h ****  */
 444:Drivers/CMSIS/Include/core_cm0.h **** 
 445:Drivers/CMSIS/Include/core_cm0.h **** /**
 446:Drivers/CMSIS/Include/core_cm0.h ****   \brief  Structure type to access the System Timer (SysTick).
 447:Drivers/CMSIS/Include/core_cm0.h ****  */
 448:Drivers/CMSIS/Include/core_cm0.h **** typedef struct
 449:Drivers/CMSIS/Include/core_cm0.h **** {
 450:Drivers/CMSIS/Include/core_cm0.h ****   __IOM uint32_t CTRL;                   /*!< Offset: 0x000 (R/W)  SysTick Control and Status Regis
 451:Drivers/CMSIS/Include/core_cm0.h ****   __IOM uint32_t LOAD;                   /*!< Offset: 0x004 (R/W)  SysTick Reload Value Register */
 452:Drivers/CMSIS/Include/core_cm0.h ****   __IOM uint32_t VAL;                    /*!< Offset: 0x008 (R/W)  SysTick Current Value Register *
 453:Drivers/CMSIS/Include/core_cm0.h ****   __IM  uint32_t CALIB;                  /*!< Offset: 0x00C (R/ )  SysTick Calibration Register */
 454:Drivers/CMSIS/Include/core_cm0.h **** } SysTick_Type;
 455:Drivers/CMSIS/Include/core_cm0.h **** 
 456:Drivers/CMSIS/Include/core_cm0.h **** /* SysTick Control / Status Register Definitions */
 457:Drivers/CMSIS/Include/core_cm0.h **** #define SysTick_CTRL_COUNTFLAG_Pos         16U                                            /*!< SysT
 458:Drivers/CMSIS/Include/core_cm0.h **** #define SysTick_CTRL_COUNTFLAG_Msk         (1UL << SysTick_CTRL_COUNTFLAG_Pos)            /*!< SysT
 459:Drivers/CMSIS/Include/core_cm0.h **** 
 460:Drivers/CMSIS/Include/core_cm0.h **** #define SysTick_CTRL_CLKSOURCE_Pos          2U                                            /*!< SysT
 461:Drivers/CMSIS/Include/core_cm0.h **** #define SysTick_CTRL_CLKSOURCE_Msk         (1UL << SysTick_CTRL_CLKSOURCE_Pos)            /*!< SysT
 462:Drivers/CMSIS/Include/core_cm0.h **** 
 463:Drivers/CMSIS/Include/core_cm0.h **** #define SysTick_CTRL_TICKINT_Pos            1U                                            /*!< SysT
 464:Drivers/CMSIS/Include/core_cm0.h **** #define SysTick_CTRL_TICKINT_Msk           (1UL << SysTick_CTRL_TICKINT_Pos)              /*!< SysT
 465:Drivers/CMSIS/Include/core_cm0.h **** 
 466:Drivers/CMSIS/Include/core_cm0.h **** #define SysTick_CTRL_ENABLE_Pos             0U                                            /*!< SysT
 467:Drivers/CMSIS/Include/core_cm0.h **** #define SysTick_CTRL_ENABLE_Msk            (1UL /*<< SysTick_CTRL_ENABLE_Pos*/)           /*!< SysT
 468:Drivers/CMSIS/Include/core_cm0.h **** 
 469:Drivers/CMSIS/Include/core_cm0.h **** /* SysTick Reload Register Definitions */
 470:Drivers/CMSIS/Include/core_cm0.h **** #define SysTick_LOAD_RELOAD_Pos             0U                                            /*!< SysT
 471:Drivers/CMSIS/Include/core_cm0.h **** #define SysTick_LOAD_RELOAD_Msk            (0xFFFFFFUL /*<< SysTick_LOAD_RELOAD_Pos*/)    /*!< SysT
 472:Drivers/CMSIS/Include/core_cm0.h **** 
 473:Drivers/CMSIS/Include/core_cm0.h **** /* SysTick Current Register Definitions */
 474:Drivers/CMSIS/Include/core_cm0.h **** #define SysTick_VAL_CURRENT_Pos             0U                                            /*!< SysT
 475:Drivers/CMSIS/Include/core_cm0.h **** #define SysTick_VAL_CURRENT_Msk            (0xFFFFFFUL /*<< SysTick_VAL_CURRENT_Pos*/)    /*!< SysT
 476:Drivers/CMSIS/Include/core_cm0.h **** 
 477:Drivers/CMSIS/Include/core_cm0.h **** /* SysTick Calibration Register Definitions */
 478:Drivers/CMSIS/Include/core_cm0.h **** #define SysTick_CALIB_NOREF_Pos            31U                                            /*!< SysT
 479:Drivers/CMSIS/Include/core_cm0.h **** #define SysTick_CALIB_NOREF_Msk            (1UL << SysTick_CALIB_NOREF_Pos)               /*!< SysT
 480:Drivers/CMSIS/Include/core_cm0.h **** 
 481:Drivers/CMSIS/Include/core_cm0.h **** #define SysTick_CALIB_SKEW_Pos             30U                                            /*!< SysT
 482:Drivers/CMSIS/Include/core_cm0.h **** #define SysTick_CALIB_SKEW_Msk             (1UL << SysTick_CALIB_SKEW_Pos)                /*!< SysT
 483:Drivers/CMSIS/Include/core_cm0.h **** 
 484:Drivers/CMSIS/Include/core_cm0.h **** #define SysTick_CALIB_TENMS_Pos             0U                                            /*!< SysT
 485:Drivers/CMSIS/Include/core_cm0.h **** #define SysTick_CALIB_TENMS_Msk            (0xFFFFFFUL /*<< SysTick_CALIB_TENMS_Pos*/)    /*!< SysT
 486:Drivers/CMSIS/Include/core_cm0.h **** 
 487:Drivers/CMSIS/Include/core_cm0.h **** /*@} end of group CMSIS_SysTick */
 488:Drivers/CMSIS/Include/core_cm0.h **** 
 489:Drivers/CMSIS/Include/core_cm0.h **** 
 490:Drivers/CMSIS/Include/core_cm0.h **** /**
 491:Drivers/CMSIS/Include/core_cm0.h ****   \ingroup  CMSIS_core_register
ARM GAS  C:\Users\three\AppData\Local\Temp\cc3mDhxh.s 			page 29


 492:Drivers/CMSIS/Include/core_cm0.h ****   \defgroup CMSIS_CoreDebug       Core Debug Registers (CoreDebug)
 493:Drivers/CMSIS/Include/core_cm0.h ****   \brief    Cortex-M0 Core Debug Registers (DCB registers, SHCSR, and DFSR) are only accessible ove
 494:Drivers/CMSIS/Include/core_cm0.h ****             Therefore they are not covered by the Cortex-M0 header file.
 495:Drivers/CMSIS/Include/core_cm0.h ****   @{
 496:Drivers/CMSIS/Include/core_cm0.h ****  */
 497:Drivers/CMSIS/Include/core_cm0.h **** /*@} end of group CMSIS_CoreDebug */
 498:Drivers/CMSIS/Include/core_cm0.h **** 
 499:Drivers/CMSIS/Include/core_cm0.h **** 
 500:Drivers/CMSIS/Include/core_cm0.h **** /**
 501:Drivers/CMSIS/Include/core_cm0.h ****   \ingroup    CMSIS_core_register
 502:Drivers/CMSIS/Include/core_cm0.h ****   \defgroup   CMSIS_core_bitfield     Core register bit field macros
 503:Drivers/CMSIS/Include/core_cm0.h ****   \brief      Macros for use with bit field definitions (xxx_Pos, xxx_Msk).
 504:Drivers/CMSIS/Include/core_cm0.h ****   @{
 505:Drivers/CMSIS/Include/core_cm0.h ****  */
 506:Drivers/CMSIS/Include/core_cm0.h **** 
 507:Drivers/CMSIS/Include/core_cm0.h **** /**
 508:Drivers/CMSIS/Include/core_cm0.h ****   \brief   Mask and shift a bit field value for use in a register bit range.
 509:Drivers/CMSIS/Include/core_cm0.h ****   \param[in] field  Name of the register bit field.
 510:Drivers/CMSIS/Include/core_cm0.h ****   \param[in] value  Value of the bit field. This parameter is interpreted as an uint32_t type.
 511:Drivers/CMSIS/Include/core_cm0.h ****   \return           Masked and shifted value.
 512:Drivers/CMSIS/Include/core_cm0.h **** */
 513:Drivers/CMSIS/Include/core_cm0.h **** #define _VAL2FLD(field, value)    (((uint32_t)(value) << field ## _Pos) & field ## _Msk)
 514:Drivers/CMSIS/Include/core_cm0.h **** 
 515:Drivers/CMSIS/Include/core_cm0.h **** /**
 516:Drivers/CMSIS/Include/core_cm0.h ****   \brief     Mask and shift a register value to extract a bit filed value.
 517:Drivers/CMSIS/Include/core_cm0.h ****   \param[in] field  Name of the register bit field.
 518:Drivers/CMSIS/Include/core_cm0.h ****   \param[in] value  Value of register. This parameter is interpreted as an uint32_t type.
 519:Drivers/CMSIS/Include/core_cm0.h ****   \return           Masked and shifted bit field value.
 520:Drivers/CMSIS/Include/core_cm0.h **** */
 521:Drivers/CMSIS/Include/core_cm0.h **** #define _FLD2VAL(field, value)    (((uint32_t)(value) & field ## _Msk) >> field ## _Pos)
 522:Drivers/CMSIS/Include/core_cm0.h **** 
 523:Drivers/CMSIS/Include/core_cm0.h **** /*@} end of group CMSIS_core_bitfield */
 524:Drivers/CMSIS/Include/core_cm0.h **** 
 525:Drivers/CMSIS/Include/core_cm0.h **** 
 526:Drivers/CMSIS/Include/core_cm0.h **** /**
 527:Drivers/CMSIS/Include/core_cm0.h ****   \ingroup    CMSIS_core_register
 528:Drivers/CMSIS/Include/core_cm0.h ****   \defgroup   CMSIS_core_base     Core Definitions
 529:Drivers/CMSIS/Include/core_cm0.h ****   \brief      Definitions for base addresses, unions, and structures.
 530:Drivers/CMSIS/Include/core_cm0.h ****   @{
 531:Drivers/CMSIS/Include/core_cm0.h ****  */
 532:Drivers/CMSIS/Include/core_cm0.h **** 
 533:Drivers/CMSIS/Include/core_cm0.h **** /* Memory mapping of Core Hardware */
 534:Drivers/CMSIS/Include/core_cm0.h **** #define SCS_BASE            (0xE000E000UL)                            /*!< System Control Space Bas
 535:Drivers/CMSIS/Include/core_cm0.h **** #define SysTick_BASE        (SCS_BASE +  0x0010UL)                    /*!< SysTick Base Address */
 536:Drivers/CMSIS/Include/core_cm0.h **** #define NVIC_BASE           (SCS_BASE +  0x0100UL)                    /*!< NVIC Base Address */
 537:Drivers/CMSIS/Include/core_cm0.h **** #define SCB_BASE            (SCS_BASE +  0x0D00UL)                    /*!< System Control Block Bas
 538:Drivers/CMSIS/Include/core_cm0.h **** 
 539:Drivers/CMSIS/Include/core_cm0.h **** #define SCB                 ((SCB_Type       *)     SCB_BASE      )   /*!< SCB configuration struct
 540:Drivers/CMSIS/Include/core_cm0.h **** #define SysTick             ((SysTick_Type   *)     SysTick_BASE  )   /*!< SysTick configuration st
 541:Drivers/CMSIS/Include/core_cm0.h **** #define NVIC                ((NVIC_Type      *)     NVIC_BASE     )   /*!< NVIC configuration struc
 542:Drivers/CMSIS/Include/core_cm0.h **** 
 543:Drivers/CMSIS/Include/core_cm0.h **** 
 544:Drivers/CMSIS/Include/core_cm0.h **** /*@} */
 545:Drivers/CMSIS/Include/core_cm0.h **** 
 546:Drivers/CMSIS/Include/core_cm0.h **** 
 547:Drivers/CMSIS/Include/core_cm0.h **** 
 548:Drivers/CMSIS/Include/core_cm0.h **** /*******************************************************************************
ARM GAS  C:\Users\three\AppData\Local\Temp\cc3mDhxh.s 			page 30


 549:Drivers/CMSIS/Include/core_cm0.h ****  *                Hardware Abstraction Layer
 550:Drivers/CMSIS/Include/core_cm0.h ****   Core Function Interface contains:
 551:Drivers/CMSIS/Include/core_cm0.h ****   - Core NVIC Functions
 552:Drivers/CMSIS/Include/core_cm0.h ****   - Core SysTick Functions
 553:Drivers/CMSIS/Include/core_cm0.h ****   - Core Register Access Functions
 554:Drivers/CMSIS/Include/core_cm0.h ****  ******************************************************************************/
 555:Drivers/CMSIS/Include/core_cm0.h **** /**
 556:Drivers/CMSIS/Include/core_cm0.h ****   \defgroup CMSIS_Core_FunctionInterface Functions and Instructions Reference
 557:Drivers/CMSIS/Include/core_cm0.h **** */
 558:Drivers/CMSIS/Include/core_cm0.h **** 
 559:Drivers/CMSIS/Include/core_cm0.h **** 
 560:Drivers/CMSIS/Include/core_cm0.h **** 
 561:Drivers/CMSIS/Include/core_cm0.h **** /* ##########################   NVIC functions  #################################### */
 562:Drivers/CMSIS/Include/core_cm0.h **** /**
 563:Drivers/CMSIS/Include/core_cm0.h ****   \ingroup  CMSIS_Core_FunctionInterface
 564:Drivers/CMSIS/Include/core_cm0.h ****   \defgroup CMSIS_Core_NVICFunctions NVIC Functions
 565:Drivers/CMSIS/Include/core_cm0.h ****   \brief    Functions that manage interrupts and exceptions via the NVIC.
 566:Drivers/CMSIS/Include/core_cm0.h ****   @{
 567:Drivers/CMSIS/Include/core_cm0.h ****  */
 568:Drivers/CMSIS/Include/core_cm0.h **** 
 569:Drivers/CMSIS/Include/core_cm0.h **** #ifdef CMSIS_NVIC_VIRTUAL
 570:Drivers/CMSIS/Include/core_cm0.h ****   #ifndef CMSIS_NVIC_VIRTUAL_HEADER_FILE
 571:Drivers/CMSIS/Include/core_cm0.h ****     #define CMSIS_NVIC_VIRTUAL_HEADER_FILE "cmsis_nvic_virtual.h"
 572:Drivers/CMSIS/Include/core_cm0.h ****   #endif
 573:Drivers/CMSIS/Include/core_cm0.h ****   #include CMSIS_NVIC_VIRTUAL_HEADER_FILE
 574:Drivers/CMSIS/Include/core_cm0.h **** #else
 575:Drivers/CMSIS/Include/core_cm0.h ****   #define NVIC_SetPriorityGrouping    __NVIC_SetPriorityGrouping
 576:Drivers/CMSIS/Include/core_cm0.h ****   #define NVIC_GetPriorityGrouping    __NVIC_GetPriorityGrouping
 577:Drivers/CMSIS/Include/core_cm0.h ****   #define NVIC_EnableIRQ              __NVIC_EnableIRQ
 578:Drivers/CMSIS/Include/core_cm0.h ****   #define NVIC_GetEnableIRQ           __NVIC_GetEnableIRQ
 579:Drivers/CMSIS/Include/core_cm0.h ****   #define NVIC_DisableIRQ             __NVIC_DisableIRQ
 580:Drivers/CMSIS/Include/core_cm0.h ****   #define NVIC_GetPendingIRQ          __NVIC_GetPendingIRQ
 581:Drivers/CMSIS/Include/core_cm0.h ****   #define NVIC_SetPendingIRQ          __NVIC_SetPendingIRQ
 582:Drivers/CMSIS/Include/core_cm0.h ****   #define NVIC_ClearPendingIRQ        __NVIC_ClearPendingIRQ
 583:Drivers/CMSIS/Include/core_cm0.h **** /*#define NVIC_GetActive              __NVIC_GetActive             not available for Cortex-M0 */
 584:Drivers/CMSIS/Include/core_cm0.h ****   #define NVIC_SetPriority            __NVIC_SetPriority
 585:Drivers/CMSIS/Include/core_cm0.h ****   #define NVIC_GetPriority            __NVIC_GetPriority
 586:Drivers/CMSIS/Include/core_cm0.h ****   #define NVIC_SystemReset            __NVIC_SystemReset
 587:Drivers/CMSIS/Include/core_cm0.h **** #endif /* CMSIS_NVIC_VIRTUAL */
 588:Drivers/CMSIS/Include/core_cm0.h **** 
 589:Drivers/CMSIS/Include/core_cm0.h **** #ifdef CMSIS_VECTAB_VIRTUAL
 590:Drivers/CMSIS/Include/core_cm0.h ****   #ifndef CMSIS_VECTAB_VIRTUAL_HEADER_FILE
 591:Drivers/CMSIS/Include/core_cm0.h ****     #define CMSIS_VECTAB_VIRTUAL_HEADER_FILE "cmsis_vectab_virtual.h"
 592:Drivers/CMSIS/Include/core_cm0.h ****   #endif
 593:Drivers/CMSIS/Include/core_cm0.h ****   #include CMSIS_VECTAB_VIRTUAL_HEADER_FILE
 594:Drivers/CMSIS/Include/core_cm0.h **** #else
 595:Drivers/CMSIS/Include/core_cm0.h ****   #define NVIC_SetVector              __NVIC_SetVector
 596:Drivers/CMSIS/Include/core_cm0.h ****   #define NVIC_GetVector              __NVIC_GetVector
 597:Drivers/CMSIS/Include/core_cm0.h **** #endif  /* (CMSIS_VECTAB_VIRTUAL) */
 598:Drivers/CMSIS/Include/core_cm0.h **** 
 599:Drivers/CMSIS/Include/core_cm0.h **** #define NVIC_USER_IRQ_OFFSET          16
 600:Drivers/CMSIS/Include/core_cm0.h **** 
 601:Drivers/CMSIS/Include/core_cm0.h **** 
 602:Drivers/CMSIS/Include/core_cm0.h **** /* The following EXC_RETURN values are saved the LR on exception entry */
 603:Drivers/CMSIS/Include/core_cm0.h **** #define EXC_RETURN_HANDLER         (0xFFFFFFF1UL)     /* return to Handler mode, uses MSP after ret
 604:Drivers/CMSIS/Include/core_cm0.h **** #define EXC_RETURN_THREAD_MSP      (0xFFFFFFF9UL)     /* return to Thread mode, uses MSP after retu
 605:Drivers/CMSIS/Include/core_cm0.h **** #define EXC_RETURN_THREAD_PSP      (0xFFFFFFFDUL)     /* return to Thread mode, uses PSP after retu
ARM GAS  C:\Users\three\AppData\Local\Temp\cc3mDhxh.s 			page 31


 606:Drivers/CMSIS/Include/core_cm0.h **** 
 607:Drivers/CMSIS/Include/core_cm0.h **** 
 608:Drivers/CMSIS/Include/core_cm0.h **** /* Interrupt Priorities are WORD accessible only under Armv6-M                  */
 609:Drivers/CMSIS/Include/core_cm0.h **** /* The following MACROS handle generation of the register offset and byte masks */
 610:Drivers/CMSIS/Include/core_cm0.h **** #define _BIT_SHIFT(IRQn)         (  ((((uint32_t)(int32_t)(IRQn))         )      &  0x03UL) * 8UL)
 611:Drivers/CMSIS/Include/core_cm0.h **** #define _SHP_IDX(IRQn)           ( (((((uint32_t)(int32_t)(IRQn)) & 0x0FUL)-8UL) >>    2UL)      )
 612:Drivers/CMSIS/Include/core_cm0.h **** #define _IP_IDX(IRQn)            (   (((uint32_t)(int32_t)(IRQn))                >>    2UL)      )
 613:Drivers/CMSIS/Include/core_cm0.h **** 
 614:Drivers/CMSIS/Include/core_cm0.h **** #define __NVIC_SetPriorityGrouping(X) (void)(X)
 615:Drivers/CMSIS/Include/core_cm0.h **** #define __NVIC_GetPriorityGrouping()  (0U)
 616:Drivers/CMSIS/Include/core_cm0.h **** 
 617:Drivers/CMSIS/Include/core_cm0.h **** /**
 618:Drivers/CMSIS/Include/core_cm0.h ****   \brief   Enable Interrupt
 619:Drivers/CMSIS/Include/core_cm0.h ****   \details Enables a device specific interrupt in the NVIC interrupt controller.
 620:Drivers/CMSIS/Include/core_cm0.h ****   \param [in]      IRQn  Device specific interrupt number.
 621:Drivers/CMSIS/Include/core_cm0.h ****   \note    IRQn must not be negative.
 622:Drivers/CMSIS/Include/core_cm0.h ****  */
 623:Drivers/CMSIS/Include/core_cm0.h **** __STATIC_INLINE void __NVIC_EnableIRQ(IRQn_Type IRQn)
 633              		.loc 3 623 22 view .LVU152
 634              	.LBB31:
 624:Drivers/CMSIS/Include/core_cm0.h **** {
 625:Drivers/CMSIS/Include/core_cm0.h ****   if ((int32_t)(IRQn) >= 0)
 635              		.loc 3 625 3 view .LVU153
 626:Drivers/CMSIS/Include/core_cm0.h ****   {
 627:Drivers/CMSIS/Include/core_cm0.h ****     NVIC->ISER[0U] = (uint32_t)(1UL << (((uint32_t)IRQn) & 0x1FUL));
 636              		.loc 3 627 5 view .LVU154
 637              		.loc 3 627 20 is_stmt 0 view .LVU155
 638 0024 074B     		ldr	r3, .L39+16
 639 0026 8022     		movs	r2, #128
 640 0028 9203     		lsls	r2, r2, #14
 641 002a 1A60     		str	r2, [r3]
 642              	.LVL30:
 643              		.loc 3 627 20 view .LVU156
 644              	.LBE31:
 645              	.LBE30:
 195:Core/Src/main.c **** 
 646              		.loc 1 195 1 view .LVU157
 647              		@ sp needed
 648 002c 10BD     		pop	{r4, pc}
 649              	.L38:
 191:Core/Src/main.c **** 	}
 650              		.loc 1 191 3 is_stmt 1 view .LVU158
 651 002e FFF7FEFF 		bl	Error_Handler
 652              	.LVL31:
 653              	.L40:
 654 0032 C046     		.align	2
 655              	.L39:
 656 0034 00000000 		.word	htim16
 657 0038 00440140 		.word	1073824768
 658 003c 3F1F0000 		.word	7999
 659 0040 E7030000 		.word	999
 660 0044 00E100E0 		.word	-536813312
 661              		.cfi_endproc
 662              	.LFE349:
 664              		.section	.text.SystemClock_Config,"ax",%progbits
 665              		.align	1
 666              		.global	SystemClock_Config
ARM GAS  C:\Users\three\AppData\Local\Temp\cc3mDhxh.s 			page 32


 667              		.syntax unified
 668              		.code	16
 669              		.thumb_func
 671              	SystemClock_Config:
 672              	.LFB348:
 155:Core/Src/main.c ****     LL_FLASH_SetLatency(LL_FLASH_LATENCY_0);
 673              		.loc 1 155 1 view -0
 674              		.cfi_startproc
 675              		@ args = 0, pretend = 0, frame = 0
 676              		@ frame_needed = 0, uses_anonymous_args = 0
 677 0000 10B5     		push	{r4, lr}
 678              	.LCFI7:
 679              		.cfi_def_cfa_offset 8
 680              		.cfi_offset 4, -8
 681              		.cfi_offset 14, -4
 156:Core/Src/main.c ****     while(LL_FLASH_GetLatency() != LL_FLASH_LATENCY_0) {}
 682              		.loc 1 156 5 view .LVU160
 683              	.LVL32:
 684              	.LBB32:
 685              	.LBI32:
 686              		.file 4 "Drivers/STM32F0xx_HAL_Driver/Inc/stm32f0xx_ll_system.h"
   1:Drivers/STM32F0xx_HAL_Driver/Inc/stm32f0xx_ll_system.h **** /**
   2:Drivers/STM32F0xx_HAL_Driver/Inc/stm32f0xx_ll_system.h ****   ******************************************************************************
   3:Drivers/STM32F0xx_HAL_Driver/Inc/stm32f0xx_ll_system.h ****   * @file    stm32f0xx_ll_system.h
   4:Drivers/STM32F0xx_HAL_Driver/Inc/stm32f0xx_ll_system.h ****   * @author  MCD Application Team
   5:Drivers/STM32F0xx_HAL_Driver/Inc/stm32f0xx_ll_system.h ****   * @brief   Header file of SYSTEM LL module.
   6:Drivers/STM32F0xx_HAL_Driver/Inc/stm32f0xx_ll_system.h ****   @verbatim
   7:Drivers/STM32F0xx_HAL_Driver/Inc/stm32f0xx_ll_system.h ****   ==============================================================================
   8:Drivers/STM32F0xx_HAL_Driver/Inc/stm32f0xx_ll_system.h ****                      ##### How to use this driver #####
   9:Drivers/STM32F0xx_HAL_Driver/Inc/stm32f0xx_ll_system.h ****   ==============================================================================
  10:Drivers/STM32F0xx_HAL_Driver/Inc/stm32f0xx_ll_system.h ****     [..]
  11:Drivers/STM32F0xx_HAL_Driver/Inc/stm32f0xx_ll_system.h ****     The LL SYSTEM driver contains a set of generic APIs that can be
  12:Drivers/STM32F0xx_HAL_Driver/Inc/stm32f0xx_ll_system.h ****     used by user:
  13:Drivers/STM32F0xx_HAL_Driver/Inc/stm32f0xx_ll_system.h ****       (+) Some of the FLASH features need to be handled in the SYSTEM file.
  14:Drivers/STM32F0xx_HAL_Driver/Inc/stm32f0xx_ll_system.h ****       (+) Access to DBGCMU registers
  15:Drivers/STM32F0xx_HAL_Driver/Inc/stm32f0xx_ll_system.h ****       (+) Access to SYSCFG registers
  16:Drivers/STM32F0xx_HAL_Driver/Inc/stm32f0xx_ll_system.h **** 
  17:Drivers/STM32F0xx_HAL_Driver/Inc/stm32f0xx_ll_system.h ****   @endverbatim
  18:Drivers/STM32F0xx_HAL_Driver/Inc/stm32f0xx_ll_system.h ****   ******************************************************************************
  19:Drivers/STM32F0xx_HAL_Driver/Inc/stm32f0xx_ll_system.h ****   * @attention
  20:Drivers/STM32F0xx_HAL_Driver/Inc/stm32f0xx_ll_system.h ****   *
  21:Drivers/STM32F0xx_HAL_Driver/Inc/stm32f0xx_ll_system.h ****   * Copyright (c) 2016 STMicroelectronics.
  22:Drivers/STM32F0xx_HAL_Driver/Inc/stm32f0xx_ll_system.h ****   * All rights reserved.
  23:Drivers/STM32F0xx_HAL_Driver/Inc/stm32f0xx_ll_system.h ****   *
  24:Drivers/STM32F0xx_HAL_Driver/Inc/stm32f0xx_ll_system.h ****   * This software is licensed under terms that can be found in the LICENSE file
  25:Drivers/STM32F0xx_HAL_Driver/Inc/stm32f0xx_ll_system.h ****   * in the root directory of this software component.
  26:Drivers/STM32F0xx_HAL_Driver/Inc/stm32f0xx_ll_system.h ****   * If no LICENSE file comes with this software, it is provided AS-IS.
  27:Drivers/STM32F0xx_HAL_Driver/Inc/stm32f0xx_ll_system.h ****   *
  28:Drivers/STM32F0xx_HAL_Driver/Inc/stm32f0xx_ll_system.h ****   ******************************************************************************
  29:Drivers/STM32F0xx_HAL_Driver/Inc/stm32f0xx_ll_system.h ****   */
  30:Drivers/STM32F0xx_HAL_Driver/Inc/stm32f0xx_ll_system.h **** 
  31:Drivers/STM32F0xx_HAL_Driver/Inc/stm32f0xx_ll_system.h **** /* Define to prevent recursive inclusion -------------------------------------*/
  32:Drivers/STM32F0xx_HAL_Driver/Inc/stm32f0xx_ll_system.h **** #ifndef __STM32F0xx_LL_SYSTEM_H
  33:Drivers/STM32F0xx_HAL_Driver/Inc/stm32f0xx_ll_system.h **** #define __STM32F0xx_LL_SYSTEM_H
  34:Drivers/STM32F0xx_HAL_Driver/Inc/stm32f0xx_ll_system.h **** 
  35:Drivers/STM32F0xx_HAL_Driver/Inc/stm32f0xx_ll_system.h **** #ifdef __cplusplus
  36:Drivers/STM32F0xx_HAL_Driver/Inc/stm32f0xx_ll_system.h **** extern "C" {
ARM GAS  C:\Users\three\AppData\Local\Temp\cc3mDhxh.s 			page 33


  37:Drivers/STM32F0xx_HAL_Driver/Inc/stm32f0xx_ll_system.h **** #endif
  38:Drivers/STM32F0xx_HAL_Driver/Inc/stm32f0xx_ll_system.h **** 
  39:Drivers/STM32F0xx_HAL_Driver/Inc/stm32f0xx_ll_system.h **** /* Includes ------------------------------------------------------------------*/
  40:Drivers/STM32F0xx_HAL_Driver/Inc/stm32f0xx_ll_system.h **** #include "stm32f0xx.h"
  41:Drivers/STM32F0xx_HAL_Driver/Inc/stm32f0xx_ll_system.h **** 
  42:Drivers/STM32F0xx_HAL_Driver/Inc/stm32f0xx_ll_system.h **** /** @addtogroup STM32F0xx_LL_Driver
  43:Drivers/STM32F0xx_HAL_Driver/Inc/stm32f0xx_ll_system.h ****   * @{
  44:Drivers/STM32F0xx_HAL_Driver/Inc/stm32f0xx_ll_system.h ****   */
  45:Drivers/STM32F0xx_HAL_Driver/Inc/stm32f0xx_ll_system.h **** 
  46:Drivers/STM32F0xx_HAL_Driver/Inc/stm32f0xx_ll_system.h **** #if defined (FLASH) || defined (SYSCFG) || defined (DBGMCU)
  47:Drivers/STM32F0xx_HAL_Driver/Inc/stm32f0xx_ll_system.h **** 
  48:Drivers/STM32F0xx_HAL_Driver/Inc/stm32f0xx_ll_system.h **** /** @defgroup SYSTEM_LL SYSTEM
  49:Drivers/STM32F0xx_HAL_Driver/Inc/stm32f0xx_ll_system.h ****   * @{
  50:Drivers/STM32F0xx_HAL_Driver/Inc/stm32f0xx_ll_system.h ****   */
  51:Drivers/STM32F0xx_HAL_Driver/Inc/stm32f0xx_ll_system.h **** 
  52:Drivers/STM32F0xx_HAL_Driver/Inc/stm32f0xx_ll_system.h **** /* Private types -------------------------------------------------------------*/
  53:Drivers/STM32F0xx_HAL_Driver/Inc/stm32f0xx_ll_system.h **** /* Private variables ---------------------------------------------------------*/
  54:Drivers/STM32F0xx_HAL_Driver/Inc/stm32f0xx_ll_system.h **** 
  55:Drivers/STM32F0xx_HAL_Driver/Inc/stm32f0xx_ll_system.h **** /* Private constants ---------------------------------------------------------*/
  56:Drivers/STM32F0xx_HAL_Driver/Inc/stm32f0xx_ll_system.h **** /** @defgroup SYSTEM_LL_Private_Constants SYSTEM Private Constants
  57:Drivers/STM32F0xx_HAL_Driver/Inc/stm32f0xx_ll_system.h ****   * @{
  58:Drivers/STM32F0xx_HAL_Driver/Inc/stm32f0xx_ll_system.h ****   */
  59:Drivers/STM32F0xx_HAL_Driver/Inc/stm32f0xx_ll_system.h **** 
  60:Drivers/STM32F0xx_HAL_Driver/Inc/stm32f0xx_ll_system.h **** /**
  61:Drivers/STM32F0xx_HAL_Driver/Inc/stm32f0xx_ll_system.h ****   * @}
  62:Drivers/STM32F0xx_HAL_Driver/Inc/stm32f0xx_ll_system.h ****   */
  63:Drivers/STM32F0xx_HAL_Driver/Inc/stm32f0xx_ll_system.h **** 
  64:Drivers/STM32F0xx_HAL_Driver/Inc/stm32f0xx_ll_system.h **** /* Private macros ------------------------------------------------------------*/
  65:Drivers/STM32F0xx_HAL_Driver/Inc/stm32f0xx_ll_system.h **** 
  66:Drivers/STM32F0xx_HAL_Driver/Inc/stm32f0xx_ll_system.h **** /* Exported types ------------------------------------------------------------*/
  67:Drivers/STM32F0xx_HAL_Driver/Inc/stm32f0xx_ll_system.h **** /* Exported constants --------------------------------------------------------*/
  68:Drivers/STM32F0xx_HAL_Driver/Inc/stm32f0xx_ll_system.h **** /** @defgroup SYSTEM_LL_Exported_Constants SYSTEM Exported Constants
  69:Drivers/STM32F0xx_HAL_Driver/Inc/stm32f0xx_ll_system.h ****   * @{
  70:Drivers/STM32F0xx_HAL_Driver/Inc/stm32f0xx_ll_system.h ****   */
  71:Drivers/STM32F0xx_HAL_Driver/Inc/stm32f0xx_ll_system.h **** 
  72:Drivers/STM32F0xx_HAL_Driver/Inc/stm32f0xx_ll_system.h **** /** @defgroup SYSTEM_LL_EC_REMAP SYSCFG Remap
  73:Drivers/STM32F0xx_HAL_Driver/Inc/stm32f0xx_ll_system.h **** * @{
  74:Drivers/STM32F0xx_HAL_Driver/Inc/stm32f0xx_ll_system.h **** */
  75:Drivers/STM32F0xx_HAL_Driver/Inc/stm32f0xx_ll_system.h **** #define LL_SYSCFG_REMAP_FLASH              (uint32_t)0x00000000U                               /*!<
  76:Drivers/STM32F0xx_HAL_Driver/Inc/stm32f0xx_ll_system.h **** #define LL_SYSCFG_REMAP_SYSTEMFLASH        SYSCFG_CFGR1_MEM_MODE_0                             /*!<
  77:Drivers/STM32F0xx_HAL_Driver/Inc/stm32f0xx_ll_system.h **** #define LL_SYSCFG_REMAP_SRAM               (SYSCFG_CFGR1_MEM_MODE_1 | SYSCFG_CFGR1_MEM_MODE_0) /*!<
  78:Drivers/STM32F0xx_HAL_Driver/Inc/stm32f0xx_ll_system.h **** /**
  79:Drivers/STM32F0xx_HAL_Driver/Inc/stm32f0xx_ll_system.h ****   * @}
  80:Drivers/STM32F0xx_HAL_Driver/Inc/stm32f0xx_ll_system.h ****   */
  81:Drivers/STM32F0xx_HAL_Driver/Inc/stm32f0xx_ll_system.h **** 
  82:Drivers/STM32F0xx_HAL_Driver/Inc/stm32f0xx_ll_system.h **** #if defined(SYSCFG_CFGR1_IR_MOD)
  83:Drivers/STM32F0xx_HAL_Driver/Inc/stm32f0xx_ll_system.h **** /** @defgroup SYSTEM_LL_EC_IR_MOD SYSCFG IR Modulation
  84:Drivers/STM32F0xx_HAL_Driver/Inc/stm32f0xx_ll_system.h ****   * @{
  85:Drivers/STM32F0xx_HAL_Driver/Inc/stm32f0xx_ll_system.h ****   */
  86:Drivers/STM32F0xx_HAL_Driver/Inc/stm32f0xx_ll_system.h **** #define LL_SYSCFG_IR_MOD_TIM16       (SYSCFG_CFGR1_IR_MOD_0 & SYSCFG_CFGR1_IR_MOD_1)    /*!< Timer1
  87:Drivers/STM32F0xx_HAL_Driver/Inc/stm32f0xx_ll_system.h **** #define LL_SYSCFG_IR_MOD_USART1      (SYSCFG_CFGR1_IR_MOD_0)                            /*!< USART1
  88:Drivers/STM32F0xx_HAL_Driver/Inc/stm32f0xx_ll_system.h **** #define LL_SYSCFG_IR_MOD_USART4      (SYSCFG_CFGR1_IR_MOD_1)                            /*!< USART4
  89:Drivers/STM32F0xx_HAL_Driver/Inc/stm32f0xx_ll_system.h **** /**
  90:Drivers/STM32F0xx_HAL_Driver/Inc/stm32f0xx_ll_system.h ****   * @}
  91:Drivers/STM32F0xx_HAL_Driver/Inc/stm32f0xx_ll_system.h ****   */
  92:Drivers/STM32F0xx_HAL_Driver/Inc/stm32f0xx_ll_system.h **** 
  93:Drivers/STM32F0xx_HAL_Driver/Inc/stm32f0xx_ll_system.h **** #endif /* SYSCFG_CFGR1_IR_MOD */
ARM GAS  C:\Users\three\AppData\Local\Temp\cc3mDhxh.s 			page 34


  94:Drivers/STM32F0xx_HAL_Driver/Inc/stm32f0xx_ll_system.h **** 
  95:Drivers/STM32F0xx_HAL_Driver/Inc/stm32f0xx_ll_system.h **** #if defined(SYSCFG_CFGR1_USART1TX_DMA_RMP) || defined(SYSCFG_CFGR1_USART1RX_DMA_RMP) || defined(SYS
  96:Drivers/STM32F0xx_HAL_Driver/Inc/stm32f0xx_ll_system.h **** /** @defgroup SYSTEM_LL_EC_USART1TX_RMP SYSCFG USART DMA Remap
  97:Drivers/STM32F0xx_HAL_Driver/Inc/stm32f0xx_ll_system.h ****   * @{
  98:Drivers/STM32F0xx_HAL_Driver/Inc/stm32f0xx_ll_system.h ****   */
  99:Drivers/STM32F0xx_HAL_Driver/Inc/stm32f0xx_ll_system.h **** #if defined (SYSCFG_CFGR1_USART1TX_DMA_RMP)
 100:Drivers/STM32F0xx_HAL_Driver/Inc/stm32f0xx_ll_system.h **** #define LL_SYSCFG_USART1TX_RMP_DMA1CH2     ((SYSCFG_CFGR1_USART1TX_DMA_RMP >> 8U) | (uint32_t)0x000
 101:Drivers/STM32F0xx_HAL_Driver/Inc/stm32f0xx_ll_system.h **** #define LL_SYSCFG_USART1TX_RMP_DMA1CH4     ((SYSCFG_CFGR1_USART1TX_DMA_RMP >> 8U) | SYSCFG_CFGR1_US
 102:Drivers/STM32F0xx_HAL_Driver/Inc/stm32f0xx_ll_system.h **** #endif /*SYSCFG_CFGR1_USART1TX_DMA_RMP*/
 103:Drivers/STM32F0xx_HAL_Driver/Inc/stm32f0xx_ll_system.h **** #if defined (SYSCFG_CFGR1_USART1RX_DMA_RMP)
 104:Drivers/STM32F0xx_HAL_Driver/Inc/stm32f0xx_ll_system.h **** #define LL_SYSCFG_USART1RX_RMP_DMA1CH3     ((SYSCFG_CFGR1_USART1RX_DMA_RMP >> 8U) | (uint32_t)0x000
 105:Drivers/STM32F0xx_HAL_Driver/Inc/stm32f0xx_ll_system.h **** #define LL_SYSCFG_USART1RX_RMP_DMA1CH5     ((SYSCFG_CFGR1_USART1RX_DMA_RMP >> 8U) | SYSCFG_CFGR1_US
 106:Drivers/STM32F0xx_HAL_Driver/Inc/stm32f0xx_ll_system.h **** #endif /*SYSCFG_CFGR1_USART1RX_DMA_RMP*/
 107:Drivers/STM32F0xx_HAL_Driver/Inc/stm32f0xx_ll_system.h **** #if defined (SYSCFG_CFGR1_USART2_DMA_RMP)
 108:Drivers/STM32F0xx_HAL_Driver/Inc/stm32f0xx_ll_system.h **** #define LL_SYSCFG_USART2_RMP_DMA1CH54      ((SYSCFG_CFGR1_USART2_DMA_RMP >> 8U) | (uint32_t)0x00000
 109:Drivers/STM32F0xx_HAL_Driver/Inc/stm32f0xx_ll_system.h **** #define LL_SYSCFG_USART2_RMP_DMA1CH67      ((SYSCFG_CFGR1_USART2_DMA_RMP >> 8U) | SYSCFG_CFGR1_USAR
 110:Drivers/STM32F0xx_HAL_Driver/Inc/stm32f0xx_ll_system.h **** #endif /*SYSCFG_CFGR1_USART2_DMA_RMP*/
 111:Drivers/STM32F0xx_HAL_Driver/Inc/stm32f0xx_ll_system.h **** #if defined (SYSCFG_CFGR1_USART3_DMA_RMP)
 112:Drivers/STM32F0xx_HAL_Driver/Inc/stm32f0xx_ll_system.h **** #define LL_SYSCFG_USART3_RMP_DMA1CH67      ((SYSCFG_CFGR1_USART3_DMA_RMP >> 8U) | (uint32_t)0x00000
 113:Drivers/STM32F0xx_HAL_Driver/Inc/stm32f0xx_ll_system.h **** #define LL_SYSCFG_USART3_RMP_DMA1CH32      ((SYSCFG_CFGR1_USART3_DMA_RMP >> 8U) | SYSCFG_CFGR1_USAR
 114:Drivers/STM32F0xx_HAL_Driver/Inc/stm32f0xx_ll_system.h **** #endif /* SYSCFG_CFGR1_USART3_DMA_RMP */
 115:Drivers/STM32F0xx_HAL_Driver/Inc/stm32f0xx_ll_system.h **** /**
 116:Drivers/STM32F0xx_HAL_Driver/Inc/stm32f0xx_ll_system.h ****   * @}
 117:Drivers/STM32F0xx_HAL_Driver/Inc/stm32f0xx_ll_system.h ****   */
 118:Drivers/STM32F0xx_HAL_Driver/Inc/stm32f0xx_ll_system.h **** #endif /* SYSCFG_CFGR1_USART1TX_DMA_RMP || SYSCFG_CFGR1_USART1RX_DMA_RMP || SYSCFG_CFGR1_USART2_DMA
 119:Drivers/STM32F0xx_HAL_Driver/Inc/stm32f0xx_ll_system.h **** 
 120:Drivers/STM32F0xx_HAL_Driver/Inc/stm32f0xx_ll_system.h **** #if defined (SYSCFG_CFGR1_SPI2_DMA_RMP)
 121:Drivers/STM32F0xx_HAL_Driver/Inc/stm32f0xx_ll_system.h **** /** @defgroup SYSTEM_LL_EC_SPI2_RMP_DMA1 SYSCFG SPI2 DMA Remap
 122:Drivers/STM32F0xx_HAL_Driver/Inc/stm32f0xx_ll_system.h ****   * @{
 123:Drivers/STM32F0xx_HAL_Driver/Inc/stm32f0xx_ll_system.h ****   */
 124:Drivers/STM32F0xx_HAL_Driver/Inc/stm32f0xx_ll_system.h **** #define LL_SYSCFG_SPI2_RMP_DMA1_CH45       (uint32_t)0x00000000U      /*!< SPI2_RX and SPI2_TX DMA 
 125:Drivers/STM32F0xx_HAL_Driver/Inc/stm32f0xx_ll_system.h **** #define LL_SYSCFG_SPI2_RMP_DMA1_CH67       SYSCFG_CFGR1_SPI2_DMA_RMP  /*!< SPI2_RX and SPI2_TX DMA 
 126:Drivers/STM32F0xx_HAL_Driver/Inc/stm32f0xx_ll_system.h **** /**
 127:Drivers/STM32F0xx_HAL_Driver/Inc/stm32f0xx_ll_system.h ****   * @}
 128:Drivers/STM32F0xx_HAL_Driver/Inc/stm32f0xx_ll_system.h ****   */
 129:Drivers/STM32F0xx_HAL_Driver/Inc/stm32f0xx_ll_system.h **** 
 130:Drivers/STM32F0xx_HAL_Driver/Inc/stm32f0xx_ll_system.h **** #endif /*SYSCFG_CFGR1_SPI2_DMA_RMP*/
 131:Drivers/STM32F0xx_HAL_Driver/Inc/stm32f0xx_ll_system.h **** 
 132:Drivers/STM32F0xx_HAL_Driver/Inc/stm32f0xx_ll_system.h **** #if defined (SYSCFG_CFGR1_I2C1_DMA_RMP)
 133:Drivers/STM32F0xx_HAL_Driver/Inc/stm32f0xx_ll_system.h **** /** @defgroup SYSTEM_LL_EC_I2C1_RMP_DMA1 SYSCFG I2C1 DMA Remap
 134:Drivers/STM32F0xx_HAL_Driver/Inc/stm32f0xx_ll_system.h ****   * @{
 135:Drivers/STM32F0xx_HAL_Driver/Inc/stm32f0xx_ll_system.h ****   */
 136:Drivers/STM32F0xx_HAL_Driver/Inc/stm32f0xx_ll_system.h **** #define LL_SYSCFG_I2C1_RMP_DMA1_CH32       (uint32_t)0x00000000U      /*!< I2C1_RX and I2C1_TX DMA 
 137:Drivers/STM32F0xx_HAL_Driver/Inc/stm32f0xx_ll_system.h **** #define LL_SYSCFG_I2C1_RMP_DMA1_CH76       SYSCFG_CFGR1_I2C1_DMA_RMP  /*!< I2C1_RX and I2C1_TX DMA 
 138:Drivers/STM32F0xx_HAL_Driver/Inc/stm32f0xx_ll_system.h **** /**
 139:Drivers/STM32F0xx_HAL_Driver/Inc/stm32f0xx_ll_system.h ****   * @}
 140:Drivers/STM32F0xx_HAL_Driver/Inc/stm32f0xx_ll_system.h ****   */
 141:Drivers/STM32F0xx_HAL_Driver/Inc/stm32f0xx_ll_system.h **** 
 142:Drivers/STM32F0xx_HAL_Driver/Inc/stm32f0xx_ll_system.h **** #endif /*SYSCFG_CFGR1_I2C1_DMA_RMP*/
 143:Drivers/STM32F0xx_HAL_Driver/Inc/stm32f0xx_ll_system.h **** 
 144:Drivers/STM32F0xx_HAL_Driver/Inc/stm32f0xx_ll_system.h **** #if defined(SYSCFG_CFGR1_ADC_DMA_RMP)
 145:Drivers/STM32F0xx_HAL_Driver/Inc/stm32f0xx_ll_system.h **** /** @defgroup SYSTEM_LL_EC_ADC1_RMP_DMA1 SYSCFG ADC1 DMA Remap
 146:Drivers/STM32F0xx_HAL_Driver/Inc/stm32f0xx_ll_system.h ****   * @{
 147:Drivers/STM32F0xx_HAL_Driver/Inc/stm32f0xx_ll_system.h ****   */
 148:Drivers/STM32F0xx_HAL_Driver/Inc/stm32f0xx_ll_system.h **** #define LL_SYSCFG_ADC1_RMP_DMA1_CH1        (uint32_t)0x00000000U     /*!< ADC DMA request mapped on
 149:Drivers/STM32F0xx_HAL_Driver/Inc/stm32f0xx_ll_system.h **** #define LL_SYSCFG_ADC1_RMP_DMA1_CH2        SYSCFG_CFGR1_ADC_DMA_RMP  /*!< ADC DMA request mapped on
 150:Drivers/STM32F0xx_HAL_Driver/Inc/stm32f0xx_ll_system.h **** /**
ARM GAS  C:\Users\three\AppData\Local\Temp\cc3mDhxh.s 			page 35


 151:Drivers/STM32F0xx_HAL_Driver/Inc/stm32f0xx_ll_system.h ****   * @}
 152:Drivers/STM32F0xx_HAL_Driver/Inc/stm32f0xx_ll_system.h ****   */
 153:Drivers/STM32F0xx_HAL_Driver/Inc/stm32f0xx_ll_system.h **** 
 154:Drivers/STM32F0xx_HAL_Driver/Inc/stm32f0xx_ll_system.h **** #endif /* SYSCFG_CFGR1_ADC_DMA_RMP */
 155:Drivers/STM32F0xx_HAL_Driver/Inc/stm32f0xx_ll_system.h **** 
 156:Drivers/STM32F0xx_HAL_Driver/Inc/stm32f0xx_ll_system.h **** #if defined(SYSCFG_CFGR1_TIM16_DMA_RMP) || defined(SYSCFG_CFGR1_TIM17_DMA_RMP) || defined(SYSCFG_CF
 157:Drivers/STM32F0xx_HAL_Driver/Inc/stm32f0xx_ll_system.h **** /** @defgroup SYSTEM_LL_EC_TIM16_RMP_DMA1 SYSCFG TIM DMA Remap
 158:Drivers/STM32F0xx_HAL_Driver/Inc/stm32f0xx_ll_system.h ****   * @{
 159:Drivers/STM32F0xx_HAL_Driver/Inc/stm32f0xx_ll_system.h ****   */
 160:Drivers/STM32F0xx_HAL_Driver/Inc/stm32f0xx_ll_system.h **** #if defined(SYSCFG_CFGR1_TIM16_DMA_RMP)
 161:Drivers/STM32F0xx_HAL_Driver/Inc/stm32f0xx_ll_system.h **** #if defined (SYSCFG_CFGR1_TIM16_DMA_RMP2)
 162:Drivers/STM32F0xx_HAL_Driver/Inc/stm32f0xx_ll_system.h **** #define LL_SYSCFG_TIM16_RMP_DMA1_CH3       (((SYSCFG_CFGR1_TIM16_DMA_RMP | SYSCFG_CFGR1_TIM16_DMA_R
 163:Drivers/STM32F0xx_HAL_Driver/Inc/stm32f0xx_ll_system.h **** #define LL_SYSCFG_TIM16_RMP_DMA1_CH4       (((SYSCFG_CFGR1_TIM16_DMA_RMP | SYSCFG_CFGR1_TIM16_DMA_R
 164:Drivers/STM32F0xx_HAL_Driver/Inc/stm32f0xx_ll_system.h **** #define LL_SYSCFG_TIM16_RMP_DMA1_CH6       ((SYSCFG_CFGR1_TIM16_DMA_RMP2 >> 8U) | SYSCFG_CFGR1_TIM1
 165:Drivers/STM32F0xx_HAL_Driver/Inc/stm32f0xx_ll_system.h **** #else
 166:Drivers/STM32F0xx_HAL_Driver/Inc/stm32f0xx_ll_system.h **** #define LL_SYSCFG_TIM16_RMP_DMA1_CH3       ((SYSCFG_CFGR1_TIM16_DMA_RMP >> 8U) | (uint32_t)0x000000
 167:Drivers/STM32F0xx_HAL_Driver/Inc/stm32f0xx_ll_system.h **** #define LL_SYSCFG_TIM16_RMP_DMA1_CH4       ((SYSCFG_CFGR1_TIM16_DMA_RMP >> 8U) | SYSCFG_CFGR1_TIM16
 168:Drivers/STM32F0xx_HAL_Driver/Inc/stm32f0xx_ll_system.h **** #endif /* SYSCFG_CFGR1_TIM16_DMA_RMP2 */
 169:Drivers/STM32F0xx_HAL_Driver/Inc/stm32f0xx_ll_system.h **** #endif /* SYSCFG_CFGR1_TIM16_DMA_RMP */
 170:Drivers/STM32F0xx_HAL_Driver/Inc/stm32f0xx_ll_system.h **** #if defined(SYSCFG_CFGR1_TIM17_DMA_RMP)
 171:Drivers/STM32F0xx_HAL_Driver/Inc/stm32f0xx_ll_system.h **** #if defined (SYSCFG_CFGR1_TIM17_DMA_RMP2)
 172:Drivers/STM32F0xx_HAL_Driver/Inc/stm32f0xx_ll_system.h **** #define LL_SYSCFG_TIM17_RMP_DMA1_CH1       (((SYSCFG_CFGR1_TIM17_DMA_RMP | SYSCFG_CFGR1_TIM17_DMA_R
 173:Drivers/STM32F0xx_HAL_Driver/Inc/stm32f0xx_ll_system.h **** #define LL_SYSCFG_TIM17_RMP_DMA1_CH2       (((SYSCFG_CFGR1_TIM17_DMA_RMP | SYSCFG_CFGR1_TIM17_DMA_R
 174:Drivers/STM32F0xx_HAL_Driver/Inc/stm32f0xx_ll_system.h **** #define LL_SYSCFG_TIM17_RMP_DMA1_CH7       ((SYSCFG_CFGR1_TIM17_DMA_RMP2 >> 8U) | SYSCFG_CFGR1_TIM1
 175:Drivers/STM32F0xx_HAL_Driver/Inc/stm32f0xx_ll_system.h **** #else
 176:Drivers/STM32F0xx_HAL_Driver/Inc/stm32f0xx_ll_system.h **** #define LL_SYSCFG_TIM17_RMP_DMA1_CH1       ((SYSCFG_CFGR1_TIM17_DMA_RMP >> 8U) | (uint32_t)0x000000
 177:Drivers/STM32F0xx_HAL_Driver/Inc/stm32f0xx_ll_system.h **** #define LL_SYSCFG_TIM17_RMP_DMA1_CH2       ((SYSCFG_CFGR1_TIM17_DMA_RMP >> 8U) | SYSCFG_CFGR1_TIM17
 178:Drivers/STM32F0xx_HAL_Driver/Inc/stm32f0xx_ll_system.h **** #endif /* SYSCFG_CFGR1_TIM17_DMA_RMP2 */
 179:Drivers/STM32F0xx_HAL_Driver/Inc/stm32f0xx_ll_system.h **** #endif /* SYSCFG_CFGR1_TIM17_DMA_RMP */
 180:Drivers/STM32F0xx_HAL_Driver/Inc/stm32f0xx_ll_system.h **** #if defined (SYSCFG_CFGR1_TIM1_DMA_RMP)
 181:Drivers/STM32F0xx_HAL_Driver/Inc/stm32f0xx_ll_system.h **** #define LL_SYSCFG_TIM1_RMP_DMA1_CH234      ((SYSCFG_CFGR1_TIM1_DMA_RMP >> 8U) | (uint32_t)0x0000000
 182:Drivers/STM32F0xx_HAL_Driver/Inc/stm32f0xx_ll_system.h **** #define LL_SYSCFG_TIM1_RMP_DMA1_CH6        ((SYSCFG_CFGR1_TIM1_DMA_RMP >> 8U) | SYSCFG_CFGR1_TIM1_D
 183:Drivers/STM32F0xx_HAL_Driver/Inc/stm32f0xx_ll_system.h **** #endif /*SYSCFG_CFGR1_TIM1_DMA_RMP*/
 184:Drivers/STM32F0xx_HAL_Driver/Inc/stm32f0xx_ll_system.h **** #if defined (SYSCFG_CFGR1_TIM2_DMA_RMP)
 185:Drivers/STM32F0xx_HAL_Driver/Inc/stm32f0xx_ll_system.h **** #define LL_SYSCFG_TIM2_RMP_DMA1_CH34       ((SYSCFG_CFGR1_TIM2_DMA_RMP >> 8U) | (uint32_t)0x0000000
 186:Drivers/STM32F0xx_HAL_Driver/Inc/stm32f0xx_ll_system.h **** #define LL_SYSCFG_TIM2_RMP_DMA1_CH7        ((SYSCFG_CFGR1_TIM2_DMA_RMP >> 8U) | SYSCFG_CFGR1_TIM2_D
 187:Drivers/STM32F0xx_HAL_Driver/Inc/stm32f0xx_ll_system.h **** #endif /*SYSCFG_CFGR1_TIM2_DMA_RMP*/
 188:Drivers/STM32F0xx_HAL_Driver/Inc/stm32f0xx_ll_system.h **** #if defined (SYSCFG_CFGR1_TIM3_DMA_RMP)
 189:Drivers/STM32F0xx_HAL_Driver/Inc/stm32f0xx_ll_system.h **** #define LL_SYSCFG_TIM3_RMP_DMA1_CH4        ((SYSCFG_CFGR1_TIM3_DMA_RMP >> 8U) | (uint32_t)0x0000000
 190:Drivers/STM32F0xx_HAL_Driver/Inc/stm32f0xx_ll_system.h **** #define LL_SYSCFG_TIM3_RMP_DMA1_CH6        ((SYSCFG_CFGR1_TIM3_DMA_RMP >> 8U) | SYSCFG_CFGR1_TIM3_D
 191:Drivers/STM32F0xx_HAL_Driver/Inc/stm32f0xx_ll_system.h **** #endif /*SYSCFG_CFGR1_TIM3_DMA_RMP*/
 192:Drivers/STM32F0xx_HAL_Driver/Inc/stm32f0xx_ll_system.h **** /**
 193:Drivers/STM32F0xx_HAL_Driver/Inc/stm32f0xx_ll_system.h ****   * @}
 194:Drivers/STM32F0xx_HAL_Driver/Inc/stm32f0xx_ll_system.h ****   */
 195:Drivers/STM32F0xx_HAL_Driver/Inc/stm32f0xx_ll_system.h **** 
 196:Drivers/STM32F0xx_HAL_Driver/Inc/stm32f0xx_ll_system.h **** #endif /* SYSCFG_CFGR1_TIM16_DMA_RMP || SYSCFG_CFGR1_TIM17_DMA_RMP || SYSCFG_CFGR1_TIM1_DMA_RMP || 
 197:Drivers/STM32F0xx_HAL_Driver/Inc/stm32f0xx_ll_system.h **** 
 198:Drivers/STM32F0xx_HAL_Driver/Inc/stm32f0xx_ll_system.h **** /** @defgroup SYSTEM_LL_EC_I2C_FASTMODEPLUS SYSCFG I2C FASTMODEPLUS
 199:Drivers/STM32F0xx_HAL_Driver/Inc/stm32f0xx_ll_system.h ****   * @{
 200:Drivers/STM32F0xx_HAL_Driver/Inc/stm32f0xx_ll_system.h ****   */
 201:Drivers/STM32F0xx_HAL_Driver/Inc/stm32f0xx_ll_system.h **** #define LL_SYSCFG_I2C_FASTMODEPLUS_PB6     SYSCFG_CFGR1_I2C_FMP_PB6  /*!< I2C PB6 Fast mode plus */
 202:Drivers/STM32F0xx_HAL_Driver/Inc/stm32f0xx_ll_system.h **** #define LL_SYSCFG_I2C_FASTMODEPLUS_PB7     SYSCFG_CFGR1_I2C_FMP_PB7  /*!< I2C PB7 Fast mode plus */
 203:Drivers/STM32F0xx_HAL_Driver/Inc/stm32f0xx_ll_system.h **** #define LL_SYSCFG_I2C_FASTMODEPLUS_PB8     SYSCFG_CFGR1_I2C_FMP_PB8  /*!< I2C PB8 Fast mode plus */
 204:Drivers/STM32F0xx_HAL_Driver/Inc/stm32f0xx_ll_system.h **** #define LL_SYSCFG_I2C_FASTMODEPLUS_PB9     SYSCFG_CFGR1_I2C_FMP_PB9  /*!< I2C PB9 Fast mode plus */
 205:Drivers/STM32F0xx_HAL_Driver/Inc/stm32f0xx_ll_system.h **** #if defined(SYSCFG_CFGR1_I2C_FMP_I2C1)
 206:Drivers/STM32F0xx_HAL_Driver/Inc/stm32f0xx_ll_system.h **** #define LL_SYSCFG_I2C_FASTMODEPLUS_I2C1    SYSCFG_CFGR1_I2C_FMP_I2C1 /*!< Enable Fast Mode Plus on 
 207:Drivers/STM32F0xx_HAL_Driver/Inc/stm32f0xx_ll_system.h **** #endif /*SYSCFG_CFGR1_I2C_FMP_I2C1*/
ARM GAS  C:\Users\three\AppData\Local\Temp\cc3mDhxh.s 			page 36


 208:Drivers/STM32F0xx_HAL_Driver/Inc/stm32f0xx_ll_system.h **** #if defined(SYSCFG_CFGR1_I2C_FMP_I2C2)
 209:Drivers/STM32F0xx_HAL_Driver/Inc/stm32f0xx_ll_system.h **** #define LL_SYSCFG_I2C_FASTMODEPLUS_I2C2    SYSCFG_CFGR1_I2C_FMP_I2C2 /*!< Enable I2C2 Fast mode plu
 210:Drivers/STM32F0xx_HAL_Driver/Inc/stm32f0xx_ll_system.h **** #endif /*SYSCFG_CFGR1_I2C_FMP_I2C2*/
 211:Drivers/STM32F0xx_HAL_Driver/Inc/stm32f0xx_ll_system.h **** #if defined(SYSCFG_CFGR1_I2C_FMP_PA9)
 212:Drivers/STM32F0xx_HAL_Driver/Inc/stm32f0xx_ll_system.h **** #define LL_SYSCFG_I2C_FASTMODEPLUS_PA9     SYSCFG_CFGR1_I2C_FMP_PA9 /*!< Enable Fast Mode Plus on P
 213:Drivers/STM32F0xx_HAL_Driver/Inc/stm32f0xx_ll_system.h **** #endif /*SYSCFG_CFGR1_I2C_FMP_PA9*/
 214:Drivers/STM32F0xx_HAL_Driver/Inc/stm32f0xx_ll_system.h **** #if defined(SYSCFG_CFGR1_I2C_FMP_PA10)
 215:Drivers/STM32F0xx_HAL_Driver/Inc/stm32f0xx_ll_system.h **** #define LL_SYSCFG_I2C_FASTMODEPLUS_PA10    SYSCFG_CFGR1_I2C_FMP_PA10 /*!< Enable Fast Mode Plus on 
 216:Drivers/STM32F0xx_HAL_Driver/Inc/stm32f0xx_ll_system.h **** #endif /*SYSCFG_CFGR1_I2C_FMP_PA10*/
 217:Drivers/STM32F0xx_HAL_Driver/Inc/stm32f0xx_ll_system.h **** /**
 218:Drivers/STM32F0xx_HAL_Driver/Inc/stm32f0xx_ll_system.h ****   * @}
 219:Drivers/STM32F0xx_HAL_Driver/Inc/stm32f0xx_ll_system.h ****   */
 220:Drivers/STM32F0xx_HAL_Driver/Inc/stm32f0xx_ll_system.h **** 
 221:Drivers/STM32F0xx_HAL_Driver/Inc/stm32f0xx_ll_system.h **** /** @defgroup SYSTEM_LL_EC_EXTI_PORT SYSCFG EXTI PORT
 222:Drivers/STM32F0xx_HAL_Driver/Inc/stm32f0xx_ll_system.h ****   * @{
 223:Drivers/STM32F0xx_HAL_Driver/Inc/stm32f0xx_ll_system.h ****   */
 224:Drivers/STM32F0xx_HAL_Driver/Inc/stm32f0xx_ll_system.h **** #define LL_SYSCFG_EXTI_PORTA               (uint32_t)0U               /*!< EXTI PORT A */
 225:Drivers/STM32F0xx_HAL_Driver/Inc/stm32f0xx_ll_system.h **** #define LL_SYSCFG_EXTI_PORTB               (uint32_t)1U               /*!< EXTI PORT B */
 226:Drivers/STM32F0xx_HAL_Driver/Inc/stm32f0xx_ll_system.h **** #define LL_SYSCFG_EXTI_PORTC               (uint32_t)2U               /*!< EXTI PORT C */
 227:Drivers/STM32F0xx_HAL_Driver/Inc/stm32f0xx_ll_system.h **** #if defined(GPIOD_BASE)
 228:Drivers/STM32F0xx_HAL_Driver/Inc/stm32f0xx_ll_system.h **** #define LL_SYSCFG_EXTI_PORTD               (uint32_t)3U               /*!< EXTI PORT D */
 229:Drivers/STM32F0xx_HAL_Driver/Inc/stm32f0xx_ll_system.h **** #endif /*GPIOD_BASE*/
 230:Drivers/STM32F0xx_HAL_Driver/Inc/stm32f0xx_ll_system.h **** #if defined(GPIOE_BASE)
 231:Drivers/STM32F0xx_HAL_Driver/Inc/stm32f0xx_ll_system.h **** #define LL_SYSCFG_EXTI_PORTE               (uint32_t)4U               /*!< EXTI PORT E */
 232:Drivers/STM32F0xx_HAL_Driver/Inc/stm32f0xx_ll_system.h **** #endif /*GPIOE_BASE*/
 233:Drivers/STM32F0xx_HAL_Driver/Inc/stm32f0xx_ll_system.h **** #define LL_SYSCFG_EXTI_PORTF               (uint32_t)5U               /*!< EXTI PORT F */
 234:Drivers/STM32F0xx_HAL_Driver/Inc/stm32f0xx_ll_system.h **** /**
 235:Drivers/STM32F0xx_HAL_Driver/Inc/stm32f0xx_ll_system.h ****   * @}
 236:Drivers/STM32F0xx_HAL_Driver/Inc/stm32f0xx_ll_system.h ****   */
 237:Drivers/STM32F0xx_HAL_Driver/Inc/stm32f0xx_ll_system.h **** 
 238:Drivers/STM32F0xx_HAL_Driver/Inc/stm32f0xx_ll_system.h **** /** @defgroup SYSTEM_LL_EC_EXTI_LINE SYSCFG EXTI LINE
 239:Drivers/STM32F0xx_HAL_Driver/Inc/stm32f0xx_ll_system.h ****   * @{
 240:Drivers/STM32F0xx_HAL_Driver/Inc/stm32f0xx_ll_system.h ****   */
 241:Drivers/STM32F0xx_HAL_Driver/Inc/stm32f0xx_ll_system.h **** #define LL_SYSCFG_EXTI_LINE0               (uint32_t)(0U << 16U | 0U)  /*!< EXTI_POSITION_0  | EXTI
 242:Drivers/STM32F0xx_HAL_Driver/Inc/stm32f0xx_ll_system.h **** #define LL_SYSCFG_EXTI_LINE1               (uint32_t)(4U << 16U | 0U)  /*!< EXTI_POSITION_4  | EXTI
 243:Drivers/STM32F0xx_HAL_Driver/Inc/stm32f0xx_ll_system.h **** #define LL_SYSCFG_EXTI_LINE2               (uint32_t)(8U << 16U | 0U)  /*!< EXTI_POSITION_8  | EXTI
 244:Drivers/STM32F0xx_HAL_Driver/Inc/stm32f0xx_ll_system.h **** #define LL_SYSCFG_EXTI_LINE3               (uint32_t)(12U << 16U | 0U) /*!< EXTI_POSITION_12 | EXTI
 245:Drivers/STM32F0xx_HAL_Driver/Inc/stm32f0xx_ll_system.h **** #define LL_SYSCFG_EXTI_LINE4               (uint32_t)(0U << 16U | 1U)  /*!< EXTI_POSITION_0  | EXTI
 246:Drivers/STM32F0xx_HAL_Driver/Inc/stm32f0xx_ll_system.h **** #define LL_SYSCFG_EXTI_LINE5               (uint32_t)(4U << 16U | 1U)  /*!< EXTI_POSITION_4  | EXTI
 247:Drivers/STM32F0xx_HAL_Driver/Inc/stm32f0xx_ll_system.h **** #define LL_SYSCFG_EXTI_LINE6               (uint32_t)(8U << 16U | 1U)  /*!< EXTI_POSITION_8  | EXTI
 248:Drivers/STM32F0xx_HAL_Driver/Inc/stm32f0xx_ll_system.h **** #define LL_SYSCFG_EXTI_LINE7               (uint32_t)(12U << 16U | 1U) /*!< EXTI_POSITION_12 | EXTI
 249:Drivers/STM32F0xx_HAL_Driver/Inc/stm32f0xx_ll_system.h **** #define LL_SYSCFG_EXTI_LINE8               (uint32_t)(0U << 16U | 2U)  /*!< EXTI_POSITION_0  | EXTI
 250:Drivers/STM32F0xx_HAL_Driver/Inc/stm32f0xx_ll_system.h **** #define LL_SYSCFG_EXTI_LINE9               (uint32_t)(4U << 16U | 2U)  /*!< EXTI_POSITION_4  | EXTI
 251:Drivers/STM32F0xx_HAL_Driver/Inc/stm32f0xx_ll_system.h **** #define LL_SYSCFG_EXTI_LINE10              (uint32_t)(8U << 16U | 2U)  /*!< EXTI_POSITION_8  | EXTI
 252:Drivers/STM32F0xx_HAL_Driver/Inc/stm32f0xx_ll_system.h **** #define LL_SYSCFG_EXTI_LINE11              (uint32_t)(12U << 16U | 2U) /*!< EXTI_POSITION_12 | EXTI
 253:Drivers/STM32F0xx_HAL_Driver/Inc/stm32f0xx_ll_system.h **** #define LL_SYSCFG_EXTI_LINE12              (uint32_t)(0U << 16U | 3U)  /*!< EXTI_POSITION_0  | EXTI
 254:Drivers/STM32F0xx_HAL_Driver/Inc/stm32f0xx_ll_system.h **** #define LL_SYSCFG_EXTI_LINE13              (uint32_t)(4U << 16U | 3U)  /*!< EXTI_POSITION_4  | EXTI
 255:Drivers/STM32F0xx_HAL_Driver/Inc/stm32f0xx_ll_system.h **** #define LL_SYSCFG_EXTI_LINE14              (uint32_t)(8U << 16U | 3U)  /*!< EXTI_POSITION_8  | EXTI
 256:Drivers/STM32F0xx_HAL_Driver/Inc/stm32f0xx_ll_system.h **** #define LL_SYSCFG_EXTI_LINE15              (uint32_t)(12U << 16U | 3U) /*!< EXTI_POSITION_12 | EXTI
 257:Drivers/STM32F0xx_HAL_Driver/Inc/stm32f0xx_ll_system.h **** /**
 258:Drivers/STM32F0xx_HAL_Driver/Inc/stm32f0xx_ll_system.h ****   * @}
 259:Drivers/STM32F0xx_HAL_Driver/Inc/stm32f0xx_ll_system.h ****   */
 260:Drivers/STM32F0xx_HAL_Driver/Inc/stm32f0xx_ll_system.h **** 
 261:Drivers/STM32F0xx_HAL_Driver/Inc/stm32f0xx_ll_system.h **** /** @defgroup SYSTEM_LL_EC_TIMBREAK SYSCFG TIMER BREAK
 262:Drivers/STM32F0xx_HAL_Driver/Inc/stm32f0xx_ll_system.h ****   * @{
 263:Drivers/STM32F0xx_HAL_Driver/Inc/stm32f0xx_ll_system.h ****   */
 264:Drivers/STM32F0xx_HAL_Driver/Inc/stm32f0xx_ll_system.h **** #if defined(SYSCFG_CFGR2_PVD_LOCK)
ARM GAS  C:\Users\three\AppData\Local\Temp\cc3mDhxh.s 			page 37


 265:Drivers/STM32F0xx_HAL_Driver/Inc/stm32f0xx_ll_system.h **** #define LL_SYSCFG_TIMBREAK_PVD             SYSCFG_CFGR2_PVD_LOCK  /*!< Enables and locks the PVD co
 266:Drivers/STM32F0xx_HAL_Driver/Inc/stm32f0xx_ll_system.h ****                                                                        with TIM1/15/16U/17 Break In
 267:Drivers/STM32F0xx_HAL_Driver/Inc/stm32f0xx_ll_system.h ****                                                                        the PVDE and PLS bits of the
 268:Drivers/STM32F0xx_HAL_Driver/Inc/stm32f0xx_ll_system.h **** #endif /*SYSCFG_CFGR2_PVD_LOCK*/
 269:Drivers/STM32F0xx_HAL_Driver/Inc/stm32f0xx_ll_system.h **** #define LL_SYSCFG_TIMBREAK_SRAM_PARITY     SYSCFG_CFGR2_SRAM_PARITY_LOCK   /*!< Enables and locks t
 270:Drivers/STM32F0xx_HAL_Driver/Inc/stm32f0xx_ll_system.h ****                                                                                 with Break Input of
 271:Drivers/STM32F0xx_HAL_Driver/Inc/stm32f0xx_ll_system.h **** #define LL_SYSCFG_TIMBREAK_LOCKUP          SYSCFG_CFGR2_LOCKUP_LOCK   /*!< Enables and locks the LO
 272:Drivers/STM32F0xx_HAL_Driver/Inc/stm32f0xx_ll_system.h ****                                                                            CortexM0 with Break Inpu
 273:Drivers/STM32F0xx_HAL_Driver/Inc/stm32f0xx_ll_system.h **** /**
 274:Drivers/STM32F0xx_HAL_Driver/Inc/stm32f0xx_ll_system.h ****   * @}
 275:Drivers/STM32F0xx_HAL_Driver/Inc/stm32f0xx_ll_system.h ****   */
 276:Drivers/STM32F0xx_HAL_Driver/Inc/stm32f0xx_ll_system.h **** 
 277:Drivers/STM32F0xx_HAL_Driver/Inc/stm32f0xx_ll_system.h **** /** @defgroup SYSTEM_LL_EC_APB1_GRP1_STOP_IP  DBGMCU APB1 GRP1 STOP IP
 278:Drivers/STM32F0xx_HAL_Driver/Inc/stm32f0xx_ll_system.h ****   * @{
 279:Drivers/STM32F0xx_HAL_Driver/Inc/stm32f0xx_ll_system.h ****   */
 280:Drivers/STM32F0xx_HAL_Driver/Inc/stm32f0xx_ll_system.h **** #if defined(DBGMCU_APB1_FZ_DBG_TIM2_STOP)
 281:Drivers/STM32F0xx_HAL_Driver/Inc/stm32f0xx_ll_system.h **** #define LL_DBGMCU_APB1_GRP1_TIM2_STOP      DBGMCU_APB1_FZ_DBG_TIM2_STOP        /*!< TIM2 counter st
 282:Drivers/STM32F0xx_HAL_Driver/Inc/stm32f0xx_ll_system.h **** #endif /*DBGMCU_APB1_FZ_DBG_TIM2_STOP*/
 283:Drivers/STM32F0xx_HAL_Driver/Inc/stm32f0xx_ll_system.h **** #define LL_DBGMCU_APB1_GRP1_TIM3_STOP      DBGMCU_APB1_FZ_DBG_TIM3_STOP        /*!< TIM3 counter st
 284:Drivers/STM32F0xx_HAL_Driver/Inc/stm32f0xx_ll_system.h **** #if defined(DBGMCU_APB1_FZ_DBG_TIM6_STOP)
 285:Drivers/STM32F0xx_HAL_Driver/Inc/stm32f0xx_ll_system.h **** #define LL_DBGMCU_APB1_GRP1_TIM6_STOP      DBGMCU_APB1_FZ_DBG_TIM6_STOP        /*!< TIM6 counter st
 286:Drivers/STM32F0xx_HAL_Driver/Inc/stm32f0xx_ll_system.h **** #endif /*DBGMCU_APB1_FZ_DBG_TIM6_STOP*/
 287:Drivers/STM32F0xx_HAL_Driver/Inc/stm32f0xx_ll_system.h **** #if defined(DBGMCU_APB1_FZ_DBG_TIM7_STOP)
 288:Drivers/STM32F0xx_HAL_Driver/Inc/stm32f0xx_ll_system.h **** #define LL_DBGMCU_APB1_GRP1_TIM7_STOP      DBGMCU_APB1_FZ_DBG_TIM7_STOP        /*!< TIM7 counter st
 289:Drivers/STM32F0xx_HAL_Driver/Inc/stm32f0xx_ll_system.h **** #endif /*DBGMCU_APB1_FZ_DBG_TIM7_STOP*/
 290:Drivers/STM32F0xx_HAL_Driver/Inc/stm32f0xx_ll_system.h **** #define LL_DBGMCU_APB1_GRP1_TIM14_STOP     DBGMCU_APB1_FZ_DBG_TIM14_STOP       /*!< TIM14 counter s
 291:Drivers/STM32F0xx_HAL_Driver/Inc/stm32f0xx_ll_system.h **** #define LL_DBGMCU_APB1_GRP1_RTC_STOP       DBGMCU_APB1_FZ_DBG_RTC_STOP         /*!< RTC Calendar fr
 292:Drivers/STM32F0xx_HAL_Driver/Inc/stm32f0xx_ll_system.h **** #define LL_DBGMCU_APB1_GRP1_WWDG_STOP      DBGMCU_APB1_FZ_DBG_WWDG_STOP        /*!< Debug Window Wa
 293:Drivers/STM32F0xx_HAL_Driver/Inc/stm32f0xx_ll_system.h **** #define LL_DBGMCU_APB1_GRP1_IWDG_STOP      DBGMCU_APB1_FZ_DBG_IWDG_STOP        /*!< Debug Independe
 294:Drivers/STM32F0xx_HAL_Driver/Inc/stm32f0xx_ll_system.h **** #define LL_DBGMCU_APB1_GRP1_I2C1_STOP      DBGMCU_APB1_FZ_DBG_I2C1_SMBUS_TIMEOUT /*!< I2C1 SMBUS ti
 295:Drivers/STM32F0xx_HAL_Driver/Inc/stm32f0xx_ll_system.h **** #if defined(DBGMCU_APB1_FZ_DBG_CAN_STOP)
 296:Drivers/STM32F0xx_HAL_Driver/Inc/stm32f0xx_ll_system.h **** #define LL_DBGMCU_APB1_GRP1_CAN_STOP       DBGMCU_APB1_FZ_DBG_CAN_STOP         /*!< CAN debug stopp
 297:Drivers/STM32F0xx_HAL_Driver/Inc/stm32f0xx_ll_system.h **** #endif /*DBGMCU_APB1_FZ_DBG_CAN_STOP*/
 298:Drivers/STM32F0xx_HAL_Driver/Inc/stm32f0xx_ll_system.h **** /**
 299:Drivers/STM32F0xx_HAL_Driver/Inc/stm32f0xx_ll_system.h ****   * @}
 300:Drivers/STM32F0xx_HAL_Driver/Inc/stm32f0xx_ll_system.h ****   */
 301:Drivers/STM32F0xx_HAL_Driver/Inc/stm32f0xx_ll_system.h **** 
 302:Drivers/STM32F0xx_HAL_Driver/Inc/stm32f0xx_ll_system.h **** /** @defgroup SYSTEM_LL_EC_APB1 GRP2_STOP_IP DBGMCU APB1 GRP2 STOP IP
 303:Drivers/STM32F0xx_HAL_Driver/Inc/stm32f0xx_ll_system.h ****   * @{
 304:Drivers/STM32F0xx_HAL_Driver/Inc/stm32f0xx_ll_system.h ****   */
 305:Drivers/STM32F0xx_HAL_Driver/Inc/stm32f0xx_ll_system.h **** #define LL_DBGMCU_APB1_GRP2_TIM1_STOP      DBGMCU_APB2_FZ_DBG_TIM1_STOP        /*!< TIM1 counter st
 306:Drivers/STM32F0xx_HAL_Driver/Inc/stm32f0xx_ll_system.h **** #if defined(DBGMCU_APB2_FZ_DBG_TIM15_STOP)
 307:Drivers/STM32F0xx_HAL_Driver/Inc/stm32f0xx_ll_system.h **** #define LL_DBGMCU_APB1_GRP2_TIM15_STOP     DBGMCU_APB2_FZ_DBG_TIM15_STOP       /*!< TIM15 counter s
 308:Drivers/STM32F0xx_HAL_Driver/Inc/stm32f0xx_ll_system.h **** #endif /*DBGMCU_APB2_FZ_DBG_TIM15_STOP*/
 309:Drivers/STM32F0xx_HAL_Driver/Inc/stm32f0xx_ll_system.h **** #define LL_DBGMCU_APB1_GRP2_TIM16_STOP     DBGMCU_APB2_FZ_DBG_TIM16_STOP       /*!< TIM16 counter s
 310:Drivers/STM32F0xx_HAL_Driver/Inc/stm32f0xx_ll_system.h **** #define LL_DBGMCU_APB1_GRP2_TIM17_STOP     DBGMCU_APB2_FZ_DBG_TIM17_STOP       /*!< TIM17 counter s
 311:Drivers/STM32F0xx_HAL_Driver/Inc/stm32f0xx_ll_system.h **** /**
 312:Drivers/STM32F0xx_HAL_Driver/Inc/stm32f0xx_ll_system.h ****   * @}
 313:Drivers/STM32F0xx_HAL_Driver/Inc/stm32f0xx_ll_system.h ****   */
 314:Drivers/STM32F0xx_HAL_Driver/Inc/stm32f0xx_ll_system.h **** 
 315:Drivers/STM32F0xx_HAL_Driver/Inc/stm32f0xx_ll_system.h **** /** @defgroup SYSTEM_LL_EC_LATENCY FLASH LATENCY
 316:Drivers/STM32F0xx_HAL_Driver/Inc/stm32f0xx_ll_system.h ****   * @{
 317:Drivers/STM32F0xx_HAL_Driver/Inc/stm32f0xx_ll_system.h ****   */
 318:Drivers/STM32F0xx_HAL_Driver/Inc/stm32f0xx_ll_system.h **** #define LL_FLASH_LATENCY_0                 0x00000000U             /*!< FLASH Zero Latency cycle */
 319:Drivers/STM32F0xx_HAL_Driver/Inc/stm32f0xx_ll_system.h **** #define LL_FLASH_LATENCY_1                 FLASH_ACR_LATENCY       /*!< FLASH One Latency cycle */
 320:Drivers/STM32F0xx_HAL_Driver/Inc/stm32f0xx_ll_system.h **** /**
 321:Drivers/STM32F0xx_HAL_Driver/Inc/stm32f0xx_ll_system.h ****   * @}
ARM GAS  C:\Users\three\AppData\Local\Temp\cc3mDhxh.s 			page 38


 322:Drivers/STM32F0xx_HAL_Driver/Inc/stm32f0xx_ll_system.h ****   */
 323:Drivers/STM32F0xx_HAL_Driver/Inc/stm32f0xx_ll_system.h **** 
 324:Drivers/STM32F0xx_HAL_Driver/Inc/stm32f0xx_ll_system.h **** /**
 325:Drivers/STM32F0xx_HAL_Driver/Inc/stm32f0xx_ll_system.h ****   * @}
 326:Drivers/STM32F0xx_HAL_Driver/Inc/stm32f0xx_ll_system.h ****   */
 327:Drivers/STM32F0xx_HAL_Driver/Inc/stm32f0xx_ll_system.h **** 
 328:Drivers/STM32F0xx_HAL_Driver/Inc/stm32f0xx_ll_system.h **** /* Exported macro ------------------------------------------------------------*/
 329:Drivers/STM32F0xx_HAL_Driver/Inc/stm32f0xx_ll_system.h **** 
 330:Drivers/STM32F0xx_HAL_Driver/Inc/stm32f0xx_ll_system.h **** /* Exported functions --------------------------------------------------------*/
 331:Drivers/STM32F0xx_HAL_Driver/Inc/stm32f0xx_ll_system.h **** /** @defgroup SYSTEM_LL_Exported_Functions SYSTEM Exported Functions
 332:Drivers/STM32F0xx_HAL_Driver/Inc/stm32f0xx_ll_system.h ****   * @{
 333:Drivers/STM32F0xx_HAL_Driver/Inc/stm32f0xx_ll_system.h ****   */
 334:Drivers/STM32F0xx_HAL_Driver/Inc/stm32f0xx_ll_system.h **** 
 335:Drivers/STM32F0xx_HAL_Driver/Inc/stm32f0xx_ll_system.h **** /** @defgroup SYSTEM_LL_EF_SYSCFG SYSCFG
 336:Drivers/STM32F0xx_HAL_Driver/Inc/stm32f0xx_ll_system.h ****   * @{
 337:Drivers/STM32F0xx_HAL_Driver/Inc/stm32f0xx_ll_system.h ****   */
 338:Drivers/STM32F0xx_HAL_Driver/Inc/stm32f0xx_ll_system.h **** 
 339:Drivers/STM32F0xx_HAL_Driver/Inc/stm32f0xx_ll_system.h **** /**
 340:Drivers/STM32F0xx_HAL_Driver/Inc/stm32f0xx_ll_system.h ****   * @brief  Set memory mapping at address 0x00000000
 341:Drivers/STM32F0xx_HAL_Driver/Inc/stm32f0xx_ll_system.h ****   * @rmtoll SYSCFG_CFGR1 MEM_MODE      LL_SYSCFG_SetRemapMemory
 342:Drivers/STM32F0xx_HAL_Driver/Inc/stm32f0xx_ll_system.h ****   * @param  Memory This parameter can be one of the following values:
 343:Drivers/STM32F0xx_HAL_Driver/Inc/stm32f0xx_ll_system.h ****   *         @arg @ref LL_SYSCFG_REMAP_FLASH
 344:Drivers/STM32F0xx_HAL_Driver/Inc/stm32f0xx_ll_system.h ****   *         @arg @ref LL_SYSCFG_REMAP_SYSTEMFLASH
 345:Drivers/STM32F0xx_HAL_Driver/Inc/stm32f0xx_ll_system.h ****   *         @arg @ref LL_SYSCFG_REMAP_SRAM
 346:Drivers/STM32F0xx_HAL_Driver/Inc/stm32f0xx_ll_system.h ****   * @retval None
 347:Drivers/STM32F0xx_HAL_Driver/Inc/stm32f0xx_ll_system.h ****   */
 348:Drivers/STM32F0xx_HAL_Driver/Inc/stm32f0xx_ll_system.h **** __STATIC_INLINE void LL_SYSCFG_SetRemapMemory(uint32_t Memory)
 349:Drivers/STM32F0xx_HAL_Driver/Inc/stm32f0xx_ll_system.h **** {
 350:Drivers/STM32F0xx_HAL_Driver/Inc/stm32f0xx_ll_system.h ****   MODIFY_REG(SYSCFG->CFGR1, SYSCFG_CFGR1_MEM_MODE, Memory);
 351:Drivers/STM32F0xx_HAL_Driver/Inc/stm32f0xx_ll_system.h **** }
 352:Drivers/STM32F0xx_HAL_Driver/Inc/stm32f0xx_ll_system.h **** 
 353:Drivers/STM32F0xx_HAL_Driver/Inc/stm32f0xx_ll_system.h **** /**
 354:Drivers/STM32F0xx_HAL_Driver/Inc/stm32f0xx_ll_system.h ****   * @brief  Get memory mapping at address 0x00000000
 355:Drivers/STM32F0xx_HAL_Driver/Inc/stm32f0xx_ll_system.h ****   * @rmtoll SYSCFG_CFGR1 MEM_MODE      LL_SYSCFG_GetRemapMemory
 356:Drivers/STM32F0xx_HAL_Driver/Inc/stm32f0xx_ll_system.h ****   * @retval Returned value can be one of the following values:
 357:Drivers/STM32F0xx_HAL_Driver/Inc/stm32f0xx_ll_system.h ****   *         @arg @ref LL_SYSCFG_REMAP_FLASH
 358:Drivers/STM32F0xx_HAL_Driver/Inc/stm32f0xx_ll_system.h ****   *         @arg @ref LL_SYSCFG_REMAP_SYSTEMFLASH
 359:Drivers/STM32F0xx_HAL_Driver/Inc/stm32f0xx_ll_system.h ****   *         @arg @ref LL_SYSCFG_REMAP_SRAM
 360:Drivers/STM32F0xx_HAL_Driver/Inc/stm32f0xx_ll_system.h ****   */
 361:Drivers/STM32F0xx_HAL_Driver/Inc/stm32f0xx_ll_system.h **** __STATIC_INLINE uint32_t LL_SYSCFG_GetRemapMemory(void)
 362:Drivers/STM32F0xx_HAL_Driver/Inc/stm32f0xx_ll_system.h **** {
 363:Drivers/STM32F0xx_HAL_Driver/Inc/stm32f0xx_ll_system.h ****   return (uint32_t)(READ_BIT(SYSCFG->CFGR1, SYSCFG_CFGR1_MEM_MODE));
 364:Drivers/STM32F0xx_HAL_Driver/Inc/stm32f0xx_ll_system.h **** }
 365:Drivers/STM32F0xx_HAL_Driver/Inc/stm32f0xx_ll_system.h **** 
 366:Drivers/STM32F0xx_HAL_Driver/Inc/stm32f0xx_ll_system.h **** #if defined(SYSCFG_CFGR1_IR_MOD)
 367:Drivers/STM32F0xx_HAL_Driver/Inc/stm32f0xx_ll_system.h **** /**
 368:Drivers/STM32F0xx_HAL_Driver/Inc/stm32f0xx_ll_system.h ****   * @brief  Set IR Modulation Envelope signal source.
 369:Drivers/STM32F0xx_HAL_Driver/Inc/stm32f0xx_ll_system.h ****   * @rmtoll SYSCFG_CFGR1 IR_MOD  LL_SYSCFG_SetIRModEnvelopeSignal
 370:Drivers/STM32F0xx_HAL_Driver/Inc/stm32f0xx_ll_system.h ****   * @param  Source This parameter can be one of the following values:
 371:Drivers/STM32F0xx_HAL_Driver/Inc/stm32f0xx_ll_system.h ****   *         @arg @ref LL_SYSCFG_IR_MOD_TIM16
 372:Drivers/STM32F0xx_HAL_Driver/Inc/stm32f0xx_ll_system.h ****   *         @arg @ref LL_SYSCFG_IR_MOD_USART1
 373:Drivers/STM32F0xx_HAL_Driver/Inc/stm32f0xx_ll_system.h ****   *         @arg @ref LL_SYSCFG_IR_MOD_USART4
 374:Drivers/STM32F0xx_HAL_Driver/Inc/stm32f0xx_ll_system.h ****   * @retval None
 375:Drivers/STM32F0xx_HAL_Driver/Inc/stm32f0xx_ll_system.h ****   */
 376:Drivers/STM32F0xx_HAL_Driver/Inc/stm32f0xx_ll_system.h **** __STATIC_INLINE void LL_SYSCFG_SetIRModEnvelopeSignal(uint32_t Source)
 377:Drivers/STM32F0xx_HAL_Driver/Inc/stm32f0xx_ll_system.h **** {
 378:Drivers/STM32F0xx_HAL_Driver/Inc/stm32f0xx_ll_system.h ****   MODIFY_REG(SYSCFG->CFGR1, SYSCFG_CFGR1_IR_MOD, Source);
ARM GAS  C:\Users\three\AppData\Local\Temp\cc3mDhxh.s 			page 39


 379:Drivers/STM32F0xx_HAL_Driver/Inc/stm32f0xx_ll_system.h **** }
 380:Drivers/STM32F0xx_HAL_Driver/Inc/stm32f0xx_ll_system.h **** 
 381:Drivers/STM32F0xx_HAL_Driver/Inc/stm32f0xx_ll_system.h **** /**
 382:Drivers/STM32F0xx_HAL_Driver/Inc/stm32f0xx_ll_system.h ****   * @brief  Get IR Modulation Envelope signal source.
 383:Drivers/STM32F0xx_HAL_Driver/Inc/stm32f0xx_ll_system.h ****   * @rmtoll SYSCFG_CFGR1 IR_MOD  LL_SYSCFG_GetIRModEnvelopeSignal
 384:Drivers/STM32F0xx_HAL_Driver/Inc/stm32f0xx_ll_system.h ****   * @retval Returned value can be one of the following values:
 385:Drivers/STM32F0xx_HAL_Driver/Inc/stm32f0xx_ll_system.h ****   *         @arg @ref LL_SYSCFG_IR_MOD_TIM16
 386:Drivers/STM32F0xx_HAL_Driver/Inc/stm32f0xx_ll_system.h ****   *         @arg @ref LL_SYSCFG_IR_MOD_USART1
 387:Drivers/STM32F0xx_HAL_Driver/Inc/stm32f0xx_ll_system.h ****   *         @arg @ref LL_SYSCFG_IR_MOD_USART4
 388:Drivers/STM32F0xx_HAL_Driver/Inc/stm32f0xx_ll_system.h ****   */
 389:Drivers/STM32F0xx_HAL_Driver/Inc/stm32f0xx_ll_system.h **** __STATIC_INLINE uint32_t LL_SYSCFG_GetIRModEnvelopeSignal(void)
 390:Drivers/STM32F0xx_HAL_Driver/Inc/stm32f0xx_ll_system.h **** {
 391:Drivers/STM32F0xx_HAL_Driver/Inc/stm32f0xx_ll_system.h ****   return (uint32_t)(READ_BIT(SYSCFG->CFGR1, SYSCFG_CFGR1_IR_MOD));
 392:Drivers/STM32F0xx_HAL_Driver/Inc/stm32f0xx_ll_system.h **** }
 393:Drivers/STM32F0xx_HAL_Driver/Inc/stm32f0xx_ll_system.h **** #endif /* SYSCFG_CFGR1_IR_MOD */
 394:Drivers/STM32F0xx_HAL_Driver/Inc/stm32f0xx_ll_system.h **** 
 395:Drivers/STM32F0xx_HAL_Driver/Inc/stm32f0xx_ll_system.h **** #if defined(SYSCFG_CFGR1_USART1TX_DMA_RMP) || defined(SYSCFG_CFGR1_USART1RX_DMA_RMP) || defined(SYS
 396:Drivers/STM32F0xx_HAL_Driver/Inc/stm32f0xx_ll_system.h **** /**
 397:Drivers/STM32F0xx_HAL_Driver/Inc/stm32f0xx_ll_system.h ****   * @brief  Set DMA request remapping bits for USART
 398:Drivers/STM32F0xx_HAL_Driver/Inc/stm32f0xx_ll_system.h ****   * @rmtoll SYSCFG_CFGR1 USART1TX_DMA_RMP  LL_SYSCFG_SetRemapDMA_USART\n
 399:Drivers/STM32F0xx_HAL_Driver/Inc/stm32f0xx_ll_system.h ****   *         SYSCFG_CFGR1 USART1RX_DMA_RMP  LL_SYSCFG_SetRemapDMA_USART\n
 400:Drivers/STM32F0xx_HAL_Driver/Inc/stm32f0xx_ll_system.h ****   *         SYSCFG_CFGR1 USART2_DMA_RMP  LL_SYSCFG_SetRemapDMA_USART\n
 401:Drivers/STM32F0xx_HAL_Driver/Inc/stm32f0xx_ll_system.h ****   *         SYSCFG_CFGR1 USART3_DMA_RMP  LL_SYSCFG_SetRemapDMA_USART
 402:Drivers/STM32F0xx_HAL_Driver/Inc/stm32f0xx_ll_system.h ****   * @param  Remap This parameter can be one of the following values:
 403:Drivers/STM32F0xx_HAL_Driver/Inc/stm32f0xx_ll_system.h ****   *         @arg @ref LL_SYSCFG_USART1TX_RMP_DMA1CH2 (*)
 404:Drivers/STM32F0xx_HAL_Driver/Inc/stm32f0xx_ll_system.h ****   *         @arg @ref LL_SYSCFG_USART1TX_RMP_DMA1CH4 (*)
 405:Drivers/STM32F0xx_HAL_Driver/Inc/stm32f0xx_ll_system.h ****   *         @arg @ref LL_SYSCFG_USART1RX_RMP_DMA1CH3 (*)
 406:Drivers/STM32F0xx_HAL_Driver/Inc/stm32f0xx_ll_system.h ****   *         @arg @ref LL_SYSCFG_USART1RX_RMP_DMA1CH5 (*)
 407:Drivers/STM32F0xx_HAL_Driver/Inc/stm32f0xx_ll_system.h ****   *         @arg @ref LL_SYSCFG_USART2_RMP_DMA1CH54 (*)
 408:Drivers/STM32F0xx_HAL_Driver/Inc/stm32f0xx_ll_system.h ****   *         @arg @ref LL_SYSCFG_USART2_RMP_DMA1CH67 (*)
 409:Drivers/STM32F0xx_HAL_Driver/Inc/stm32f0xx_ll_system.h ****   *         @arg @ref LL_SYSCFG_USART3_RMP_DMA1CH67 (*)
 410:Drivers/STM32F0xx_HAL_Driver/Inc/stm32f0xx_ll_system.h ****   *         @arg @ref LL_SYSCFG_USART3_RMP_DMA1CH32 (*)
 411:Drivers/STM32F0xx_HAL_Driver/Inc/stm32f0xx_ll_system.h ****   *
 412:Drivers/STM32F0xx_HAL_Driver/Inc/stm32f0xx_ll_system.h ****   *         (*) value not defined in all devices.
 413:Drivers/STM32F0xx_HAL_Driver/Inc/stm32f0xx_ll_system.h ****   * @retval None
 414:Drivers/STM32F0xx_HAL_Driver/Inc/stm32f0xx_ll_system.h ****   */
 415:Drivers/STM32F0xx_HAL_Driver/Inc/stm32f0xx_ll_system.h **** __STATIC_INLINE void LL_SYSCFG_SetRemapDMA_USART(uint32_t Remap)
 416:Drivers/STM32F0xx_HAL_Driver/Inc/stm32f0xx_ll_system.h **** {
 417:Drivers/STM32F0xx_HAL_Driver/Inc/stm32f0xx_ll_system.h ****   MODIFY_REG(SYSCFG->CFGR1, (Remap & 0x00FF00FFU) << 8U, (Remap & 0xFF00FF00U));
 418:Drivers/STM32F0xx_HAL_Driver/Inc/stm32f0xx_ll_system.h **** }
 419:Drivers/STM32F0xx_HAL_Driver/Inc/stm32f0xx_ll_system.h **** #endif /* SYSCFG_CFGR1_USART1TX_DMA_RMP || SYSCFG_CFGR1_USART1RX_DMA_RMP || SYSCFG_CFGR1_USART2_DMA
 420:Drivers/STM32F0xx_HAL_Driver/Inc/stm32f0xx_ll_system.h **** 
 421:Drivers/STM32F0xx_HAL_Driver/Inc/stm32f0xx_ll_system.h **** #if defined(SYSCFG_CFGR1_SPI2_DMA_RMP)
 422:Drivers/STM32F0xx_HAL_Driver/Inc/stm32f0xx_ll_system.h **** /**
 423:Drivers/STM32F0xx_HAL_Driver/Inc/stm32f0xx_ll_system.h ****   * @brief  Set DMA request remapping bits for SPI
 424:Drivers/STM32F0xx_HAL_Driver/Inc/stm32f0xx_ll_system.h ****   * @rmtoll SYSCFG_CFGR1 SPI2_DMA_RMP  LL_SYSCFG_SetRemapDMA_SPI
 425:Drivers/STM32F0xx_HAL_Driver/Inc/stm32f0xx_ll_system.h ****   * @param  Remap This parameter can be one of the following values:
 426:Drivers/STM32F0xx_HAL_Driver/Inc/stm32f0xx_ll_system.h ****   *         @arg @ref LL_SYSCFG_SPI2_RMP_DMA1_CH45
 427:Drivers/STM32F0xx_HAL_Driver/Inc/stm32f0xx_ll_system.h ****   *         @arg @ref LL_SYSCFG_SPI2_RMP_DMA1_CH67
 428:Drivers/STM32F0xx_HAL_Driver/Inc/stm32f0xx_ll_system.h ****   * @retval None
 429:Drivers/STM32F0xx_HAL_Driver/Inc/stm32f0xx_ll_system.h ****   */
 430:Drivers/STM32F0xx_HAL_Driver/Inc/stm32f0xx_ll_system.h **** __STATIC_INLINE void LL_SYSCFG_SetRemapDMA_SPI(uint32_t Remap)
 431:Drivers/STM32F0xx_HAL_Driver/Inc/stm32f0xx_ll_system.h **** {
 432:Drivers/STM32F0xx_HAL_Driver/Inc/stm32f0xx_ll_system.h ****   MODIFY_REG(SYSCFG->CFGR1, SYSCFG_CFGR1_SPI2_DMA_RMP, Remap);
 433:Drivers/STM32F0xx_HAL_Driver/Inc/stm32f0xx_ll_system.h **** }
 434:Drivers/STM32F0xx_HAL_Driver/Inc/stm32f0xx_ll_system.h **** #endif /* SYSCFG_CFGR1_SPI2_DMA_RMP */
 435:Drivers/STM32F0xx_HAL_Driver/Inc/stm32f0xx_ll_system.h **** 
ARM GAS  C:\Users\three\AppData\Local\Temp\cc3mDhxh.s 			page 40


 436:Drivers/STM32F0xx_HAL_Driver/Inc/stm32f0xx_ll_system.h **** #if defined(SYSCFG_CFGR1_I2C1_DMA_RMP)
 437:Drivers/STM32F0xx_HAL_Driver/Inc/stm32f0xx_ll_system.h **** /**
 438:Drivers/STM32F0xx_HAL_Driver/Inc/stm32f0xx_ll_system.h ****   * @brief  Set DMA request remapping bits for I2C
 439:Drivers/STM32F0xx_HAL_Driver/Inc/stm32f0xx_ll_system.h ****   * @rmtoll SYSCFG_CFGR1 I2C1_DMA_RMP  LL_SYSCFG_SetRemapDMA_I2C
 440:Drivers/STM32F0xx_HAL_Driver/Inc/stm32f0xx_ll_system.h ****   * @param  Remap This parameter can be one of the following values:
 441:Drivers/STM32F0xx_HAL_Driver/Inc/stm32f0xx_ll_system.h ****   *         @arg @ref LL_SYSCFG_I2C1_RMP_DMA1_CH32
 442:Drivers/STM32F0xx_HAL_Driver/Inc/stm32f0xx_ll_system.h ****   *         @arg @ref LL_SYSCFG_I2C1_RMP_DMA1_CH76
 443:Drivers/STM32F0xx_HAL_Driver/Inc/stm32f0xx_ll_system.h ****   * @retval None
 444:Drivers/STM32F0xx_HAL_Driver/Inc/stm32f0xx_ll_system.h ****   */
 445:Drivers/STM32F0xx_HAL_Driver/Inc/stm32f0xx_ll_system.h **** __STATIC_INLINE void LL_SYSCFG_SetRemapDMA_I2C(uint32_t Remap)
 446:Drivers/STM32F0xx_HAL_Driver/Inc/stm32f0xx_ll_system.h **** {
 447:Drivers/STM32F0xx_HAL_Driver/Inc/stm32f0xx_ll_system.h ****   MODIFY_REG(SYSCFG->CFGR1, SYSCFG_CFGR1_I2C1_DMA_RMP, Remap);
 448:Drivers/STM32F0xx_HAL_Driver/Inc/stm32f0xx_ll_system.h **** }
 449:Drivers/STM32F0xx_HAL_Driver/Inc/stm32f0xx_ll_system.h **** #endif /* SYSCFG_CFGR1_I2C1_DMA_RMP */
 450:Drivers/STM32F0xx_HAL_Driver/Inc/stm32f0xx_ll_system.h **** 
 451:Drivers/STM32F0xx_HAL_Driver/Inc/stm32f0xx_ll_system.h **** #if defined(SYSCFG_CFGR1_ADC_DMA_RMP)
 452:Drivers/STM32F0xx_HAL_Driver/Inc/stm32f0xx_ll_system.h **** /**
 453:Drivers/STM32F0xx_HAL_Driver/Inc/stm32f0xx_ll_system.h ****   * @brief  Set DMA request remapping bits for ADC
 454:Drivers/STM32F0xx_HAL_Driver/Inc/stm32f0xx_ll_system.h ****   * @rmtoll SYSCFG_CFGR1 ADC_DMA_RMP   LL_SYSCFG_SetRemapDMA_ADC
 455:Drivers/STM32F0xx_HAL_Driver/Inc/stm32f0xx_ll_system.h ****   * @param  Remap This parameter can be one of the following values:
 456:Drivers/STM32F0xx_HAL_Driver/Inc/stm32f0xx_ll_system.h ****   *         @arg @ref LL_SYSCFG_ADC1_RMP_DMA1_CH1
 457:Drivers/STM32F0xx_HAL_Driver/Inc/stm32f0xx_ll_system.h ****   *         @arg @ref LL_SYSCFG_ADC1_RMP_DMA1_CH2
 458:Drivers/STM32F0xx_HAL_Driver/Inc/stm32f0xx_ll_system.h ****   * @retval None
 459:Drivers/STM32F0xx_HAL_Driver/Inc/stm32f0xx_ll_system.h ****   */
 460:Drivers/STM32F0xx_HAL_Driver/Inc/stm32f0xx_ll_system.h **** __STATIC_INLINE void LL_SYSCFG_SetRemapDMA_ADC(uint32_t Remap)
 461:Drivers/STM32F0xx_HAL_Driver/Inc/stm32f0xx_ll_system.h **** {
 462:Drivers/STM32F0xx_HAL_Driver/Inc/stm32f0xx_ll_system.h ****   MODIFY_REG(SYSCFG->CFGR1, SYSCFG_CFGR1_ADC_DMA_RMP, Remap);
 463:Drivers/STM32F0xx_HAL_Driver/Inc/stm32f0xx_ll_system.h **** }
 464:Drivers/STM32F0xx_HAL_Driver/Inc/stm32f0xx_ll_system.h **** #endif /* SYSCFG_CFGR1_ADC_DMA_RMP */
 465:Drivers/STM32F0xx_HAL_Driver/Inc/stm32f0xx_ll_system.h **** 
 466:Drivers/STM32F0xx_HAL_Driver/Inc/stm32f0xx_ll_system.h **** #if defined(SYSCFG_CFGR1_TIM16_DMA_RMP) || defined(SYSCFG_CFGR1_TIM17_DMA_RMP) || defined(SYSCFG_CF
 467:Drivers/STM32F0xx_HAL_Driver/Inc/stm32f0xx_ll_system.h **** /**
 468:Drivers/STM32F0xx_HAL_Driver/Inc/stm32f0xx_ll_system.h ****   * @brief  Set DMA request remapping bits for TIM
 469:Drivers/STM32F0xx_HAL_Driver/Inc/stm32f0xx_ll_system.h ****   * @rmtoll SYSCFG_CFGR1 TIM16_DMA_RMP  LL_SYSCFG_SetRemapDMA_TIM\n
 470:Drivers/STM32F0xx_HAL_Driver/Inc/stm32f0xx_ll_system.h ****   *         SYSCFG_CFGR1 TIM17_DMA_RMP  LL_SYSCFG_SetRemapDMA_TIM\n
 471:Drivers/STM32F0xx_HAL_Driver/Inc/stm32f0xx_ll_system.h ****   *         SYSCFG_CFGR1 TIM16_DMA_RMP2 LL_SYSCFG_SetRemapDMA_TIM\n
 472:Drivers/STM32F0xx_HAL_Driver/Inc/stm32f0xx_ll_system.h ****   *         SYSCFG_CFGR1 TIM17_DMA_RMP2 LL_SYSCFG_SetRemapDMA_TIM\n
 473:Drivers/STM32F0xx_HAL_Driver/Inc/stm32f0xx_ll_system.h ****   *         SYSCFG_CFGR1 TIM1_DMA_RMP   LL_SYSCFG_SetRemapDMA_TIM\n
 474:Drivers/STM32F0xx_HAL_Driver/Inc/stm32f0xx_ll_system.h ****   *         SYSCFG_CFGR1 TIM2_DMA_RMP   LL_SYSCFG_SetRemapDMA_TIM\n
 475:Drivers/STM32F0xx_HAL_Driver/Inc/stm32f0xx_ll_system.h ****   *         SYSCFG_CFGR1 TIM3_DMA_RMP   LL_SYSCFG_SetRemapDMA_TIM
 476:Drivers/STM32F0xx_HAL_Driver/Inc/stm32f0xx_ll_system.h ****   * @param  Remap This parameter can be one of the following values:
 477:Drivers/STM32F0xx_HAL_Driver/Inc/stm32f0xx_ll_system.h ****   *         @arg @ref LL_SYSCFG_TIM16_RMP_DMA1_CH3 (*)
 478:Drivers/STM32F0xx_HAL_Driver/Inc/stm32f0xx_ll_system.h ****   *         @arg @ref LL_SYSCFG_TIM16_RMP_DMA1_CH4 (*)
 479:Drivers/STM32F0xx_HAL_Driver/Inc/stm32f0xx_ll_system.h ****   *         @arg @ref LL_SYSCFG_TIM16_RMP_DMA1_CH6 (*)
 480:Drivers/STM32F0xx_HAL_Driver/Inc/stm32f0xx_ll_system.h ****   *         @arg @ref LL_SYSCFG_TIM17_RMP_DMA1_CH1 (*)
 481:Drivers/STM32F0xx_HAL_Driver/Inc/stm32f0xx_ll_system.h ****   *         @arg @ref LL_SYSCFG_TIM17_RMP_DMA1_CH2 (*)
 482:Drivers/STM32F0xx_HAL_Driver/Inc/stm32f0xx_ll_system.h ****   *         @arg @ref LL_SYSCFG_TIM17_RMP_DMA1_CH7 (*)
 483:Drivers/STM32F0xx_HAL_Driver/Inc/stm32f0xx_ll_system.h ****   *         @arg @ref LL_SYSCFG_TIM1_RMP_DMA1_CH234 (*)
 484:Drivers/STM32F0xx_HAL_Driver/Inc/stm32f0xx_ll_system.h ****   *         @arg @ref LL_SYSCFG_TIM1_RMP_DMA1_CH6 (*)
 485:Drivers/STM32F0xx_HAL_Driver/Inc/stm32f0xx_ll_system.h ****   *         @arg @ref LL_SYSCFG_TIM2_RMP_DMA1_CH34 (*)
 486:Drivers/STM32F0xx_HAL_Driver/Inc/stm32f0xx_ll_system.h ****   *         @arg @ref LL_SYSCFG_TIM2_RMP_DMA1_CH7 (*)
 487:Drivers/STM32F0xx_HAL_Driver/Inc/stm32f0xx_ll_system.h ****   *         @arg @ref LL_SYSCFG_TIM3_RMP_DMA1_CH4 (*)
 488:Drivers/STM32F0xx_HAL_Driver/Inc/stm32f0xx_ll_system.h ****   *         @arg @ref LL_SYSCFG_TIM3_RMP_DMA1_CH6 (*)
 489:Drivers/STM32F0xx_HAL_Driver/Inc/stm32f0xx_ll_system.h ****   *
 490:Drivers/STM32F0xx_HAL_Driver/Inc/stm32f0xx_ll_system.h ****   *         (*) value not defined in all devices.
 491:Drivers/STM32F0xx_HAL_Driver/Inc/stm32f0xx_ll_system.h ****   * @retval None
 492:Drivers/STM32F0xx_HAL_Driver/Inc/stm32f0xx_ll_system.h ****   */
ARM GAS  C:\Users\three\AppData\Local\Temp\cc3mDhxh.s 			page 41


 493:Drivers/STM32F0xx_HAL_Driver/Inc/stm32f0xx_ll_system.h **** __STATIC_INLINE void LL_SYSCFG_SetRemapDMA_TIM(uint32_t Remap)
 494:Drivers/STM32F0xx_HAL_Driver/Inc/stm32f0xx_ll_system.h **** {
 495:Drivers/STM32F0xx_HAL_Driver/Inc/stm32f0xx_ll_system.h ****   MODIFY_REG(SYSCFG->CFGR1, (Remap & 0x00FF00FFU) << 8U, (Remap & 0xFF00FF00U));
 496:Drivers/STM32F0xx_HAL_Driver/Inc/stm32f0xx_ll_system.h **** }
 497:Drivers/STM32F0xx_HAL_Driver/Inc/stm32f0xx_ll_system.h **** #endif /* SYSCFG_CFGR1_TIM16_DMA_RMP || SYSCFG_CFGR1_TIM17_DMA_RMP || SYSCFG_CFGR1_TIM1_DMA_RMP || 
 498:Drivers/STM32F0xx_HAL_Driver/Inc/stm32f0xx_ll_system.h **** 
 499:Drivers/STM32F0xx_HAL_Driver/Inc/stm32f0xx_ll_system.h **** #if defined(SYSCFG_CFGR1_PA11_PA12_RMP)
 500:Drivers/STM32F0xx_HAL_Driver/Inc/stm32f0xx_ll_system.h **** /**
 501:Drivers/STM32F0xx_HAL_Driver/Inc/stm32f0xx_ll_system.h ****   * @brief  Enable PIN pair PA11/12 mapped instead of PA9/10 (control the mapping of either
 502:Drivers/STM32F0xx_HAL_Driver/Inc/stm32f0xx_ll_system.h ****   * PA9/10 or PA11/12 pin pair on small pin-count packages)
 503:Drivers/STM32F0xx_HAL_Driver/Inc/stm32f0xx_ll_system.h ****   * @rmtoll SYSCFG_CFGR1 PA11_PA12_RMP  LL_SYSCFG_EnablePinRemap
 504:Drivers/STM32F0xx_HAL_Driver/Inc/stm32f0xx_ll_system.h ****   * @retval None
 505:Drivers/STM32F0xx_HAL_Driver/Inc/stm32f0xx_ll_system.h ****   */
 506:Drivers/STM32F0xx_HAL_Driver/Inc/stm32f0xx_ll_system.h **** __STATIC_INLINE void LL_SYSCFG_EnablePinRemap(void)
 507:Drivers/STM32F0xx_HAL_Driver/Inc/stm32f0xx_ll_system.h **** {
 508:Drivers/STM32F0xx_HAL_Driver/Inc/stm32f0xx_ll_system.h ****   SET_BIT(SYSCFG->CFGR1, SYSCFG_CFGR1_PA11_PA12_RMP);
 509:Drivers/STM32F0xx_HAL_Driver/Inc/stm32f0xx_ll_system.h **** }
 510:Drivers/STM32F0xx_HAL_Driver/Inc/stm32f0xx_ll_system.h **** 
 511:Drivers/STM32F0xx_HAL_Driver/Inc/stm32f0xx_ll_system.h **** /**
 512:Drivers/STM32F0xx_HAL_Driver/Inc/stm32f0xx_ll_system.h ****   * @brief  Disable PIN pair PA11/12 mapped instead of PA9/10 (control the mapping of either
 513:Drivers/STM32F0xx_HAL_Driver/Inc/stm32f0xx_ll_system.h ****   * PA9/10 or PA11/12 pin pair on small pin-count packages)
 514:Drivers/STM32F0xx_HAL_Driver/Inc/stm32f0xx_ll_system.h ****   * @rmtoll SYSCFG_CFGR1 PA11_PA12_RMP  LL_SYSCFG_DisablePinRemap
 515:Drivers/STM32F0xx_HAL_Driver/Inc/stm32f0xx_ll_system.h ****   * @retval None
 516:Drivers/STM32F0xx_HAL_Driver/Inc/stm32f0xx_ll_system.h ****   */
 517:Drivers/STM32F0xx_HAL_Driver/Inc/stm32f0xx_ll_system.h **** __STATIC_INLINE void LL_SYSCFG_DisablePinRemap(void)
 518:Drivers/STM32F0xx_HAL_Driver/Inc/stm32f0xx_ll_system.h **** {
 519:Drivers/STM32F0xx_HAL_Driver/Inc/stm32f0xx_ll_system.h ****   CLEAR_BIT(SYSCFG->CFGR1, SYSCFG_CFGR1_PA11_PA12_RMP);
 520:Drivers/STM32F0xx_HAL_Driver/Inc/stm32f0xx_ll_system.h **** }
 521:Drivers/STM32F0xx_HAL_Driver/Inc/stm32f0xx_ll_system.h **** #endif /* SYSCFG_CFGR1_PA11_PA12_RMP */
 522:Drivers/STM32F0xx_HAL_Driver/Inc/stm32f0xx_ll_system.h **** 
 523:Drivers/STM32F0xx_HAL_Driver/Inc/stm32f0xx_ll_system.h **** /**
 524:Drivers/STM32F0xx_HAL_Driver/Inc/stm32f0xx_ll_system.h ****   * @brief  Enable the I2C fast mode plus driving capability.
 525:Drivers/STM32F0xx_HAL_Driver/Inc/stm32f0xx_ll_system.h ****   * @rmtoll SYSCFG_CFGR1 I2C_FMP_PB6   LL_SYSCFG_EnableFastModePlus\n
 526:Drivers/STM32F0xx_HAL_Driver/Inc/stm32f0xx_ll_system.h ****   *         SYSCFG_CFGR1 I2C_FMP_PB7   LL_SYSCFG_EnableFastModePlus\n
 527:Drivers/STM32F0xx_HAL_Driver/Inc/stm32f0xx_ll_system.h ****   *         SYSCFG_CFGR1 I2C_FMP_PB8   LL_SYSCFG_EnableFastModePlus\n
 528:Drivers/STM32F0xx_HAL_Driver/Inc/stm32f0xx_ll_system.h ****   *         SYSCFG_CFGR1 I2C_FMP_PB9   LL_SYSCFG_EnableFastModePlus\n
 529:Drivers/STM32F0xx_HAL_Driver/Inc/stm32f0xx_ll_system.h ****   *         SYSCFG_CFGR1 I2C_FMP_I2C1  LL_SYSCFG_EnableFastModePlus\n
 530:Drivers/STM32F0xx_HAL_Driver/Inc/stm32f0xx_ll_system.h ****   *         SYSCFG_CFGR1 I2C_FMP_I2C2  LL_SYSCFG_EnableFastModePlus\n
 531:Drivers/STM32F0xx_HAL_Driver/Inc/stm32f0xx_ll_system.h ****   *         SYSCFG_CFGR1 I2C_FMP_PA9   LL_SYSCFG_EnableFastModePlus\n
 532:Drivers/STM32F0xx_HAL_Driver/Inc/stm32f0xx_ll_system.h ****   *         SYSCFG_CFGR1 I2C_FMP_PA10  LL_SYSCFG_EnableFastModePlus
 533:Drivers/STM32F0xx_HAL_Driver/Inc/stm32f0xx_ll_system.h ****   * @param  ConfigFastModePlus This parameter can be a combination of the following values:
 534:Drivers/STM32F0xx_HAL_Driver/Inc/stm32f0xx_ll_system.h ****   *         @arg @ref LL_SYSCFG_I2C_FASTMODEPLUS_PB6
 535:Drivers/STM32F0xx_HAL_Driver/Inc/stm32f0xx_ll_system.h ****   *         @arg @ref LL_SYSCFG_I2C_FASTMODEPLUS_PB7
 536:Drivers/STM32F0xx_HAL_Driver/Inc/stm32f0xx_ll_system.h ****   *         @arg @ref LL_SYSCFG_I2C_FASTMODEPLUS_PB8
 537:Drivers/STM32F0xx_HAL_Driver/Inc/stm32f0xx_ll_system.h ****   *         @arg @ref LL_SYSCFG_I2C_FASTMODEPLUS_PB9
 538:Drivers/STM32F0xx_HAL_Driver/Inc/stm32f0xx_ll_system.h ****   *         @arg @ref LL_SYSCFG_I2C_FASTMODEPLUS_I2C1 (*)
 539:Drivers/STM32F0xx_HAL_Driver/Inc/stm32f0xx_ll_system.h ****   *         @arg @ref LL_SYSCFG_I2C_FASTMODEPLUS_I2C2 (*)
 540:Drivers/STM32F0xx_HAL_Driver/Inc/stm32f0xx_ll_system.h ****   *         @arg @ref LL_SYSCFG_I2C_FASTMODEPLUS_PA9 (*)
 541:Drivers/STM32F0xx_HAL_Driver/Inc/stm32f0xx_ll_system.h ****   *         @arg @ref LL_SYSCFG_I2C_FASTMODEPLUS_PA10 (*)
 542:Drivers/STM32F0xx_HAL_Driver/Inc/stm32f0xx_ll_system.h ****   *
 543:Drivers/STM32F0xx_HAL_Driver/Inc/stm32f0xx_ll_system.h ****   *         (*) value not defined in all devices
 544:Drivers/STM32F0xx_HAL_Driver/Inc/stm32f0xx_ll_system.h ****   * @retval None
 545:Drivers/STM32F0xx_HAL_Driver/Inc/stm32f0xx_ll_system.h ****   */
 546:Drivers/STM32F0xx_HAL_Driver/Inc/stm32f0xx_ll_system.h **** __STATIC_INLINE void LL_SYSCFG_EnableFastModePlus(uint32_t ConfigFastModePlus)
 547:Drivers/STM32F0xx_HAL_Driver/Inc/stm32f0xx_ll_system.h **** {
 548:Drivers/STM32F0xx_HAL_Driver/Inc/stm32f0xx_ll_system.h ****   SET_BIT(SYSCFG->CFGR1, ConfigFastModePlus);
 549:Drivers/STM32F0xx_HAL_Driver/Inc/stm32f0xx_ll_system.h **** }
ARM GAS  C:\Users\three\AppData\Local\Temp\cc3mDhxh.s 			page 42


 550:Drivers/STM32F0xx_HAL_Driver/Inc/stm32f0xx_ll_system.h **** 
 551:Drivers/STM32F0xx_HAL_Driver/Inc/stm32f0xx_ll_system.h **** /**
 552:Drivers/STM32F0xx_HAL_Driver/Inc/stm32f0xx_ll_system.h ****   * @brief  Disable the I2C fast mode plus driving capability.
 553:Drivers/STM32F0xx_HAL_Driver/Inc/stm32f0xx_ll_system.h ****   * @rmtoll SYSCFG_CFGR1 I2C_FMP_PB6   LL_SYSCFG_DisableFastModePlus\n
 554:Drivers/STM32F0xx_HAL_Driver/Inc/stm32f0xx_ll_system.h ****   *         SYSCFG_CFGR1 I2C_FMP_PB7   LL_SYSCFG_DisableFastModePlus\n
 555:Drivers/STM32F0xx_HAL_Driver/Inc/stm32f0xx_ll_system.h ****   *         SYSCFG_CFGR1 I2C_FMP_PB8   LL_SYSCFG_DisableFastModePlus\n
 556:Drivers/STM32F0xx_HAL_Driver/Inc/stm32f0xx_ll_system.h ****   *         SYSCFG_CFGR1 I2C_FMP_PB9   LL_SYSCFG_DisableFastModePlus\n
 557:Drivers/STM32F0xx_HAL_Driver/Inc/stm32f0xx_ll_system.h ****   *         SYSCFG_CFGR1 I2C_FMP_I2C1  LL_SYSCFG_DisableFastModePlus\n
 558:Drivers/STM32F0xx_HAL_Driver/Inc/stm32f0xx_ll_system.h ****   *         SYSCFG_CFGR1 I2C_FMP_I2C2  LL_SYSCFG_DisableFastModePlus\n
 559:Drivers/STM32F0xx_HAL_Driver/Inc/stm32f0xx_ll_system.h ****   *         SYSCFG_CFGR1 I2C_FMP_PA9   LL_SYSCFG_DisableFastModePlus\n
 560:Drivers/STM32F0xx_HAL_Driver/Inc/stm32f0xx_ll_system.h ****   *         SYSCFG_CFGR1 I2C_FMP_PA10  LL_SYSCFG_DisableFastModePlus
 561:Drivers/STM32F0xx_HAL_Driver/Inc/stm32f0xx_ll_system.h ****   * @param  ConfigFastModePlus This parameter can be a combination of the following values:
 562:Drivers/STM32F0xx_HAL_Driver/Inc/stm32f0xx_ll_system.h ****   *         @arg @ref LL_SYSCFG_I2C_FASTMODEPLUS_PB6
 563:Drivers/STM32F0xx_HAL_Driver/Inc/stm32f0xx_ll_system.h ****   *         @arg @ref LL_SYSCFG_I2C_FASTMODEPLUS_PB7
 564:Drivers/STM32F0xx_HAL_Driver/Inc/stm32f0xx_ll_system.h ****   *         @arg @ref LL_SYSCFG_I2C_FASTMODEPLUS_PB8
 565:Drivers/STM32F0xx_HAL_Driver/Inc/stm32f0xx_ll_system.h ****   *         @arg @ref LL_SYSCFG_I2C_FASTMODEPLUS_PB9
 566:Drivers/STM32F0xx_HAL_Driver/Inc/stm32f0xx_ll_system.h ****   *         @arg @ref LL_SYSCFG_I2C_FASTMODEPLUS_I2C1 (*)
 567:Drivers/STM32F0xx_HAL_Driver/Inc/stm32f0xx_ll_system.h ****   *         @arg @ref LL_SYSCFG_I2C_FASTMODEPLUS_I2C2 (*)
 568:Drivers/STM32F0xx_HAL_Driver/Inc/stm32f0xx_ll_system.h ****   *         @arg @ref LL_SYSCFG_I2C_FASTMODEPLUS_PA9 (*)
 569:Drivers/STM32F0xx_HAL_Driver/Inc/stm32f0xx_ll_system.h ****   *         @arg @ref LL_SYSCFG_I2C_FASTMODEPLUS_PA10 (*)
 570:Drivers/STM32F0xx_HAL_Driver/Inc/stm32f0xx_ll_system.h ****   *
 571:Drivers/STM32F0xx_HAL_Driver/Inc/stm32f0xx_ll_system.h ****   *         (*) value not defined in all devices
 572:Drivers/STM32F0xx_HAL_Driver/Inc/stm32f0xx_ll_system.h ****   * @retval None
 573:Drivers/STM32F0xx_HAL_Driver/Inc/stm32f0xx_ll_system.h ****   */
 574:Drivers/STM32F0xx_HAL_Driver/Inc/stm32f0xx_ll_system.h **** __STATIC_INLINE void LL_SYSCFG_DisableFastModePlus(uint32_t ConfigFastModePlus)
 575:Drivers/STM32F0xx_HAL_Driver/Inc/stm32f0xx_ll_system.h **** {
 576:Drivers/STM32F0xx_HAL_Driver/Inc/stm32f0xx_ll_system.h ****   CLEAR_BIT(SYSCFG->CFGR1, ConfigFastModePlus);
 577:Drivers/STM32F0xx_HAL_Driver/Inc/stm32f0xx_ll_system.h **** }
 578:Drivers/STM32F0xx_HAL_Driver/Inc/stm32f0xx_ll_system.h **** 
 579:Drivers/STM32F0xx_HAL_Driver/Inc/stm32f0xx_ll_system.h **** /**
 580:Drivers/STM32F0xx_HAL_Driver/Inc/stm32f0xx_ll_system.h ****   * @brief  Configure source input for the EXTI external interrupt.
 581:Drivers/STM32F0xx_HAL_Driver/Inc/stm32f0xx_ll_system.h ****   * @rmtoll SYSCFG_EXTICR1 EXTI0         LL_SYSCFG_SetEXTISource\n
 582:Drivers/STM32F0xx_HAL_Driver/Inc/stm32f0xx_ll_system.h ****   *         SYSCFG_EXTICR1 EXTI1         LL_SYSCFG_SetEXTISource\n
 583:Drivers/STM32F0xx_HAL_Driver/Inc/stm32f0xx_ll_system.h ****   *         SYSCFG_EXTICR1 EXTI2         LL_SYSCFG_SetEXTISource\n
 584:Drivers/STM32F0xx_HAL_Driver/Inc/stm32f0xx_ll_system.h ****   *         SYSCFG_EXTICR1 EXTI3         LL_SYSCFG_SetEXTISource\n
 585:Drivers/STM32F0xx_HAL_Driver/Inc/stm32f0xx_ll_system.h ****   *         SYSCFG_EXTICR2 EXTI4         LL_SYSCFG_SetEXTISource\n
 586:Drivers/STM32F0xx_HAL_Driver/Inc/stm32f0xx_ll_system.h ****   *         SYSCFG_EXTICR2 EXTI5         LL_SYSCFG_SetEXTISource\n
 587:Drivers/STM32F0xx_HAL_Driver/Inc/stm32f0xx_ll_system.h ****   *         SYSCFG_EXTICR2 EXTI6         LL_SYSCFG_SetEXTISource\n
 588:Drivers/STM32F0xx_HAL_Driver/Inc/stm32f0xx_ll_system.h ****   *         SYSCFG_EXTICR2 EXTI7         LL_SYSCFG_SetEXTISource\n
 589:Drivers/STM32F0xx_HAL_Driver/Inc/stm32f0xx_ll_system.h ****   *         SYSCFG_EXTICR3 EXTI8         LL_SYSCFG_SetEXTISource\n
 590:Drivers/STM32F0xx_HAL_Driver/Inc/stm32f0xx_ll_system.h ****   *         SYSCFG_EXTICR3 EXTI9         LL_SYSCFG_SetEXTISource\n
 591:Drivers/STM32F0xx_HAL_Driver/Inc/stm32f0xx_ll_system.h ****   *         SYSCFG_EXTICR3 EXTI10        LL_SYSCFG_SetEXTISource\n
 592:Drivers/STM32F0xx_HAL_Driver/Inc/stm32f0xx_ll_system.h ****   *         SYSCFG_EXTICR3 EXTI11        LL_SYSCFG_SetEXTISource\n
 593:Drivers/STM32F0xx_HAL_Driver/Inc/stm32f0xx_ll_system.h ****   *         SYSCFG_EXTICR4 EXTI12        LL_SYSCFG_SetEXTISource\n
 594:Drivers/STM32F0xx_HAL_Driver/Inc/stm32f0xx_ll_system.h ****   *         SYSCFG_EXTICR4 EXTI13        LL_SYSCFG_SetEXTISource\n
 595:Drivers/STM32F0xx_HAL_Driver/Inc/stm32f0xx_ll_system.h ****   *         SYSCFG_EXTICR4 EXTI14        LL_SYSCFG_SetEXTISource\n
 596:Drivers/STM32F0xx_HAL_Driver/Inc/stm32f0xx_ll_system.h ****   *         SYSCFG_EXTICR4 EXTI15        LL_SYSCFG_SetEXTISource
 597:Drivers/STM32F0xx_HAL_Driver/Inc/stm32f0xx_ll_system.h ****   * @param  Port This parameter can be one of the following values:
 598:Drivers/STM32F0xx_HAL_Driver/Inc/stm32f0xx_ll_system.h ****   *         @arg @ref LL_SYSCFG_EXTI_PORTA
 599:Drivers/STM32F0xx_HAL_Driver/Inc/stm32f0xx_ll_system.h ****   *         @arg @ref LL_SYSCFG_EXTI_PORTB
 600:Drivers/STM32F0xx_HAL_Driver/Inc/stm32f0xx_ll_system.h ****   *         @arg @ref LL_SYSCFG_EXTI_PORTC
 601:Drivers/STM32F0xx_HAL_Driver/Inc/stm32f0xx_ll_system.h ****   *         @arg @ref LL_SYSCFG_EXTI_PORTD (*)
 602:Drivers/STM32F0xx_HAL_Driver/Inc/stm32f0xx_ll_system.h ****   *         @arg @ref LL_SYSCFG_EXTI_PORTE (*)
 603:Drivers/STM32F0xx_HAL_Driver/Inc/stm32f0xx_ll_system.h ****   *         @arg @ref LL_SYSCFG_EXTI_PORTF
 604:Drivers/STM32F0xx_HAL_Driver/Inc/stm32f0xx_ll_system.h ****   *
 605:Drivers/STM32F0xx_HAL_Driver/Inc/stm32f0xx_ll_system.h ****   *         (*) value not defined in all devices
 606:Drivers/STM32F0xx_HAL_Driver/Inc/stm32f0xx_ll_system.h ****   * @param  Line This parameter can be one of the following values:
ARM GAS  C:\Users\three\AppData\Local\Temp\cc3mDhxh.s 			page 43


 607:Drivers/STM32F0xx_HAL_Driver/Inc/stm32f0xx_ll_system.h ****   *         @arg @ref LL_SYSCFG_EXTI_LINE0
 608:Drivers/STM32F0xx_HAL_Driver/Inc/stm32f0xx_ll_system.h ****   *         @arg @ref LL_SYSCFG_EXTI_LINE1
 609:Drivers/STM32F0xx_HAL_Driver/Inc/stm32f0xx_ll_system.h ****   *         @arg @ref LL_SYSCFG_EXTI_LINE2
 610:Drivers/STM32F0xx_HAL_Driver/Inc/stm32f0xx_ll_system.h ****   *         @arg @ref LL_SYSCFG_EXTI_LINE3
 611:Drivers/STM32F0xx_HAL_Driver/Inc/stm32f0xx_ll_system.h ****   *         @arg @ref LL_SYSCFG_EXTI_LINE4
 612:Drivers/STM32F0xx_HAL_Driver/Inc/stm32f0xx_ll_system.h ****   *         @arg @ref LL_SYSCFG_EXTI_LINE5
 613:Drivers/STM32F0xx_HAL_Driver/Inc/stm32f0xx_ll_system.h ****   *         @arg @ref LL_SYSCFG_EXTI_LINE6
 614:Drivers/STM32F0xx_HAL_Driver/Inc/stm32f0xx_ll_system.h ****   *         @arg @ref LL_SYSCFG_EXTI_LINE7
 615:Drivers/STM32F0xx_HAL_Driver/Inc/stm32f0xx_ll_system.h ****   *         @arg @ref LL_SYSCFG_EXTI_LINE8
 616:Drivers/STM32F0xx_HAL_Driver/Inc/stm32f0xx_ll_system.h ****   *         @arg @ref LL_SYSCFG_EXTI_LINE9
 617:Drivers/STM32F0xx_HAL_Driver/Inc/stm32f0xx_ll_system.h ****   *         @arg @ref LL_SYSCFG_EXTI_LINE10
 618:Drivers/STM32F0xx_HAL_Driver/Inc/stm32f0xx_ll_system.h ****   *         @arg @ref LL_SYSCFG_EXTI_LINE11
 619:Drivers/STM32F0xx_HAL_Driver/Inc/stm32f0xx_ll_system.h ****   *         @arg @ref LL_SYSCFG_EXTI_LINE12
 620:Drivers/STM32F0xx_HAL_Driver/Inc/stm32f0xx_ll_system.h ****   *         @arg @ref LL_SYSCFG_EXTI_LINE13
 621:Drivers/STM32F0xx_HAL_Driver/Inc/stm32f0xx_ll_system.h ****   *         @arg @ref LL_SYSCFG_EXTI_LINE14
 622:Drivers/STM32F0xx_HAL_Driver/Inc/stm32f0xx_ll_system.h ****   *         @arg @ref LL_SYSCFG_EXTI_LINE15
 623:Drivers/STM32F0xx_HAL_Driver/Inc/stm32f0xx_ll_system.h ****   * @retval None
 624:Drivers/STM32F0xx_HAL_Driver/Inc/stm32f0xx_ll_system.h ****   */
 625:Drivers/STM32F0xx_HAL_Driver/Inc/stm32f0xx_ll_system.h **** __STATIC_INLINE void LL_SYSCFG_SetEXTISource(uint32_t Port, uint32_t Line)
 626:Drivers/STM32F0xx_HAL_Driver/Inc/stm32f0xx_ll_system.h **** {
 627:Drivers/STM32F0xx_HAL_Driver/Inc/stm32f0xx_ll_system.h ****   MODIFY_REG(SYSCFG->EXTICR[Line & 0xFF], SYSCFG_EXTICR1_EXTI0 << (Line >> 16), Port << (Line >> 16
 628:Drivers/STM32F0xx_HAL_Driver/Inc/stm32f0xx_ll_system.h **** }
 629:Drivers/STM32F0xx_HAL_Driver/Inc/stm32f0xx_ll_system.h **** 
 630:Drivers/STM32F0xx_HAL_Driver/Inc/stm32f0xx_ll_system.h **** /**
 631:Drivers/STM32F0xx_HAL_Driver/Inc/stm32f0xx_ll_system.h ****   * @brief  Get the configured defined for specific EXTI Line
 632:Drivers/STM32F0xx_HAL_Driver/Inc/stm32f0xx_ll_system.h ****   * @rmtoll SYSCFG_EXTICR1 EXTI0         LL_SYSCFG_SetEXTISource\n
 633:Drivers/STM32F0xx_HAL_Driver/Inc/stm32f0xx_ll_system.h ****   *         SYSCFG_EXTICR1 EXTI1         LL_SYSCFG_SetEXTISource\n
 634:Drivers/STM32F0xx_HAL_Driver/Inc/stm32f0xx_ll_system.h ****   *         SYSCFG_EXTICR1 EXTI2         LL_SYSCFG_SetEXTISource\n
 635:Drivers/STM32F0xx_HAL_Driver/Inc/stm32f0xx_ll_system.h ****   *         SYSCFG_EXTICR1 EXTI3         LL_SYSCFG_SetEXTISource\n
 636:Drivers/STM32F0xx_HAL_Driver/Inc/stm32f0xx_ll_system.h ****   *         SYSCFG_EXTICR2 EXTI4         LL_SYSCFG_SetEXTISource\n
 637:Drivers/STM32F0xx_HAL_Driver/Inc/stm32f0xx_ll_system.h ****   *         SYSCFG_EXTICR2 EXTI5         LL_SYSCFG_SetEXTISource\n
 638:Drivers/STM32F0xx_HAL_Driver/Inc/stm32f0xx_ll_system.h ****   *         SYSCFG_EXTICR2 EXTI6         LL_SYSCFG_SetEXTISource\n
 639:Drivers/STM32F0xx_HAL_Driver/Inc/stm32f0xx_ll_system.h ****   *         SYSCFG_EXTICR2 EXTI7         LL_SYSCFG_SetEXTISource\n
 640:Drivers/STM32F0xx_HAL_Driver/Inc/stm32f0xx_ll_system.h ****   *         SYSCFG_EXTICR3 EXTI8         LL_SYSCFG_SetEXTISource\n
 641:Drivers/STM32F0xx_HAL_Driver/Inc/stm32f0xx_ll_system.h ****   *         SYSCFG_EXTICR3 EXTI9         LL_SYSCFG_SetEXTISource\n
 642:Drivers/STM32F0xx_HAL_Driver/Inc/stm32f0xx_ll_system.h ****   *         SYSCFG_EXTICR3 EXTI10        LL_SYSCFG_SetEXTISource\n
 643:Drivers/STM32F0xx_HAL_Driver/Inc/stm32f0xx_ll_system.h ****   *         SYSCFG_EXTICR3 EXTI11        LL_SYSCFG_SetEXTISource\n
 644:Drivers/STM32F0xx_HAL_Driver/Inc/stm32f0xx_ll_system.h ****   *         SYSCFG_EXTICR4 EXTI12        LL_SYSCFG_SetEXTISource\n
 645:Drivers/STM32F0xx_HAL_Driver/Inc/stm32f0xx_ll_system.h ****   *         SYSCFG_EXTICR4 EXTI13        LL_SYSCFG_SetEXTISource\n
 646:Drivers/STM32F0xx_HAL_Driver/Inc/stm32f0xx_ll_system.h ****   *         SYSCFG_EXTICR4 EXTI14        LL_SYSCFG_SetEXTISource\n
 647:Drivers/STM32F0xx_HAL_Driver/Inc/stm32f0xx_ll_system.h ****   *         SYSCFG_EXTICR4 EXTI15        LL_SYSCFG_SetEXTISource
 648:Drivers/STM32F0xx_HAL_Driver/Inc/stm32f0xx_ll_system.h ****   * @param  Line This parameter can be one of the following values:
 649:Drivers/STM32F0xx_HAL_Driver/Inc/stm32f0xx_ll_system.h ****   *         @arg @ref LL_SYSCFG_EXTI_LINE0
 650:Drivers/STM32F0xx_HAL_Driver/Inc/stm32f0xx_ll_system.h ****   *         @arg @ref LL_SYSCFG_EXTI_LINE1
 651:Drivers/STM32F0xx_HAL_Driver/Inc/stm32f0xx_ll_system.h ****   *         @arg @ref LL_SYSCFG_EXTI_LINE2
 652:Drivers/STM32F0xx_HAL_Driver/Inc/stm32f0xx_ll_system.h ****   *         @arg @ref LL_SYSCFG_EXTI_LINE3
 653:Drivers/STM32F0xx_HAL_Driver/Inc/stm32f0xx_ll_system.h ****   *         @arg @ref LL_SYSCFG_EXTI_LINE4
 654:Drivers/STM32F0xx_HAL_Driver/Inc/stm32f0xx_ll_system.h ****   *         @arg @ref LL_SYSCFG_EXTI_LINE5
 655:Drivers/STM32F0xx_HAL_Driver/Inc/stm32f0xx_ll_system.h ****   *         @arg @ref LL_SYSCFG_EXTI_LINE6
 656:Drivers/STM32F0xx_HAL_Driver/Inc/stm32f0xx_ll_system.h ****   *         @arg @ref LL_SYSCFG_EXTI_LINE7
 657:Drivers/STM32F0xx_HAL_Driver/Inc/stm32f0xx_ll_system.h ****   *         @arg @ref LL_SYSCFG_EXTI_LINE8
 658:Drivers/STM32F0xx_HAL_Driver/Inc/stm32f0xx_ll_system.h ****   *         @arg @ref LL_SYSCFG_EXTI_LINE9
 659:Drivers/STM32F0xx_HAL_Driver/Inc/stm32f0xx_ll_system.h ****   *         @arg @ref LL_SYSCFG_EXTI_LINE10
 660:Drivers/STM32F0xx_HAL_Driver/Inc/stm32f0xx_ll_system.h ****   *         @arg @ref LL_SYSCFG_EXTI_LINE11
 661:Drivers/STM32F0xx_HAL_Driver/Inc/stm32f0xx_ll_system.h ****   *         @arg @ref LL_SYSCFG_EXTI_LINE12
 662:Drivers/STM32F0xx_HAL_Driver/Inc/stm32f0xx_ll_system.h ****   *         @arg @ref LL_SYSCFG_EXTI_LINE13
 663:Drivers/STM32F0xx_HAL_Driver/Inc/stm32f0xx_ll_system.h ****   *         @arg @ref LL_SYSCFG_EXTI_LINE14
ARM GAS  C:\Users\three\AppData\Local\Temp\cc3mDhxh.s 			page 44


 664:Drivers/STM32F0xx_HAL_Driver/Inc/stm32f0xx_ll_system.h ****   *         @arg @ref LL_SYSCFG_EXTI_LINE15
 665:Drivers/STM32F0xx_HAL_Driver/Inc/stm32f0xx_ll_system.h ****   * @retval Returned value can be one of the following values:
 666:Drivers/STM32F0xx_HAL_Driver/Inc/stm32f0xx_ll_system.h ****   *         @arg @ref LL_SYSCFG_EXTI_PORTA
 667:Drivers/STM32F0xx_HAL_Driver/Inc/stm32f0xx_ll_system.h ****   *         @arg @ref LL_SYSCFG_EXTI_PORTB
 668:Drivers/STM32F0xx_HAL_Driver/Inc/stm32f0xx_ll_system.h ****   *         @arg @ref LL_SYSCFG_EXTI_PORTC
 669:Drivers/STM32F0xx_HAL_Driver/Inc/stm32f0xx_ll_system.h ****   *         @arg @ref LL_SYSCFG_EXTI_PORTD (*)
 670:Drivers/STM32F0xx_HAL_Driver/Inc/stm32f0xx_ll_system.h ****   *         @arg @ref LL_SYSCFG_EXTI_PORTE (*)
 671:Drivers/STM32F0xx_HAL_Driver/Inc/stm32f0xx_ll_system.h ****   *         @arg @ref LL_SYSCFG_EXTI_PORTF
 672:Drivers/STM32F0xx_HAL_Driver/Inc/stm32f0xx_ll_system.h ****   *
 673:Drivers/STM32F0xx_HAL_Driver/Inc/stm32f0xx_ll_system.h ****   *         (*) value not defined in all devices
 674:Drivers/STM32F0xx_HAL_Driver/Inc/stm32f0xx_ll_system.h ****   */
 675:Drivers/STM32F0xx_HAL_Driver/Inc/stm32f0xx_ll_system.h **** __STATIC_INLINE uint32_t LL_SYSCFG_GetEXTISource(uint32_t Line)
 676:Drivers/STM32F0xx_HAL_Driver/Inc/stm32f0xx_ll_system.h **** {
 677:Drivers/STM32F0xx_HAL_Driver/Inc/stm32f0xx_ll_system.h ****   return (uint32_t)(READ_BIT(SYSCFG->EXTICR[Line & 0xFF], (SYSCFG_EXTICR1_EXTI0 << (Line >> 16))) >
 678:Drivers/STM32F0xx_HAL_Driver/Inc/stm32f0xx_ll_system.h **** }
 679:Drivers/STM32F0xx_HAL_Driver/Inc/stm32f0xx_ll_system.h **** 
 680:Drivers/STM32F0xx_HAL_Driver/Inc/stm32f0xx_ll_system.h **** #if defined(SYSCFG_ITLINE0_SR_EWDG)
 681:Drivers/STM32F0xx_HAL_Driver/Inc/stm32f0xx_ll_system.h **** /**
 682:Drivers/STM32F0xx_HAL_Driver/Inc/stm32f0xx_ll_system.h ****   * @brief  Check if Window watchdog interrupt occurred or not.
 683:Drivers/STM32F0xx_HAL_Driver/Inc/stm32f0xx_ll_system.h ****   * @rmtoll SYSCFG_ITLINE0 SR_EWDG       LL_SYSCFG_IsActiveFlag_WWDG
 684:Drivers/STM32F0xx_HAL_Driver/Inc/stm32f0xx_ll_system.h ****   * @retval State of bit (1 or 0).
 685:Drivers/STM32F0xx_HAL_Driver/Inc/stm32f0xx_ll_system.h ****   */
 686:Drivers/STM32F0xx_HAL_Driver/Inc/stm32f0xx_ll_system.h **** __STATIC_INLINE uint32_t LL_SYSCFG_IsActiveFlag_WWDG(void)
 687:Drivers/STM32F0xx_HAL_Driver/Inc/stm32f0xx_ll_system.h **** {
 688:Drivers/STM32F0xx_HAL_Driver/Inc/stm32f0xx_ll_system.h ****   return (READ_BIT(SYSCFG->IT_LINE_SR[0], SYSCFG_ITLINE0_SR_EWDG) == (SYSCFG_ITLINE0_SR_EWDG));
 689:Drivers/STM32F0xx_HAL_Driver/Inc/stm32f0xx_ll_system.h **** }
 690:Drivers/STM32F0xx_HAL_Driver/Inc/stm32f0xx_ll_system.h **** #endif /* SYSCFG_ITLINE0_SR_EWDG */
 691:Drivers/STM32F0xx_HAL_Driver/Inc/stm32f0xx_ll_system.h **** 
 692:Drivers/STM32F0xx_HAL_Driver/Inc/stm32f0xx_ll_system.h **** #if defined(SYSCFG_ITLINE1_SR_PVDOUT)
 693:Drivers/STM32F0xx_HAL_Driver/Inc/stm32f0xx_ll_system.h **** /**
 694:Drivers/STM32F0xx_HAL_Driver/Inc/stm32f0xx_ll_system.h ****   * @brief  Check if PVD supply monitoring interrupt occurred or not (EXTI line 16).
 695:Drivers/STM32F0xx_HAL_Driver/Inc/stm32f0xx_ll_system.h ****   * @rmtoll SYSCFG_ITLINE1 SR_PVDOUT     LL_SYSCFG_IsActiveFlag_PVDOUT
 696:Drivers/STM32F0xx_HAL_Driver/Inc/stm32f0xx_ll_system.h ****   * @retval State of bit (1 or 0).
 697:Drivers/STM32F0xx_HAL_Driver/Inc/stm32f0xx_ll_system.h ****   */
 698:Drivers/STM32F0xx_HAL_Driver/Inc/stm32f0xx_ll_system.h **** __STATIC_INLINE uint32_t LL_SYSCFG_IsActiveFlag_PVDOUT(void)
 699:Drivers/STM32F0xx_HAL_Driver/Inc/stm32f0xx_ll_system.h **** {
 700:Drivers/STM32F0xx_HAL_Driver/Inc/stm32f0xx_ll_system.h ****   return (READ_BIT(SYSCFG->IT_LINE_SR[1], SYSCFG_ITLINE1_SR_PVDOUT) == (SYSCFG_ITLINE1_SR_PVDOUT));
 701:Drivers/STM32F0xx_HAL_Driver/Inc/stm32f0xx_ll_system.h **** }
 702:Drivers/STM32F0xx_HAL_Driver/Inc/stm32f0xx_ll_system.h **** #endif /* SYSCFG_ITLINE1_SR_PVDOUT */
 703:Drivers/STM32F0xx_HAL_Driver/Inc/stm32f0xx_ll_system.h **** 
 704:Drivers/STM32F0xx_HAL_Driver/Inc/stm32f0xx_ll_system.h **** #if defined(SYSCFG_ITLINE1_SR_VDDIO2)
 705:Drivers/STM32F0xx_HAL_Driver/Inc/stm32f0xx_ll_system.h **** /**
 706:Drivers/STM32F0xx_HAL_Driver/Inc/stm32f0xx_ll_system.h ****   * @brief  Check if VDDIO2 supply monitoring interrupt occurred or not (EXTI line 31).
 707:Drivers/STM32F0xx_HAL_Driver/Inc/stm32f0xx_ll_system.h ****   * @rmtoll SYSCFG_ITLINE1 SR_VDDIO2     LL_SYSCFG_IsActiveFlag_VDDIO2
 708:Drivers/STM32F0xx_HAL_Driver/Inc/stm32f0xx_ll_system.h ****   * @retval State of bit (1 or 0).
 709:Drivers/STM32F0xx_HAL_Driver/Inc/stm32f0xx_ll_system.h ****   */
 710:Drivers/STM32F0xx_HAL_Driver/Inc/stm32f0xx_ll_system.h **** __STATIC_INLINE uint32_t LL_SYSCFG_IsActiveFlag_VDDIO2(void)
 711:Drivers/STM32F0xx_HAL_Driver/Inc/stm32f0xx_ll_system.h **** {
 712:Drivers/STM32F0xx_HAL_Driver/Inc/stm32f0xx_ll_system.h ****   return (READ_BIT(SYSCFG->IT_LINE_SR[1], SYSCFG_ITLINE1_SR_VDDIO2) == (SYSCFG_ITLINE1_SR_VDDIO2));
 713:Drivers/STM32F0xx_HAL_Driver/Inc/stm32f0xx_ll_system.h **** }
 714:Drivers/STM32F0xx_HAL_Driver/Inc/stm32f0xx_ll_system.h **** #endif /* SYSCFG_ITLINE1_SR_VDDIO2 */
 715:Drivers/STM32F0xx_HAL_Driver/Inc/stm32f0xx_ll_system.h **** 
 716:Drivers/STM32F0xx_HAL_Driver/Inc/stm32f0xx_ll_system.h **** #if defined(SYSCFG_ITLINE2_SR_RTC_WAKEUP)
 717:Drivers/STM32F0xx_HAL_Driver/Inc/stm32f0xx_ll_system.h **** /**
 718:Drivers/STM32F0xx_HAL_Driver/Inc/stm32f0xx_ll_system.h ****   * @brief  Check if RTC Wake Up interrupt occurred or not (EXTI line 20).
 719:Drivers/STM32F0xx_HAL_Driver/Inc/stm32f0xx_ll_system.h ****   * @rmtoll SYSCFG_ITLINE2 SR_RTC_WAKEUP  LL_SYSCFG_IsActiveFlag_RTC_WAKEUP
 720:Drivers/STM32F0xx_HAL_Driver/Inc/stm32f0xx_ll_system.h ****   * @retval State of bit (1 or 0).
ARM GAS  C:\Users\three\AppData\Local\Temp\cc3mDhxh.s 			page 45


 721:Drivers/STM32F0xx_HAL_Driver/Inc/stm32f0xx_ll_system.h ****   */
 722:Drivers/STM32F0xx_HAL_Driver/Inc/stm32f0xx_ll_system.h **** __STATIC_INLINE uint32_t LL_SYSCFG_IsActiveFlag_RTC_WAKEUP(void)
 723:Drivers/STM32F0xx_HAL_Driver/Inc/stm32f0xx_ll_system.h **** {
 724:Drivers/STM32F0xx_HAL_Driver/Inc/stm32f0xx_ll_system.h ****   return (READ_BIT(SYSCFG->IT_LINE_SR[2], SYSCFG_ITLINE2_SR_RTC_WAKEUP) == (SYSCFG_ITLINE2_SR_RTC_W
 725:Drivers/STM32F0xx_HAL_Driver/Inc/stm32f0xx_ll_system.h **** }
 726:Drivers/STM32F0xx_HAL_Driver/Inc/stm32f0xx_ll_system.h **** #endif /* SYSCFG_ITLINE2_SR_RTC_WAKEUP */
 727:Drivers/STM32F0xx_HAL_Driver/Inc/stm32f0xx_ll_system.h **** 
 728:Drivers/STM32F0xx_HAL_Driver/Inc/stm32f0xx_ll_system.h **** #if defined(SYSCFG_ITLINE2_SR_RTC_TSTAMP)
 729:Drivers/STM32F0xx_HAL_Driver/Inc/stm32f0xx_ll_system.h **** /**
 730:Drivers/STM32F0xx_HAL_Driver/Inc/stm32f0xx_ll_system.h ****   * @brief  Check if RTC Tamper and TimeStamp interrupt occurred or not (EXTI line 19).
 731:Drivers/STM32F0xx_HAL_Driver/Inc/stm32f0xx_ll_system.h ****   * @rmtoll SYSCFG_ITLINE2 SR_RTC_TSTAMP  LL_SYSCFG_IsActiveFlag_RTC_TSTAMP
 732:Drivers/STM32F0xx_HAL_Driver/Inc/stm32f0xx_ll_system.h ****   * @retval State of bit (1 or 0).
 733:Drivers/STM32F0xx_HAL_Driver/Inc/stm32f0xx_ll_system.h ****   */
 734:Drivers/STM32F0xx_HAL_Driver/Inc/stm32f0xx_ll_system.h **** __STATIC_INLINE uint32_t LL_SYSCFG_IsActiveFlag_RTC_TSTAMP(void)
 735:Drivers/STM32F0xx_HAL_Driver/Inc/stm32f0xx_ll_system.h **** {
 736:Drivers/STM32F0xx_HAL_Driver/Inc/stm32f0xx_ll_system.h ****   return (READ_BIT(SYSCFG->IT_LINE_SR[2], SYSCFG_ITLINE2_SR_RTC_TSTAMP) == (SYSCFG_ITLINE2_SR_RTC_T
 737:Drivers/STM32F0xx_HAL_Driver/Inc/stm32f0xx_ll_system.h **** }
 738:Drivers/STM32F0xx_HAL_Driver/Inc/stm32f0xx_ll_system.h **** #endif /* SYSCFG_ITLINE2_SR_RTC_TSTAMP */
 739:Drivers/STM32F0xx_HAL_Driver/Inc/stm32f0xx_ll_system.h **** 
 740:Drivers/STM32F0xx_HAL_Driver/Inc/stm32f0xx_ll_system.h **** #if defined(SYSCFG_ITLINE2_SR_RTC_ALRA)
 741:Drivers/STM32F0xx_HAL_Driver/Inc/stm32f0xx_ll_system.h **** /**
 742:Drivers/STM32F0xx_HAL_Driver/Inc/stm32f0xx_ll_system.h ****   * @brief  Check if RTC Alarm interrupt occurred or not (EXTI line 17).
 743:Drivers/STM32F0xx_HAL_Driver/Inc/stm32f0xx_ll_system.h ****   * @rmtoll SYSCFG_ITLINE2 SR_RTC_ALRA   LL_SYSCFG_IsActiveFlag_RTC_ALRA
 744:Drivers/STM32F0xx_HAL_Driver/Inc/stm32f0xx_ll_system.h ****   * @retval State of bit (1 or 0).
 745:Drivers/STM32F0xx_HAL_Driver/Inc/stm32f0xx_ll_system.h ****   */
 746:Drivers/STM32F0xx_HAL_Driver/Inc/stm32f0xx_ll_system.h **** __STATIC_INLINE uint32_t LL_SYSCFG_IsActiveFlag_RTC_ALRA(void)
 747:Drivers/STM32F0xx_HAL_Driver/Inc/stm32f0xx_ll_system.h **** {
 748:Drivers/STM32F0xx_HAL_Driver/Inc/stm32f0xx_ll_system.h ****   return (READ_BIT(SYSCFG->IT_LINE_SR[2], SYSCFG_ITLINE2_SR_RTC_ALRA) == (SYSCFG_ITLINE2_SR_RTC_ALR
 749:Drivers/STM32F0xx_HAL_Driver/Inc/stm32f0xx_ll_system.h **** }
 750:Drivers/STM32F0xx_HAL_Driver/Inc/stm32f0xx_ll_system.h **** #endif /* SYSCFG_ITLINE2_SR_RTC_ALRA */
 751:Drivers/STM32F0xx_HAL_Driver/Inc/stm32f0xx_ll_system.h **** 
 752:Drivers/STM32F0xx_HAL_Driver/Inc/stm32f0xx_ll_system.h **** #if defined(SYSCFG_ITLINE3_SR_FLASH_ITF)
 753:Drivers/STM32F0xx_HAL_Driver/Inc/stm32f0xx_ll_system.h **** /**
 754:Drivers/STM32F0xx_HAL_Driver/Inc/stm32f0xx_ll_system.h ****   * @brief  Check if Flash interface interrupt occurred or not.
 755:Drivers/STM32F0xx_HAL_Driver/Inc/stm32f0xx_ll_system.h ****   * @rmtoll SYSCFG_ITLINE3 SR_FLASH_ITF  LL_SYSCFG_IsActiveFlag_FLASH_ITF
 756:Drivers/STM32F0xx_HAL_Driver/Inc/stm32f0xx_ll_system.h ****   * @retval State of bit (1 or 0).
 757:Drivers/STM32F0xx_HAL_Driver/Inc/stm32f0xx_ll_system.h ****   */
 758:Drivers/STM32F0xx_HAL_Driver/Inc/stm32f0xx_ll_system.h **** __STATIC_INLINE uint32_t LL_SYSCFG_IsActiveFlag_FLASH_ITF(void)
 759:Drivers/STM32F0xx_HAL_Driver/Inc/stm32f0xx_ll_system.h **** {
 760:Drivers/STM32F0xx_HAL_Driver/Inc/stm32f0xx_ll_system.h ****   return (READ_BIT(SYSCFG->IT_LINE_SR[3], SYSCFG_ITLINE3_SR_FLASH_ITF) == (SYSCFG_ITLINE3_SR_FLASH_
 761:Drivers/STM32F0xx_HAL_Driver/Inc/stm32f0xx_ll_system.h **** }
 762:Drivers/STM32F0xx_HAL_Driver/Inc/stm32f0xx_ll_system.h **** #endif /* SYSCFG_ITLINE3_SR_FLASH_ITF */
 763:Drivers/STM32F0xx_HAL_Driver/Inc/stm32f0xx_ll_system.h **** 
 764:Drivers/STM32F0xx_HAL_Driver/Inc/stm32f0xx_ll_system.h **** #if defined(SYSCFG_ITLINE4_SR_CRS)
 765:Drivers/STM32F0xx_HAL_Driver/Inc/stm32f0xx_ll_system.h **** /**
 766:Drivers/STM32F0xx_HAL_Driver/Inc/stm32f0xx_ll_system.h ****   * @brief  Check if Clock recovery system interrupt occurred or not.
 767:Drivers/STM32F0xx_HAL_Driver/Inc/stm32f0xx_ll_system.h ****   * @rmtoll SYSCFG_ITLINE4 SR_CRS        LL_SYSCFG_IsActiveFlag_CRS
 768:Drivers/STM32F0xx_HAL_Driver/Inc/stm32f0xx_ll_system.h ****   * @retval State of bit (1 or 0).
 769:Drivers/STM32F0xx_HAL_Driver/Inc/stm32f0xx_ll_system.h ****   */
 770:Drivers/STM32F0xx_HAL_Driver/Inc/stm32f0xx_ll_system.h **** __STATIC_INLINE uint32_t LL_SYSCFG_IsActiveFlag_CRS(void)
 771:Drivers/STM32F0xx_HAL_Driver/Inc/stm32f0xx_ll_system.h **** {
 772:Drivers/STM32F0xx_HAL_Driver/Inc/stm32f0xx_ll_system.h ****   return (READ_BIT(SYSCFG->IT_LINE_SR[4], SYSCFG_ITLINE4_SR_CRS) == (SYSCFG_ITLINE4_SR_CRS));
 773:Drivers/STM32F0xx_HAL_Driver/Inc/stm32f0xx_ll_system.h **** }
 774:Drivers/STM32F0xx_HAL_Driver/Inc/stm32f0xx_ll_system.h **** #endif /* SYSCFG_ITLINE4_SR_CRS */
 775:Drivers/STM32F0xx_HAL_Driver/Inc/stm32f0xx_ll_system.h **** 
 776:Drivers/STM32F0xx_HAL_Driver/Inc/stm32f0xx_ll_system.h **** #if defined(SYSCFG_ITLINE4_SR_CLK_CTRL)
 777:Drivers/STM32F0xx_HAL_Driver/Inc/stm32f0xx_ll_system.h **** /**
ARM GAS  C:\Users\three\AppData\Local\Temp\cc3mDhxh.s 			page 46


 778:Drivers/STM32F0xx_HAL_Driver/Inc/stm32f0xx_ll_system.h ****   * @brief  Check if Reset and clock control interrupt occurred or not.
 779:Drivers/STM32F0xx_HAL_Driver/Inc/stm32f0xx_ll_system.h ****   * @rmtoll SYSCFG_ITLINE4 SR_CLK_CTRL   LL_SYSCFG_IsActiveFlag_CLK_CTRL
 780:Drivers/STM32F0xx_HAL_Driver/Inc/stm32f0xx_ll_system.h ****   * @retval State of bit (1 or 0).
 781:Drivers/STM32F0xx_HAL_Driver/Inc/stm32f0xx_ll_system.h ****   */
 782:Drivers/STM32F0xx_HAL_Driver/Inc/stm32f0xx_ll_system.h **** __STATIC_INLINE uint32_t LL_SYSCFG_IsActiveFlag_CLK_CTRL(void)
 783:Drivers/STM32F0xx_HAL_Driver/Inc/stm32f0xx_ll_system.h **** {
 784:Drivers/STM32F0xx_HAL_Driver/Inc/stm32f0xx_ll_system.h ****   return (READ_BIT(SYSCFG->IT_LINE_SR[4], SYSCFG_ITLINE4_SR_CLK_CTRL) == (SYSCFG_ITLINE4_SR_CLK_CTR
 785:Drivers/STM32F0xx_HAL_Driver/Inc/stm32f0xx_ll_system.h **** }
 786:Drivers/STM32F0xx_HAL_Driver/Inc/stm32f0xx_ll_system.h **** #endif /* SYSCFG_ITLINE4_SR_CLK_CTRL */
 787:Drivers/STM32F0xx_HAL_Driver/Inc/stm32f0xx_ll_system.h **** 
 788:Drivers/STM32F0xx_HAL_Driver/Inc/stm32f0xx_ll_system.h **** #if defined(SYSCFG_ITLINE5_SR_EXTI0)
 789:Drivers/STM32F0xx_HAL_Driver/Inc/stm32f0xx_ll_system.h **** /**
 790:Drivers/STM32F0xx_HAL_Driver/Inc/stm32f0xx_ll_system.h ****   * @brief  Check if EXTI line 0 interrupt occurred or not.
 791:Drivers/STM32F0xx_HAL_Driver/Inc/stm32f0xx_ll_system.h ****   * @rmtoll SYSCFG_ITLINE5 SR_EXTI0      LL_SYSCFG_IsActiveFlag_EXTI0
 792:Drivers/STM32F0xx_HAL_Driver/Inc/stm32f0xx_ll_system.h ****   * @retval State of bit (1 or 0).
 793:Drivers/STM32F0xx_HAL_Driver/Inc/stm32f0xx_ll_system.h ****   */
 794:Drivers/STM32F0xx_HAL_Driver/Inc/stm32f0xx_ll_system.h **** __STATIC_INLINE uint32_t LL_SYSCFG_IsActiveFlag_EXTI0(void)
 795:Drivers/STM32F0xx_HAL_Driver/Inc/stm32f0xx_ll_system.h **** {
 796:Drivers/STM32F0xx_HAL_Driver/Inc/stm32f0xx_ll_system.h ****   return (READ_BIT(SYSCFG->IT_LINE_SR[5], SYSCFG_ITLINE5_SR_EXTI0) == (SYSCFG_ITLINE5_SR_EXTI0));
 797:Drivers/STM32F0xx_HAL_Driver/Inc/stm32f0xx_ll_system.h **** }
 798:Drivers/STM32F0xx_HAL_Driver/Inc/stm32f0xx_ll_system.h **** #endif /* SYSCFG_ITLINE5_SR_EXTI0 */
 799:Drivers/STM32F0xx_HAL_Driver/Inc/stm32f0xx_ll_system.h **** 
 800:Drivers/STM32F0xx_HAL_Driver/Inc/stm32f0xx_ll_system.h **** #if defined(SYSCFG_ITLINE5_SR_EXTI1)
 801:Drivers/STM32F0xx_HAL_Driver/Inc/stm32f0xx_ll_system.h **** /**
 802:Drivers/STM32F0xx_HAL_Driver/Inc/stm32f0xx_ll_system.h ****   * @brief  Check if EXTI line 1 interrupt occurred or not.
 803:Drivers/STM32F0xx_HAL_Driver/Inc/stm32f0xx_ll_system.h ****   * @rmtoll SYSCFG_ITLINE5 SR_EXTI1      LL_SYSCFG_IsActiveFlag_EXTI1
 804:Drivers/STM32F0xx_HAL_Driver/Inc/stm32f0xx_ll_system.h ****   * @retval State of bit (1 or 0).
 805:Drivers/STM32F0xx_HAL_Driver/Inc/stm32f0xx_ll_system.h ****   */
 806:Drivers/STM32F0xx_HAL_Driver/Inc/stm32f0xx_ll_system.h **** __STATIC_INLINE uint32_t LL_SYSCFG_IsActiveFlag_EXTI1(void)
 807:Drivers/STM32F0xx_HAL_Driver/Inc/stm32f0xx_ll_system.h **** {
 808:Drivers/STM32F0xx_HAL_Driver/Inc/stm32f0xx_ll_system.h ****   return (READ_BIT(SYSCFG->IT_LINE_SR[5], SYSCFG_ITLINE5_SR_EXTI1) == (SYSCFG_ITLINE5_SR_EXTI1));
 809:Drivers/STM32F0xx_HAL_Driver/Inc/stm32f0xx_ll_system.h **** }
 810:Drivers/STM32F0xx_HAL_Driver/Inc/stm32f0xx_ll_system.h **** #endif /* SYSCFG_ITLINE5_SR_EXTI1 */
 811:Drivers/STM32F0xx_HAL_Driver/Inc/stm32f0xx_ll_system.h **** 
 812:Drivers/STM32F0xx_HAL_Driver/Inc/stm32f0xx_ll_system.h **** #if defined(SYSCFG_ITLINE6_SR_EXTI2)
 813:Drivers/STM32F0xx_HAL_Driver/Inc/stm32f0xx_ll_system.h **** /**
 814:Drivers/STM32F0xx_HAL_Driver/Inc/stm32f0xx_ll_system.h ****   * @brief  Check if EXTI line 2 interrupt occurred or not.
 815:Drivers/STM32F0xx_HAL_Driver/Inc/stm32f0xx_ll_system.h ****   * @rmtoll SYSCFG_ITLINE6 SR_EXTI2      LL_SYSCFG_IsActiveFlag_EXTI2
 816:Drivers/STM32F0xx_HAL_Driver/Inc/stm32f0xx_ll_system.h ****   * @retval State of bit (1 or 0).
 817:Drivers/STM32F0xx_HAL_Driver/Inc/stm32f0xx_ll_system.h ****   */
 818:Drivers/STM32F0xx_HAL_Driver/Inc/stm32f0xx_ll_system.h **** __STATIC_INLINE uint32_t LL_SYSCFG_IsActiveFlag_EXTI2(void)
 819:Drivers/STM32F0xx_HAL_Driver/Inc/stm32f0xx_ll_system.h **** {
 820:Drivers/STM32F0xx_HAL_Driver/Inc/stm32f0xx_ll_system.h ****   return (READ_BIT(SYSCFG->IT_LINE_SR[6], SYSCFG_ITLINE6_SR_EXTI2) == (SYSCFG_ITLINE6_SR_EXTI2));
 821:Drivers/STM32F0xx_HAL_Driver/Inc/stm32f0xx_ll_system.h **** }
 822:Drivers/STM32F0xx_HAL_Driver/Inc/stm32f0xx_ll_system.h **** #endif /* SYSCFG_ITLINE6_SR_EXTI2 */
 823:Drivers/STM32F0xx_HAL_Driver/Inc/stm32f0xx_ll_system.h **** 
 824:Drivers/STM32F0xx_HAL_Driver/Inc/stm32f0xx_ll_system.h **** #if defined(SYSCFG_ITLINE6_SR_EXTI3)
 825:Drivers/STM32F0xx_HAL_Driver/Inc/stm32f0xx_ll_system.h **** /**
 826:Drivers/STM32F0xx_HAL_Driver/Inc/stm32f0xx_ll_system.h ****   * @brief  Check if EXTI line 3 interrupt occurred or not.
 827:Drivers/STM32F0xx_HAL_Driver/Inc/stm32f0xx_ll_system.h ****   * @rmtoll SYSCFG_ITLINE6 SR_EXTI3      LL_SYSCFG_IsActiveFlag_EXTI3
 828:Drivers/STM32F0xx_HAL_Driver/Inc/stm32f0xx_ll_system.h ****   * @retval State of bit (1 or 0).
 829:Drivers/STM32F0xx_HAL_Driver/Inc/stm32f0xx_ll_system.h ****   */
 830:Drivers/STM32F0xx_HAL_Driver/Inc/stm32f0xx_ll_system.h **** __STATIC_INLINE uint32_t LL_SYSCFG_IsActiveFlag_EXTI3(void)
 831:Drivers/STM32F0xx_HAL_Driver/Inc/stm32f0xx_ll_system.h **** {
 832:Drivers/STM32F0xx_HAL_Driver/Inc/stm32f0xx_ll_system.h ****   return (READ_BIT(SYSCFG->IT_LINE_SR[6], SYSCFG_ITLINE6_SR_EXTI3) == (SYSCFG_ITLINE6_SR_EXTI3));
 833:Drivers/STM32F0xx_HAL_Driver/Inc/stm32f0xx_ll_system.h **** }
 834:Drivers/STM32F0xx_HAL_Driver/Inc/stm32f0xx_ll_system.h **** #endif /* SYSCFG_ITLINE6_SR_EXTI3 */
ARM GAS  C:\Users\three\AppData\Local\Temp\cc3mDhxh.s 			page 47


 835:Drivers/STM32F0xx_HAL_Driver/Inc/stm32f0xx_ll_system.h **** 
 836:Drivers/STM32F0xx_HAL_Driver/Inc/stm32f0xx_ll_system.h **** #if defined(SYSCFG_ITLINE7_SR_EXTI4)
 837:Drivers/STM32F0xx_HAL_Driver/Inc/stm32f0xx_ll_system.h **** /**
 838:Drivers/STM32F0xx_HAL_Driver/Inc/stm32f0xx_ll_system.h ****   * @brief  Check if EXTI line 4 interrupt occurred or not.
 839:Drivers/STM32F0xx_HAL_Driver/Inc/stm32f0xx_ll_system.h ****   * @rmtoll SYSCFG_ITLINE7 SR_EXTI4      LL_SYSCFG_IsActiveFlag_EXTI4
 840:Drivers/STM32F0xx_HAL_Driver/Inc/stm32f0xx_ll_system.h ****   * @retval State of bit (1 or 0).
 841:Drivers/STM32F0xx_HAL_Driver/Inc/stm32f0xx_ll_system.h ****   */
 842:Drivers/STM32F0xx_HAL_Driver/Inc/stm32f0xx_ll_system.h **** __STATIC_INLINE uint32_t LL_SYSCFG_IsActiveFlag_EXTI4(void)
 843:Drivers/STM32F0xx_HAL_Driver/Inc/stm32f0xx_ll_system.h **** {
 844:Drivers/STM32F0xx_HAL_Driver/Inc/stm32f0xx_ll_system.h ****   return (READ_BIT(SYSCFG->IT_LINE_SR[7], SYSCFG_ITLINE7_SR_EXTI4) == (SYSCFG_ITLINE7_SR_EXTI4));
 845:Drivers/STM32F0xx_HAL_Driver/Inc/stm32f0xx_ll_system.h **** }
 846:Drivers/STM32F0xx_HAL_Driver/Inc/stm32f0xx_ll_system.h **** #endif /* SYSCFG_ITLINE7_SR_EXTI4 */
 847:Drivers/STM32F0xx_HAL_Driver/Inc/stm32f0xx_ll_system.h **** 
 848:Drivers/STM32F0xx_HAL_Driver/Inc/stm32f0xx_ll_system.h **** #if defined(SYSCFG_ITLINE7_SR_EXTI5)
 849:Drivers/STM32F0xx_HAL_Driver/Inc/stm32f0xx_ll_system.h **** /**
 850:Drivers/STM32F0xx_HAL_Driver/Inc/stm32f0xx_ll_system.h ****   * @brief  Check if EXTI line 5 interrupt occurred or not.
 851:Drivers/STM32F0xx_HAL_Driver/Inc/stm32f0xx_ll_system.h ****   * @rmtoll SYSCFG_ITLINE7 SR_EXTI5      LL_SYSCFG_IsActiveFlag_EXTI5
 852:Drivers/STM32F0xx_HAL_Driver/Inc/stm32f0xx_ll_system.h ****   * @retval State of bit (1 or 0).
 853:Drivers/STM32F0xx_HAL_Driver/Inc/stm32f0xx_ll_system.h ****   */
 854:Drivers/STM32F0xx_HAL_Driver/Inc/stm32f0xx_ll_system.h **** __STATIC_INLINE uint32_t LL_SYSCFG_IsActiveFlag_EXTI5(void)
 855:Drivers/STM32F0xx_HAL_Driver/Inc/stm32f0xx_ll_system.h **** {
 856:Drivers/STM32F0xx_HAL_Driver/Inc/stm32f0xx_ll_system.h ****   return (READ_BIT(SYSCFG->IT_LINE_SR[7], SYSCFG_ITLINE7_SR_EXTI5) == (SYSCFG_ITLINE7_SR_EXTI5));
 857:Drivers/STM32F0xx_HAL_Driver/Inc/stm32f0xx_ll_system.h **** }
 858:Drivers/STM32F0xx_HAL_Driver/Inc/stm32f0xx_ll_system.h **** #endif /* SYSCFG_ITLINE7_SR_EXTI5 */
 859:Drivers/STM32F0xx_HAL_Driver/Inc/stm32f0xx_ll_system.h **** 
 860:Drivers/STM32F0xx_HAL_Driver/Inc/stm32f0xx_ll_system.h **** #if defined(SYSCFG_ITLINE7_SR_EXTI6)
 861:Drivers/STM32F0xx_HAL_Driver/Inc/stm32f0xx_ll_system.h **** /**
 862:Drivers/STM32F0xx_HAL_Driver/Inc/stm32f0xx_ll_system.h ****   * @brief  Check if EXTI line 6 interrupt occurred or not.
 863:Drivers/STM32F0xx_HAL_Driver/Inc/stm32f0xx_ll_system.h ****   * @rmtoll SYSCFG_ITLINE7 SR_EXTI6      LL_SYSCFG_IsActiveFlag_EXTI6
 864:Drivers/STM32F0xx_HAL_Driver/Inc/stm32f0xx_ll_system.h ****   * @retval State of bit (1 or 0).
 865:Drivers/STM32F0xx_HAL_Driver/Inc/stm32f0xx_ll_system.h ****   */
 866:Drivers/STM32F0xx_HAL_Driver/Inc/stm32f0xx_ll_system.h **** __STATIC_INLINE uint32_t LL_SYSCFG_IsActiveFlag_EXTI6(void)
 867:Drivers/STM32F0xx_HAL_Driver/Inc/stm32f0xx_ll_system.h **** {
 868:Drivers/STM32F0xx_HAL_Driver/Inc/stm32f0xx_ll_system.h ****   return (READ_BIT(SYSCFG->IT_LINE_SR[7], SYSCFG_ITLINE7_SR_EXTI6) == (SYSCFG_ITLINE7_SR_EXTI6));
 869:Drivers/STM32F0xx_HAL_Driver/Inc/stm32f0xx_ll_system.h **** }
 870:Drivers/STM32F0xx_HAL_Driver/Inc/stm32f0xx_ll_system.h **** #endif /* SYSCFG_ITLINE7_SR_EXTI6 */
 871:Drivers/STM32F0xx_HAL_Driver/Inc/stm32f0xx_ll_system.h **** 
 872:Drivers/STM32F0xx_HAL_Driver/Inc/stm32f0xx_ll_system.h **** #if defined(SYSCFG_ITLINE7_SR_EXTI7)
 873:Drivers/STM32F0xx_HAL_Driver/Inc/stm32f0xx_ll_system.h **** /**
 874:Drivers/STM32F0xx_HAL_Driver/Inc/stm32f0xx_ll_system.h ****   * @brief  Check if EXTI line 7 interrupt occurred or not.
 875:Drivers/STM32F0xx_HAL_Driver/Inc/stm32f0xx_ll_system.h ****   * @rmtoll SYSCFG_ITLINE7 SR_EXTI7      LL_SYSCFG_IsActiveFlag_EXTI7
 876:Drivers/STM32F0xx_HAL_Driver/Inc/stm32f0xx_ll_system.h ****   * @retval State of bit (1 or 0).
 877:Drivers/STM32F0xx_HAL_Driver/Inc/stm32f0xx_ll_system.h ****   */
 878:Drivers/STM32F0xx_HAL_Driver/Inc/stm32f0xx_ll_system.h **** __STATIC_INLINE uint32_t LL_SYSCFG_IsActiveFlag_EXTI7(void)
 879:Drivers/STM32F0xx_HAL_Driver/Inc/stm32f0xx_ll_system.h **** {
 880:Drivers/STM32F0xx_HAL_Driver/Inc/stm32f0xx_ll_system.h ****   return (READ_BIT(SYSCFG->IT_LINE_SR[7], SYSCFG_ITLINE7_SR_EXTI7) == (SYSCFG_ITLINE7_SR_EXTI7));
 881:Drivers/STM32F0xx_HAL_Driver/Inc/stm32f0xx_ll_system.h **** }
 882:Drivers/STM32F0xx_HAL_Driver/Inc/stm32f0xx_ll_system.h **** #endif /* SYSCFG_ITLINE7_SR_EXTI7 */
 883:Drivers/STM32F0xx_HAL_Driver/Inc/stm32f0xx_ll_system.h **** 
 884:Drivers/STM32F0xx_HAL_Driver/Inc/stm32f0xx_ll_system.h **** #if defined(SYSCFG_ITLINE7_SR_EXTI8)
 885:Drivers/STM32F0xx_HAL_Driver/Inc/stm32f0xx_ll_system.h **** /**
 886:Drivers/STM32F0xx_HAL_Driver/Inc/stm32f0xx_ll_system.h ****   * @brief  Check if EXTI line 8 interrupt occurred or not.
 887:Drivers/STM32F0xx_HAL_Driver/Inc/stm32f0xx_ll_system.h ****   * @rmtoll SYSCFG_ITLINE7 SR_EXTI8      LL_SYSCFG_IsActiveFlag_EXTI8
 888:Drivers/STM32F0xx_HAL_Driver/Inc/stm32f0xx_ll_system.h ****   * @retval State of bit (1 or 0).
 889:Drivers/STM32F0xx_HAL_Driver/Inc/stm32f0xx_ll_system.h ****   */
 890:Drivers/STM32F0xx_HAL_Driver/Inc/stm32f0xx_ll_system.h **** __STATIC_INLINE uint32_t LL_SYSCFG_IsActiveFlag_EXTI8(void)
 891:Drivers/STM32F0xx_HAL_Driver/Inc/stm32f0xx_ll_system.h **** {
ARM GAS  C:\Users\three\AppData\Local\Temp\cc3mDhxh.s 			page 48


 892:Drivers/STM32F0xx_HAL_Driver/Inc/stm32f0xx_ll_system.h ****   return (READ_BIT(SYSCFG->IT_LINE_SR[7], SYSCFG_ITLINE7_SR_EXTI8) == (SYSCFG_ITLINE7_SR_EXTI8));
 893:Drivers/STM32F0xx_HAL_Driver/Inc/stm32f0xx_ll_system.h **** }
 894:Drivers/STM32F0xx_HAL_Driver/Inc/stm32f0xx_ll_system.h **** #endif /* SYSCFG_ITLINE7_SR_EXTI8 */
 895:Drivers/STM32F0xx_HAL_Driver/Inc/stm32f0xx_ll_system.h **** 
 896:Drivers/STM32F0xx_HAL_Driver/Inc/stm32f0xx_ll_system.h **** #if defined(SYSCFG_ITLINE7_SR_EXTI9)
 897:Drivers/STM32F0xx_HAL_Driver/Inc/stm32f0xx_ll_system.h **** /**
 898:Drivers/STM32F0xx_HAL_Driver/Inc/stm32f0xx_ll_system.h ****   * @brief  Check if EXTI line 9 interrupt occurred or not.
 899:Drivers/STM32F0xx_HAL_Driver/Inc/stm32f0xx_ll_system.h ****   * @rmtoll SYSCFG_ITLINE7 SR_EXTI9      LL_SYSCFG_IsActiveFlag_EXTI9
 900:Drivers/STM32F0xx_HAL_Driver/Inc/stm32f0xx_ll_system.h ****   * @retval State of bit (1 or 0).
 901:Drivers/STM32F0xx_HAL_Driver/Inc/stm32f0xx_ll_system.h ****   */
 902:Drivers/STM32F0xx_HAL_Driver/Inc/stm32f0xx_ll_system.h **** __STATIC_INLINE uint32_t LL_SYSCFG_IsActiveFlag_EXTI9(void)
 903:Drivers/STM32F0xx_HAL_Driver/Inc/stm32f0xx_ll_system.h **** {
 904:Drivers/STM32F0xx_HAL_Driver/Inc/stm32f0xx_ll_system.h ****   return (READ_BIT(SYSCFG->IT_LINE_SR[7], SYSCFG_ITLINE7_SR_EXTI9) == (SYSCFG_ITLINE7_SR_EXTI9));
 905:Drivers/STM32F0xx_HAL_Driver/Inc/stm32f0xx_ll_system.h **** }
 906:Drivers/STM32F0xx_HAL_Driver/Inc/stm32f0xx_ll_system.h **** #endif /* SYSCFG_ITLINE7_SR_EXTI9 */
 907:Drivers/STM32F0xx_HAL_Driver/Inc/stm32f0xx_ll_system.h **** 
 908:Drivers/STM32F0xx_HAL_Driver/Inc/stm32f0xx_ll_system.h **** #if defined(SYSCFG_ITLINE7_SR_EXTI10)
 909:Drivers/STM32F0xx_HAL_Driver/Inc/stm32f0xx_ll_system.h **** /**
 910:Drivers/STM32F0xx_HAL_Driver/Inc/stm32f0xx_ll_system.h ****   * @brief  Check if EXTI line 10 interrupt occurred or not.
 911:Drivers/STM32F0xx_HAL_Driver/Inc/stm32f0xx_ll_system.h ****   * @rmtoll SYSCFG_ITLINE7 SR_EXTI10     LL_SYSCFG_IsActiveFlag_EXTI10
 912:Drivers/STM32F0xx_HAL_Driver/Inc/stm32f0xx_ll_system.h ****   * @retval State of bit (1 or 0).
 913:Drivers/STM32F0xx_HAL_Driver/Inc/stm32f0xx_ll_system.h ****   */
 914:Drivers/STM32F0xx_HAL_Driver/Inc/stm32f0xx_ll_system.h **** __STATIC_INLINE uint32_t LL_SYSCFG_IsActiveFlag_EXTI10(void)
 915:Drivers/STM32F0xx_HAL_Driver/Inc/stm32f0xx_ll_system.h **** {
 916:Drivers/STM32F0xx_HAL_Driver/Inc/stm32f0xx_ll_system.h ****   return (READ_BIT(SYSCFG->IT_LINE_SR[7], SYSCFG_ITLINE7_SR_EXTI10) == (SYSCFG_ITLINE7_SR_EXTI10));
 917:Drivers/STM32F0xx_HAL_Driver/Inc/stm32f0xx_ll_system.h **** }
 918:Drivers/STM32F0xx_HAL_Driver/Inc/stm32f0xx_ll_system.h **** #endif /* SYSCFG_ITLINE7_SR_EXTI10 */
 919:Drivers/STM32F0xx_HAL_Driver/Inc/stm32f0xx_ll_system.h **** 
 920:Drivers/STM32F0xx_HAL_Driver/Inc/stm32f0xx_ll_system.h **** #if defined(SYSCFG_ITLINE7_SR_EXTI11)
 921:Drivers/STM32F0xx_HAL_Driver/Inc/stm32f0xx_ll_system.h **** /**
 922:Drivers/STM32F0xx_HAL_Driver/Inc/stm32f0xx_ll_system.h ****   * @brief  Check if EXTI line 11 interrupt occurred or not.
 923:Drivers/STM32F0xx_HAL_Driver/Inc/stm32f0xx_ll_system.h ****   * @rmtoll SYSCFG_ITLINE7 SR_EXTI11     LL_SYSCFG_IsActiveFlag_EXTI11
 924:Drivers/STM32F0xx_HAL_Driver/Inc/stm32f0xx_ll_system.h ****   * @retval State of bit (1 or 0).
 925:Drivers/STM32F0xx_HAL_Driver/Inc/stm32f0xx_ll_system.h ****   */
 926:Drivers/STM32F0xx_HAL_Driver/Inc/stm32f0xx_ll_system.h **** __STATIC_INLINE uint32_t LL_SYSCFG_IsActiveFlag_EXTI11(void)
 927:Drivers/STM32F0xx_HAL_Driver/Inc/stm32f0xx_ll_system.h **** {
 928:Drivers/STM32F0xx_HAL_Driver/Inc/stm32f0xx_ll_system.h ****   return (READ_BIT(SYSCFG->IT_LINE_SR[7], SYSCFG_ITLINE7_SR_EXTI11) == (SYSCFG_ITLINE7_SR_EXTI11));
 929:Drivers/STM32F0xx_HAL_Driver/Inc/stm32f0xx_ll_system.h **** }
 930:Drivers/STM32F0xx_HAL_Driver/Inc/stm32f0xx_ll_system.h **** #endif /* SYSCFG_ITLINE7_SR_EXTI11 */
 931:Drivers/STM32F0xx_HAL_Driver/Inc/stm32f0xx_ll_system.h **** 
 932:Drivers/STM32F0xx_HAL_Driver/Inc/stm32f0xx_ll_system.h **** #if defined(SYSCFG_ITLINE7_SR_EXTI12)
 933:Drivers/STM32F0xx_HAL_Driver/Inc/stm32f0xx_ll_system.h **** /**
 934:Drivers/STM32F0xx_HAL_Driver/Inc/stm32f0xx_ll_system.h ****   * @brief  Check if EXTI line 12 interrupt occurred or not.
 935:Drivers/STM32F0xx_HAL_Driver/Inc/stm32f0xx_ll_system.h ****   * @rmtoll SYSCFG_ITLINE7 SR_EXTI12     LL_SYSCFG_IsActiveFlag_EXTI12
 936:Drivers/STM32F0xx_HAL_Driver/Inc/stm32f0xx_ll_system.h ****   * @retval State of bit (1 or 0).
 937:Drivers/STM32F0xx_HAL_Driver/Inc/stm32f0xx_ll_system.h ****   */
 938:Drivers/STM32F0xx_HAL_Driver/Inc/stm32f0xx_ll_system.h **** __STATIC_INLINE uint32_t LL_SYSCFG_IsActiveFlag_EXTI12(void)
 939:Drivers/STM32F0xx_HAL_Driver/Inc/stm32f0xx_ll_system.h **** {
 940:Drivers/STM32F0xx_HAL_Driver/Inc/stm32f0xx_ll_system.h ****   return (READ_BIT(SYSCFG->IT_LINE_SR[7], SYSCFG_ITLINE7_SR_EXTI12) == (SYSCFG_ITLINE7_SR_EXTI12));
 941:Drivers/STM32F0xx_HAL_Driver/Inc/stm32f0xx_ll_system.h **** }
 942:Drivers/STM32F0xx_HAL_Driver/Inc/stm32f0xx_ll_system.h **** #endif /* SYSCFG_ITLINE7_SR_EXTI12 */
 943:Drivers/STM32F0xx_HAL_Driver/Inc/stm32f0xx_ll_system.h **** 
 944:Drivers/STM32F0xx_HAL_Driver/Inc/stm32f0xx_ll_system.h **** #if defined(SYSCFG_ITLINE7_SR_EXTI13)
 945:Drivers/STM32F0xx_HAL_Driver/Inc/stm32f0xx_ll_system.h **** /**
 946:Drivers/STM32F0xx_HAL_Driver/Inc/stm32f0xx_ll_system.h ****   * @brief  Check if EXTI line 13 interrupt occurred or not.
 947:Drivers/STM32F0xx_HAL_Driver/Inc/stm32f0xx_ll_system.h ****   * @rmtoll SYSCFG_ITLINE7 SR_EXTI13     LL_SYSCFG_IsActiveFlag_EXTI13
 948:Drivers/STM32F0xx_HAL_Driver/Inc/stm32f0xx_ll_system.h ****   * @retval State of bit (1 or 0).
ARM GAS  C:\Users\three\AppData\Local\Temp\cc3mDhxh.s 			page 49


 949:Drivers/STM32F0xx_HAL_Driver/Inc/stm32f0xx_ll_system.h ****   */
 950:Drivers/STM32F0xx_HAL_Driver/Inc/stm32f0xx_ll_system.h **** __STATIC_INLINE uint32_t LL_SYSCFG_IsActiveFlag_EXTI13(void)
 951:Drivers/STM32F0xx_HAL_Driver/Inc/stm32f0xx_ll_system.h **** {
 952:Drivers/STM32F0xx_HAL_Driver/Inc/stm32f0xx_ll_system.h ****   return (READ_BIT(SYSCFG->IT_LINE_SR[7], SYSCFG_ITLINE7_SR_EXTI13) == (SYSCFG_ITLINE7_SR_EXTI13));
 953:Drivers/STM32F0xx_HAL_Driver/Inc/stm32f0xx_ll_system.h **** }
 954:Drivers/STM32F0xx_HAL_Driver/Inc/stm32f0xx_ll_system.h **** #endif /* SYSCFG_ITLINE7_SR_EXTI13 */
 955:Drivers/STM32F0xx_HAL_Driver/Inc/stm32f0xx_ll_system.h **** 
 956:Drivers/STM32F0xx_HAL_Driver/Inc/stm32f0xx_ll_system.h **** #if defined(SYSCFG_ITLINE7_SR_EXTI14)
 957:Drivers/STM32F0xx_HAL_Driver/Inc/stm32f0xx_ll_system.h **** /**
 958:Drivers/STM32F0xx_HAL_Driver/Inc/stm32f0xx_ll_system.h ****   * @brief  Check if EXTI line 14 interrupt occurred or not.
 959:Drivers/STM32F0xx_HAL_Driver/Inc/stm32f0xx_ll_system.h ****   * @rmtoll SYSCFG_ITLINE7 SR_EXTI14     LL_SYSCFG_IsActiveFlag_EXTI14
 960:Drivers/STM32F0xx_HAL_Driver/Inc/stm32f0xx_ll_system.h ****   * @retval State of bit (1 or 0).
 961:Drivers/STM32F0xx_HAL_Driver/Inc/stm32f0xx_ll_system.h ****   */
 962:Drivers/STM32F0xx_HAL_Driver/Inc/stm32f0xx_ll_system.h **** __STATIC_INLINE uint32_t LL_SYSCFG_IsActiveFlag_EXTI14(void)
 963:Drivers/STM32F0xx_HAL_Driver/Inc/stm32f0xx_ll_system.h **** {
 964:Drivers/STM32F0xx_HAL_Driver/Inc/stm32f0xx_ll_system.h ****   return (READ_BIT(SYSCFG->IT_LINE_SR[7], SYSCFG_ITLINE7_SR_EXTI14) == (SYSCFG_ITLINE7_SR_EXTI14));
 965:Drivers/STM32F0xx_HAL_Driver/Inc/stm32f0xx_ll_system.h **** }
 966:Drivers/STM32F0xx_HAL_Driver/Inc/stm32f0xx_ll_system.h **** #endif /* SYSCFG_ITLINE7_SR_EXTI14 */
 967:Drivers/STM32F0xx_HAL_Driver/Inc/stm32f0xx_ll_system.h **** 
 968:Drivers/STM32F0xx_HAL_Driver/Inc/stm32f0xx_ll_system.h **** #if defined(SYSCFG_ITLINE7_SR_EXTI15)
 969:Drivers/STM32F0xx_HAL_Driver/Inc/stm32f0xx_ll_system.h **** /**
 970:Drivers/STM32F0xx_HAL_Driver/Inc/stm32f0xx_ll_system.h ****   * @brief  Check if EXTI line 15 interrupt occurred or not.
 971:Drivers/STM32F0xx_HAL_Driver/Inc/stm32f0xx_ll_system.h ****   * @rmtoll SYSCFG_ITLINE7 SR_EXTI15     LL_SYSCFG_IsActiveFlag_EXTI15
 972:Drivers/STM32F0xx_HAL_Driver/Inc/stm32f0xx_ll_system.h ****   * @retval State of bit (1 or 0).
 973:Drivers/STM32F0xx_HAL_Driver/Inc/stm32f0xx_ll_system.h ****   */
 974:Drivers/STM32F0xx_HAL_Driver/Inc/stm32f0xx_ll_system.h **** __STATIC_INLINE uint32_t LL_SYSCFG_IsActiveFlag_EXTI15(void)
 975:Drivers/STM32F0xx_HAL_Driver/Inc/stm32f0xx_ll_system.h **** {
 976:Drivers/STM32F0xx_HAL_Driver/Inc/stm32f0xx_ll_system.h ****   return (READ_BIT(SYSCFG->IT_LINE_SR[7], SYSCFG_ITLINE7_SR_EXTI15) == (SYSCFG_ITLINE7_SR_EXTI15));
 977:Drivers/STM32F0xx_HAL_Driver/Inc/stm32f0xx_ll_system.h **** }
 978:Drivers/STM32F0xx_HAL_Driver/Inc/stm32f0xx_ll_system.h **** #endif /* SYSCFG_ITLINE7_SR_EXTI15 */
 979:Drivers/STM32F0xx_HAL_Driver/Inc/stm32f0xx_ll_system.h **** 
 980:Drivers/STM32F0xx_HAL_Driver/Inc/stm32f0xx_ll_system.h **** #if defined(SYSCFG_ITLINE8_SR_TSC_EOA)
 981:Drivers/STM32F0xx_HAL_Driver/Inc/stm32f0xx_ll_system.h **** /**
 982:Drivers/STM32F0xx_HAL_Driver/Inc/stm32f0xx_ll_system.h ****   * @brief  Check if Touch sensing controller end of acquisition interrupt occurred or not.
 983:Drivers/STM32F0xx_HAL_Driver/Inc/stm32f0xx_ll_system.h ****   * @rmtoll SYSCFG_ITLINE8 SR_TSC_EOA    LL_SYSCFG_IsActiveFlag_TSC_EOA
 984:Drivers/STM32F0xx_HAL_Driver/Inc/stm32f0xx_ll_system.h ****   * @retval State of bit (1 or 0).
 985:Drivers/STM32F0xx_HAL_Driver/Inc/stm32f0xx_ll_system.h ****   */
 986:Drivers/STM32F0xx_HAL_Driver/Inc/stm32f0xx_ll_system.h **** __STATIC_INLINE uint32_t LL_SYSCFG_IsActiveFlag_TSC_EOA(void)
 987:Drivers/STM32F0xx_HAL_Driver/Inc/stm32f0xx_ll_system.h **** {
 988:Drivers/STM32F0xx_HAL_Driver/Inc/stm32f0xx_ll_system.h ****   return (READ_BIT(SYSCFG->IT_LINE_SR[8], SYSCFG_ITLINE8_SR_TSC_EOA) == (SYSCFG_ITLINE8_SR_TSC_EOA)
 989:Drivers/STM32F0xx_HAL_Driver/Inc/stm32f0xx_ll_system.h **** }
 990:Drivers/STM32F0xx_HAL_Driver/Inc/stm32f0xx_ll_system.h **** #endif /* SYSCFG_ITLINE8_SR_TSC_EOA */
 991:Drivers/STM32F0xx_HAL_Driver/Inc/stm32f0xx_ll_system.h **** 
 992:Drivers/STM32F0xx_HAL_Driver/Inc/stm32f0xx_ll_system.h **** #if defined(SYSCFG_ITLINE8_SR_TSC_MCE)
 993:Drivers/STM32F0xx_HAL_Driver/Inc/stm32f0xx_ll_system.h **** /**
 994:Drivers/STM32F0xx_HAL_Driver/Inc/stm32f0xx_ll_system.h ****   * @brief  Check if Touch sensing controller max counterror interrupt occurred or not.
 995:Drivers/STM32F0xx_HAL_Driver/Inc/stm32f0xx_ll_system.h ****   * @rmtoll SYSCFG_ITLINE8 SR_TSC_MCE    LL_SYSCFG_IsActiveFlag_TSC_MCE
 996:Drivers/STM32F0xx_HAL_Driver/Inc/stm32f0xx_ll_system.h ****   * @retval State of bit (1 or 0).
 997:Drivers/STM32F0xx_HAL_Driver/Inc/stm32f0xx_ll_system.h ****   */
 998:Drivers/STM32F0xx_HAL_Driver/Inc/stm32f0xx_ll_system.h **** __STATIC_INLINE uint32_t LL_SYSCFG_IsActiveFlag_TSC_MCE(void)
 999:Drivers/STM32F0xx_HAL_Driver/Inc/stm32f0xx_ll_system.h **** {
1000:Drivers/STM32F0xx_HAL_Driver/Inc/stm32f0xx_ll_system.h ****   return (READ_BIT(SYSCFG->IT_LINE_SR[8], SYSCFG_ITLINE8_SR_TSC_MCE) == (SYSCFG_ITLINE8_SR_TSC_MCE)
1001:Drivers/STM32F0xx_HAL_Driver/Inc/stm32f0xx_ll_system.h **** }
1002:Drivers/STM32F0xx_HAL_Driver/Inc/stm32f0xx_ll_system.h **** #endif /* SYSCFG_ITLINE8_SR_TSC_MCE */
1003:Drivers/STM32F0xx_HAL_Driver/Inc/stm32f0xx_ll_system.h **** 
1004:Drivers/STM32F0xx_HAL_Driver/Inc/stm32f0xx_ll_system.h **** #if defined(SYSCFG_ITLINE9_SR_DMA1_CH1)
1005:Drivers/STM32F0xx_HAL_Driver/Inc/stm32f0xx_ll_system.h **** /**
ARM GAS  C:\Users\three\AppData\Local\Temp\cc3mDhxh.s 			page 50


1006:Drivers/STM32F0xx_HAL_Driver/Inc/stm32f0xx_ll_system.h ****   * @brief  Check if DMA1 channel 1 interrupt occurred or not.
1007:Drivers/STM32F0xx_HAL_Driver/Inc/stm32f0xx_ll_system.h ****   * @rmtoll SYSCFG_ITLINE9 SR_DMA1_CH1   LL_SYSCFG_IsActiveFlag_DMA1_CH1
1008:Drivers/STM32F0xx_HAL_Driver/Inc/stm32f0xx_ll_system.h ****   * @retval State of bit (1 or 0).
1009:Drivers/STM32F0xx_HAL_Driver/Inc/stm32f0xx_ll_system.h ****   */
1010:Drivers/STM32F0xx_HAL_Driver/Inc/stm32f0xx_ll_system.h **** __STATIC_INLINE uint32_t LL_SYSCFG_IsActiveFlag_DMA1_CH1(void)
1011:Drivers/STM32F0xx_HAL_Driver/Inc/stm32f0xx_ll_system.h **** {
1012:Drivers/STM32F0xx_HAL_Driver/Inc/stm32f0xx_ll_system.h ****   return (READ_BIT(SYSCFG->IT_LINE_SR[9], SYSCFG_ITLINE9_SR_DMA1_CH1) == (SYSCFG_ITLINE9_SR_DMA1_CH
1013:Drivers/STM32F0xx_HAL_Driver/Inc/stm32f0xx_ll_system.h **** }
1014:Drivers/STM32F0xx_HAL_Driver/Inc/stm32f0xx_ll_system.h **** #endif /* SYSCFG_ITLINE9_SR_DMA1_CH1 */
1015:Drivers/STM32F0xx_HAL_Driver/Inc/stm32f0xx_ll_system.h **** 
1016:Drivers/STM32F0xx_HAL_Driver/Inc/stm32f0xx_ll_system.h **** #if defined(SYSCFG_ITLINE10_SR_DMA1_CH2)
1017:Drivers/STM32F0xx_HAL_Driver/Inc/stm32f0xx_ll_system.h **** /**
1018:Drivers/STM32F0xx_HAL_Driver/Inc/stm32f0xx_ll_system.h ****   * @brief  Check if DMA1 channel 2 interrupt occurred or not.
1019:Drivers/STM32F0xx_HAL_Driver/Inc/stm32f0xx_ll_system.h ****   * @rmtoll SYSCFG_ITLINE10 SR_DMA1_CH2   LL_SYSCFG_IsActiveFlag_DMA1_CH2
1020:Drivers/STM32F0xx_HAL_Driver/Inc/stm32f0xx_ll_system.h ****   * @retval State of bit (1 or 0).
1021:Drivers/STM32F0xx_HAL_Driver/Inc/stm32f0xx_ll_system.h ****   */
1022:Drivers/STM32F0xx_HAL_Driver/Inc/stm32f0xx_ll_system.h **** __STATIC_INLINE uint32_t LL_SYSCFG_IsActiveFlag_DMA1_CH2(void)
1023:Drivers/STM32F0xx_HAL_Driver/Inc/stm32f0xx_ll_system.h **** {
1024:Drivers/STM32F0xx_HAL_Driver/Inc/stm32f0xx_ll_system.h ****   return (READ_BIT(SYSCFG->IT_LINE_SR[10], SYSCFG_ITLINE10_SR_DMA1_CH2) == (SYSCFG_ITLINE10_SR_DMA1
1025:Drivers/STM32F0xx_HAL_Driver/Inc/stm32f0xx_ll_system.h **** }
1026:Drivers/STM32F0xx_HAL_Driver/Inc/stm32f0xx_ll_system.h **** #endif /* SYSCFG_ITLINE10_SR_DMA1_CH2 */
1027:Drivers/STM32F0xx_HAL_Driver/Inc/stm32f0xx_ll_system.h **** 
1028:Drivers/STM32F0xx_HAL_Driver/Inc/stm32f0xx_ll_system.h **** #if defined(SYSCFG_ITLINE10_SR_DMA1_CH3)
1029:Drivers/STM32F0xx_HAL_Driver/Inc/stm32f0xx_ll_system.h **** /**
1030:Drivers/STM32F0xx_HAL_Driver/Inc/stm32f0xx_ll_system.h ****   * @brief  Check if DMA1 channel 3 interrupt occurred or not.
1031:Drivers/STM32F0xx_HAL_Driver/Inc/stm32f0xx_ll_system.h ****   * @rmtoll SYSCFG_ITLINE10 SR_DMA1_CH3   LL_SYSCFG_IsActiveFlag_DMA1_CH3
1032:Drivers/STM32F0xx_HAL_Driver/Inc/stm32f0xx_ll_system.h ****   * @retval State of bit (1 or 0).
1033:Drivers/STM32F0xx_HAL_Driver/Inc/stm32f0xx_ll_system.h ****   */
1034:Drivers/STM32F0xx_HAL_Driver/Inc/stm32f0xx_ll_system.h **** __STATIC_INLINE uint32_t LL_SYSCFG_IsActiveFlag_DMA1_CH3(void)
1035:Drivers/STM32F0xx_HAL_Driver/Inc/stm32f0xx_ll_system.h **** {
1036:Drivers/STM32F0xx_HAL_Driver/Inc/stm32f0xx_ll_system.h ****   return (READ_BIT(SYSCFG->IT_LINE_SR[10], SYSCFG_ITLINE10_SR_DMA1_CH3) == (SYSCFG_ITLINE10_SR_DMA1
1037:Drivers/STM32F0xx_HAL_Driver/Inc/stm32f0xx_ll_system.h **** }
1038:Drivers/STM32F0xx_HAL_Driver/Inc/stm32f0xx_ll_system.h **** #endif /* SYSCFG_ITLINE10_SR_DMA1_CH3 */
1039:Drivers/STM32F0xx_HAL_Driver/Inc/stm32f0xx_ll_system.h **** 
1040:Drivers/STM32F0xx_HAL_Driver/Inc/stm32f0xx_ll_system.h **** #if defined(SYSCFG_ITLINE10_SR_DMA2_CH1)
1041:Drivers/STM32F0xx_HAL_Driver/Inc/stm32f0xx_ll_system.h **** /**
1042:Drivers/STM32F0xx_HAL_Driver/Inc/stm32f0xx_ll_system.h ****   * @brief  Check if DMA2 channel 1 interrupt occurred or not.
1043:Drivers/STM32F0xx_HAL_Driver/Inc/stm32f0xx_ll_system.h ****   * @rmtoll SYSCFG_ITLINE10 SR_DMA2_CH1   LL_SYSCFG_IsActiveFlag_DMA2_CH1
1044:Drivers/STM32F0xx_HAL_Driver/Inc/stm32f0xx_ll_system.h ****   * @retval State of bit (1 or 0).
1045:Drivers/STM32F0xx_HAL_Driver/Inc/stm32f0xx_ll_system.h ****   */
1046:Drivers/STM32F0xx_HAL_Driver/Inc/stm32f0xx_ll_system.h **** __STATIC_INLINE uint32_t LL_SYSCFG_IsActiveFlag_DMA2_CH1(void)
1047:Drivers/STM32F0xx_HAL_Driver/Inc/stm32f0xx_ll_system.h **** {
1048:Drivers/STM32F0xx_HAL_Driver/Inc/stm32f0xx_ll_system.h ****   return (READ_BIT(SYSCFG->IT_LINE_SR[10], SYSCFG_ITLINE10_SR_DMA2_CH1) == (SYSCFG_ITLINE10_SR_DMA2
1049:Drivers/STM32F0xx_HAL_Driver/Inc/stm32f0xx_ll_system.h **** }
1050:Drivers/STM32F0xx_HAL_Driver/Inc/stm32f0xx_ll_system.h **** #endif /* SYSCFG_ITLINE10_SR_DMA2_CH1 */
1051:Drivers/STM32F0xx_HAL_Driver/Inc/stm32f0xx_ll_system.h **** 
1052:Drivers/STM32F0xx_HAL_Driver/Inc/stm32f0xx_ll_system.h **** #if defined(SYSCFG_ITLINE10_SR_DMA2_CH2)
1053:Drivers/STM32F0xx_HAL_Driver/Inc/stm32f0xx_ll_system.h **** /**
1054:Drivers/STM32F0xx_HAL_Driver/Inc/stm32f0xx_ll_system.h ****   * @brief  Check if DMA2 channel 2 interrupt occurred or not.
1055:Drivers/STM32F0xx_HAL_Driver/Inc/stm32f0xx_ll_system.h ****   * @rmtoll SYSCFG_ITLINE10 SR_DMA2_CH2   LL_SYSCFG_IsActiveFlag_DMA2_CH2
1056:Drivers/STM32F0xx_HAL_Driver/Inc/stm32f0xx_ll_system.h ****   * @retval State of bit (1 or 0).
1057:Drivers/STM32F0xx_HAL_Driver/Inc/stm32f0xx_ll_system.h ****   */
1058:Drivers/STM32F0xx_HAL_Driver/Inc/stm32f0xx_ll_system.h **** __STATIC_INLINE uint32_t LL_SYSCFG_IsActiveFlag_DMA2_CH2(void)
1059:Drivers/STM32F0xx_HAL_Driver/Inc/stm32f0xx_ll_system.h **** {
1060:Drivers/STM32F0xx_HAL_Driver/Inc/stm32f0xx_ll_system.h ****   return (READ_BIT(SYSCFG->IT_LINE_SR[10], SYSCFG_ITLINE10_SR_DMA2_CH2) == (SYSCFG_ITLINE10_SR_DMA2
1061:Drivers/STM32F0xx_HAL_Driver/Inc/stm32f0xx_ll_system.h **** }
1062:Drivers/STM32F0xx_HAL_Driver/Inc/stm32f0xx_ll_system.h **** #endif /* SYSCFG_ITLINE10_SR_DMA2_CH2 */
ARM GAS  C:\Users\three\AppData\Local\Temp\cc3mDhxh.s 			page 51


1063:Drivers/STM32F0xx_HAL_Driver/Inc/stm32f0xx_ll_system.h **** 
1064:Drivers/STM32F0xx_HAL_Driver/Inc/stm32f0xx_ll_system.h **** #if defined(SYSCFG_ITLINE11_SR_DMA1_CH4)
1065:Drivers/STM32F0xx_HAL_Driver/Inc/stm32f0xx_ll_system.h **** /**
1066:Drivers/STM32F0xx_HAL_Driver/Inc/stm32f0xx_ll_system.h ****   * @brief  Check if DMA1 channel 4 interrupt occurred or not.
1067:Drivers/STM32F0xx_HAL_Driver/Inc/stm32f0xx_ll_system.h ****   * @rmtoll SYSCFG_ITLINE11 SR_DMA1_CH4   LL_SYSCFG_IsActiveFlag_DMA1_CH4
1068:Drivers/STM32F0xx_HAL_Driver/Inc/stm32f0xx_ll_system.h ****   * @retval State of bit (1 or 0).
1069:Drivers/STM32F0xx_HAL_Driver/Inc/stm32f0xx_ll_system.h ****   */
1070:Drivers/STM32F0xx_HAL_Driver/Inc/stm32f0xx_ll_system.h **** __STATIC_INLINE uint32_t LL_SYSCFG_IsActiveFlag_DMA1_CH4(void)
1071:Drivers/STM32F0xx_HAL_Driver/Inc/stm32f0xx_ll_system.h **** {
1072:Drivers/STM32F0xx_HAL_Driver/Inc/stm32f0xx_ll_system.h ****   return (READ_BIT(SYSCFG->IT_LINE_SR[11], SYSCFG_ITLINE11_SR_DMA1_CH4) == (SYSCFG_ITLINE11_SR_DMA1
1073:Drivers/STM32F0xx_HAL_Driver/Inc/stm32f0xx_ll_system.h **** }
1074:Drivers/STM32F0xx_HAL_Driver/Inc/stm32f0xx_ll_system.h **** #endif /* SYSCFG_ITLINE11_SR_DMA1_CH4 */
1075:Drivers/STM32F0xx_HAL_Driver/Inc/stm32f0xx_ll_system.h **** 
1076:Drivers/STM32F0xx_HAL_Driver/Inc/stm32f0xx_ll_system.h **** #if defined(SYSCFG_ITLINE11_SR_DMA1_CH5)
1077:Drivers/STM32F0xx_HAL_Driver/Inc/stm32f0xx_ll_system.h **** /**
1078:Drivers/STM32F0xx_HAL_Driver/Inc/stm32f0xx_ll_system.h ****   * @brief  Check if DMA1 channel 5 interrupt occurred or not.
1079:Drivers/STM32F0xx_HAL_Driver/Inc/stm32f0xx_ll_system.h ****   * @rmtoll SYSCFG_ITLINE11 SR_DMA1_CH5   LL_SYSCFG_IsActiveFlag_DMA1_CH5
1080:Drivers/STM32F0xx_HAL_Driver/Inc/stm32f0xx_ll_system.h ****   * @retval State of bit (1 or 0).
1081:Drivers/STM32F0xx_HAL_Driver/Inc/stm32f0xx_ll_system.h ****   */
1082:Drivers/STM32F0xx_HAL_Driver/Inc/stm32f0xx_ll_system.h **** __STATIC_INLINE uint32_t LL_SYSCFG_IsActiveFlag_DMA1_CH5(void)
1083:Drivers/STM32F0xx_HAL_Driver/Inc/stm32f0xx_ll_system.h **** {
1084:Drivers/STM32F0xx_HAL_Driver/Inc/stm32f0xx_ll_system.h ****   return (READ_BIT(SYSCFG->IT_LINE_SR[11], SYSCFG_ITLINE11_SR_DMA1_CH5) == (SYSCFG_ITLINE11_SR_DMA1
1085:Drivers/STM32F0xx_HAL_Driver/Inc/stm32f0xx_ll_system.h **** }
1086:Drivers/STM32F0xx_HAL_Driver/Inc/stm32f0xx_ll_system.h **** #endif /* SYSCFG_ITLINE11_SR_DMA1_CH5 */
1087:Drivers/STM32F0xx_HAL_Driver/Inc/stm32f0xx_ll_system.h **** 
1088:Drivers/STM32F0xx_HAL_Driver/Inc/stm32f0xx_ll_system.h **** #if defined(SYSCFG_ITLINE11_SR_DMA1_CH6)
1089:Drivers/STM32F0xx_HAL_Driver/Inc/stm32f0xx_ll_system.h **** /**
1090:Drivers/STM32F0xx_HAL_Driver/Inc/stm32f0xx_ll_system.h ****   * @brief  Check if DMA1 channel 6 interrupt occurred or not.
1091:Drivers/STM32F0xx_HAL_Driver/Inc/stm32f0xx_ll_system.h ****   * @rmtoll SYSCFG_ITLINE11 SR_DMA1_CH6   LL_SYSCFG_IsActiveFlag_DMA1_CH6
1092:Drivers/STM32F0xx_HAL_Driver/Inc/stm32f0xx_ll_system.h ****   * @retval State of bit (1 or 0).
1093:Drivers/STM32F0xx_HAL_Driver/Inc/stm32f0xx_ll_system.h ****   */
1094:Drivers/STM32F0xx_HAL_Driver/Inc/stm32f0xx_ll_system.h **** __STATIC_INLINE uint32_t LL_SYSCFG_IsActiveFlag_DMA1_CH6(void)
1095:Drivers/STM32F0xx_HAL_Driver/Inc/stm32f0xx_ll_system.h **** {
1096:Drivers/STM32F0xx_HAL_Driver/Inc/stm32f0xx_ll_system.h ****   return (READ_BIT(SYSCFG->IT_LINE_SR[11], SYSCFG_ITLINE11_SR_DMA1_CH6) == (SYSCFG_ITLINE11_SR_DMA1
1097:Drivers/STM32F0xx_HAL_Driver/Inc/stm32f0xx_ll_system.h **** }
1098:Drivers/STM32F0xx_HAL_Driver/Inc/stm32f0xx_ll_system.h **** #endif /* SYSCFG_ITLINE11_SR_DMA1_CH6 */
1099:Drivers/STM32F0xx_HAL_Driver/Inc/stm32f0xx_ll_system.h **** 
1100:Drivers/STM32F0xx_HAL_Driver/Inc/stm32f0xx_ll_system.h **** #if defined(SYSCFG_ITLINE11_SR_DMA1_CH7)
1101:Drivers/STM32F0xx_HAL_Driver/Inc/stm32f0xx_ll_system.h **** /**
1102:Drivers/STM32F0xx_HAL_Driver/Inc/stm32f0xx_ll_system.h ****   * @brief  Check if DMA1 channel 7 interrupt occurred or not.
1103:Drivers/STM32F0xx_HAL_Driver/Inc/stm32f0xx_ll_system.h ****   * @rmtoll SYSCFG_ITLINE11 SR_DMA1_CH7   LL_SYSCFG_IsActiveFlag_DMA1_CH7
1104:Drivers/STM32F0xx_HAL_Driver/Inc/stm32f0xx_ll_system.h ****   * @retval State of bit (1 or 0).
1105:Drivers/STM32F0xx_HAL_Driver/Inc/stm32f0xx_ll_system.h ****   */
1106:Drivers/STM32F0xx_HAL_Driver/Inc/stm32f0xx_ll_system.h **** __STATIC_INLINE uint32_t LL_SYSCFG_IsActiveFlag_DMA1_CH7(void)
1107:Drivers/STM32F0xx_HAL_Driver/Inc/stm32f0xx_ll_system.h **** {
1108:Drivers/STM32F0xx_HAL_Driver/Inc/stm32f0xx_ll_system.h ****   return (READ_BIT(SYSCFG->IT_LINE_SR[11], SYSCFG_ITLINE11_SR_DMA1_CH7) == (SYSCFG_ITLINE11_SR_DMA1
1109:Drivers/STM32F0xx_HAL_Driver/Inc/stm32f0xx_ll_system.h **** }
1110:Drivers/STM32F0xx_HAL_Driver/Inc/stm32f0xx_ll_system.h **** #endif /* SYSCFG_ITLINE11_SR_DMA1_CH7 */
1111:Drivers/STM32F0xx_HAL_Driver/Inc/stm32f0xx_ll_system.h **** 
1112:Drivers/STM32F0xx_HAL_Driver/Inc/stm32f0xx_ll_system.h **** #if defined(SYSCFG_ITLINE11_SR_DMA2_CH3)
1113:Drivers/STM32F0xx_HAL_Driver/Inc/stm32f0xx_ll_system.h **** /**
1114:Drivers/STM32F0xx_HAL_Driver/Inc/stm32f0xx_ll_system.h ****   * @brief  Check if DMA2 channel 3 interrupt occurred or not.
1115:Drivers/STM32F0xx_HAL_Driver/Inc/stm32f0xx_ll_system.h ****   * @rmtoll SYSCFG_ITLINE11 SR_DMA2_CH3   LL_SYSCFG_IsActiveFlag_DMA2_CH3
1116:Drivers/STM32F0xx_HAL_Driver/Inc/stm32f0xx_ll_system.h ****   * @retval State of bit (1 or 0).
1117:Drivers/STM32F0xx_HAL_Driver/Inc/stm32f0xx_ll_system.h ****   */
1118:Drivers/STM32F0xx_HAL_Driver/Inc/stm32f0xx_ll_system.h **** __STATIC_INLINE uint32_t LL_SYSCFG_IsActiveFlag_DMA2_CH3(void)
1119:Drivers/STM32F0xx_HAL_Driver/Inc/stm32f0xx_ll_system.h **** {
ARM GAS  C:\Users\three\AppData\Local\Temp\cc3mDhxh.s 			page 52


1120:Drivers/STM32F0xx_HAL_Driver/Inc/stm32f0xx_ll_system.h ****   return (READ_BIT(SYSCFG->IT_LINE_SR[11], SYSCFG_ITLINE11_SR_DMA2_CH3) == (SYSCFG_ITLINE11_SR_DMA2
1121:Drivers/STM32F0xx_HAL_Driver/Inc/stm32f0xx_ll_system.h **** }
1122:Drivers/STM32F0xx_HAL_Driver/Inc/stm32f0xx_ll_system.h **** #endif /* SYSCFG_ITLINE11_SR_DMA2_CH3 */
1123:Drivers/STM32F0xx_HAL_Driver/Inc/stm32f0xx_ll_system.h **** 
1124:Drivers/STM32F0xx_HAL_Driver/Inc/stm32f0xx_ll_system.h **** #if defined(SYSCFG_ITLINE11_SR_DMA2_CH4)
1125:Drivers/STM32F0xx_HAL_Driver/Inc/stm32f0xx_ll_system.h **** /**
1126:Drivers/STM32F0xx_HAL_Driver/Inc/stm32f0xx_ll_system.h ****   * @brief  Check if DMA2 channel 4 interrupt occurred or not.
1127:Drivers/STM32F0xx_HAL_Driver/Inc/stm32f0xx_ll_system.h ****   * @rmtoll SYSCFG_ITLINE11 SR_DMA2_CH4   LL_SYSCFG_IsActiveFlag_DMA2_CH4
1128:Drivers/STM32F0xx_HAL_Driver/Inc/stm32f0xx_ll_system.h ****   * @retval State of bit (1 or 0).
1129:Drivers/STM32F0xx_HAL_Driver/Inc/stm32f0xx_ll_system.h ****   */
1130:Drivers/STM32F0xx_HAL_Driver/Inc/stm32f0xx_ll_system.h **** __STATIC_INLINE uint32_t LL_SYSCFG_IsActiveFlag_DMA2_CH4(void)
1131:Drivers/STM32F0xx_HAL_Driver/Inc/stm32f0xx_ll_system.h **** {
1132:Drivers/STM32F0xx_HAL_Driver/Inc/stm32f0xx_ll_system.h ****   return (READ_BIT(SYSCFG->IT_LINE_SR[11], SYSCFG_ITLINE11_SR_DMA2_CH4) == (SYSCFG_ITLINE11_SR_DMA2
1133:Drivers/STM32F0xx_HAL_Driver/Inc/stm32f0xx_ll_system.h **** }
1134:Drivers/STM32F0xx_HAL_Driver/Inc/stm32f0xx_ll_system.h **** #endif /* SYSCFG_ITLINE11_SR_DMA2_CH4 */
1135:Drivers/STM32F0xx_HAL_Driver/Inc/stm32f0xx_ll_system.h **** 
1136:Drivers/STM32F0xx_HAL_Driver/Inc/stm32f0xx_ll_system.h **** #if defined(SYSCFG_ITLINE11_SR_DMA2_CH5)
1137:Drivers/STM32F0xx_HAL_Driver/Inc/stm32f0xx_ll_system.h **** /**
1138:Drivers/STM32F0xx_HAL_Driver/Inc/stm32f0xx_ll_system.h ****   * @brief  Check if DMA2 channel 5 interrupt occurred or not.
1139:Drivers/STM32F0xx_HAL_Driver/Inc/stm32f0xx_ll_system.h ****   * @rmtoll SYSCFG_ITLINE11 SR_DMA2_CH5   LL_SYSCFG_IsActiveFlag_DMA2_CH5
1140:Drivers/STM32F0xx_HAL_Driver/Inc/stm32f0xx_ll_system.h ****   * @retval State of bit (1 or 0).
1141:Drivers/STM32F0xx_HAL_Driver/Inc/stm32f0xx_ll_system.h ****   */
1142:Drivers/STM32F0xx_HAL_Driver/Inc/stm32f0xx_ll_system.h **** __STATIC_INLINE uint32_t LL_SYSCFG_IsActiveFlag_DMA2_CH5(void)
1143:Drivers/STM32F0xx_HAL_Driver/Inc/stm32f0xx_ll_system.h **** {
1144:Drivers/STM32F0xx_HAL_Driver/Inc/stm32f0xx_ll_system.h ****   return (READ_BIT(SYSCFG->IT_LINE_SR[11], SYSCFG_ITLINE11_SR_DMA2_CH5) == (SYSCFG_ITLINE11_SR_DMA2
1145:Drivers/STM32F0xx_HAL_Driver/Inc/stm32f0xx_ll_system.h **** }
1146:Drivers/STM32F0xx_HAL_Driver/Inc/stm32f0xx_ll_system.h **** #endif /* SYSCFG_ITLINE11_SR_DMA2_CH5 */
1147:Drivers/STM32F0xx_HAL_Driver/Inc/stm32f0xx_ll_system.h **** 
1148:Drivers/STM32F0xx_HAL_Driver/Inc/stm32f0xx_ll_system.h **** #if defined(SYSCFG_ITLINE12_SR_ADC)
1149:Drivers/STM32F0xx_HAL_Driver/Inc/stm32f0xx_ll_system.h **** /**
1150:Drivers/STM32F0xx_HAL_Driver/Inc/stm32f0xx_ll_system.h ****   * @brief  Check if ADC interrupt occurred or not.
1151:Drivers/STM32F0xx_HAL_Driver/Inc/stm32f0xx_ll_system.h ****   * @rmtoll SYSCFG_ITLINE12 SR_ADC        LL_SYSCFG_IsActiveFlag_ADC
1152:Drivers/STM32F0xx_HAL_Driver/Inc/stm32f0xx_ll_system.h ****   * @retval State of bit (1 or 0).
1153:Drivers/STM32F0xx_HAL_Driver/Inc/stm32f0xx_ll_system.h ****   */
1154:Drivers/STM32F0xx_HAL_Driver/Inc/stm32f0xx_ll_system.h **** __STATIC_INLINE uint32_t LL_SYSCFG_IsActiveFlag_ADC(void)
1155:Drivers/STM32F0xx_HAL_Driver/Inc/stm32f0xx_ll_system.h **** {
1156:Drivers/STM32F0xx_HAL_Driver/Inc/stm32f0xx_ll_system.h ****   return (READ_BIT(SYSCFG->IT_LINE_SR[12], SYSCFG_ITLINE12_SR_ADC) == (SYSCFG_ITLINE12_SR_ADC));
1157:Drivers/STM32F0xx_HAL_Driver/Inc/stm32f0xx_ll_system.h **** }
1158:Drivers/STM32F0xx_HAL_Driver/Inc/stm32f0xx_ll_system.h **** #endif /* SYSCFG_ITLINE12_SR_ADC */
1159:Drivers/STM32F0xx_HAL_Driver/Inc/stm32f0xx_ll_system.h **** 
1160:Drivers/STM32F0xx_HAL_Driver/Inc/stm32f0xx_ll_system.h **** #if defined(SYSCFG_ITLINE12_SR_COMP1)
1161:Drivers/STM32F0xx_HAL_Driver/Inc/stm32f0xx_ll_system.h **** /**
1162:Drivers/STM32F0xx_HAL_Driver/Inc/stm32f0xx_ll_system.h ****   * @brief  Check if Comparator 1 interrupt occurred or not (EXTI line 21).
1163:Drivers/STM32F0xx_HAL_Driver/Inc/stm32f0xx_ll_system.h ****   * @rmtoll SYSCFG_ITLINE12 SR_COMP1      LL_SYSCFG_IsActiveFlag_COMP1
1164:Drivers/STM32F0xx_HAL_Driver/Inc/stm32f0xx_ll_system.h ****   * @retval State of bit (1 or 0).
1165:Drivers/STM32F0xx_HAL_Driver/Inc/stm32f0xx_ll_system.h ****   */
1166:Drivers/STM32F0xx_HAL_Driver/Inc/stm32f0xx_ll_system.h **** __STATIC_INLINE uint32_t LL_SYSCFG_IsActiveFlag_COMP1(void)
1167:Drivers/STM32F0xx_HAL_Driver/Inc/stm32f0xx_ll_system.h **** {
1168:Drivers/STM32F0xx_HAL_Driver/Inc/stm32f0xx_ll_system.h ****   return (READ_BIT(SYSCFG->IT_LINE_SR[12], SYSCFG_ITLINE12_SR_COMP1) == (SYSCFG_ITLINE12_SR_COMP1))
1169:Drivers/STM32F0xx_HAL_Driver/Inc/stm32f0xx_ll_system.h **** }
1170:Drivers/STM32F0xx_HAL_Driver/Inc/stm32f0xx_ll_system.h **** #endif /* SYSCFG_ITLINE12_SR_COMP1 */
1171:Drivers/STM32F0xx_HAL_Driver/Inc/stm32f0xx_ll_system.h **** 
1172:Drivers/STM32F0xx_HAL_Driver/Inc/stm32f0xx_ll_system.h **** #if defined(SYSCFG_ITLINE12_SR_COMP2)
1173:Drivers/STM32F0xx_HAL_Driver/Inc/stm32f0xx_ll_system.h **** /**
1174:Drivers/STM32F0xx_HAL_Driver/Inc/stm32f0xx_ll_system.h ****   * @brief  Check if Comparator 2 interrupt occurred or not (EXTI line 22).
1175:Drivers/STM32F0xx_HAL_Driver/Inc/stm32f0xx_ll_system.h ****   * @rmtoll SYSCFG_ITLINE12 SR_COMP2      LL_SYSCFG_IsActiveFlag_COMP2
1176:Drivers/STM32F0xx_HAL_Driver/Inc/stm32f0xx_ll_system.h ****   * @retval State of bit (1 or 0).
ARM GAS  C:\Users\three\AppData\Local\Temp\cc3mDhxh.s 			page 53


1177:Drivers/STM32F0xx_HAL_Driver/Inc/stm32f0xx_ll_system.h ****   */
1178:Drivers/STM32F0xx_HAL_Driver/Inc/stm32f0xx_ll_system.h **** __STATIC_INLINE uint32_t LL_SYSCFG_IsActiveFlag_COMP2(void)
1179:Drivers/STM32F0xx_HAL_Driver/Inc/stm32f0xx_ll_system.h **** {
1180:Drivers/STM32F0xx_HAL_Driver/Inc/stm32f0xx_ll_system.h ****   return (READ_BIT(SYSCFG->IT_LINE_SR[12], SYSCFG_ITLINE12_SR_COMP2) == (SYSCFG_ITLINE12_SR_COMP2))
1181:Drivers/STM32F0xx_HAL_Driver/Inc/stm32f0xx_ll_system.h **** }
1182:Drivers/STM32F0xx_HAL_Driver/Inc/stm32f0xx_ll_system.h **** #endif /* SYSCFG_ITLINE12_SR_COMP2 */
1183:Drivers/STM32F0xx_HAL_Driver/Inc/stm32f0xx_ll_system.h **** 
1184:Drivers/STM32F0xx_HAL_Driver/Inc/stm32f0xx_ll_system.h **** #if defined(SYSCFG_ITLINE13_SR_TIM1_BRK)
1185:Drivers/STM32F0xx_HAL_Driver/Inc/stm32f0xx_ll_system.h **** /**
1186:Drivers/STM32F0xx_HAL_Driver/Inc/stm32f0xx_ll_system.h ****   * @brief  Check if Timer 1 break interrupt occurred or not.
1187:Drivers/STM32F0xx_HAL_Driver/Inc/stm32f0xx_ll_system.h ****   * @rmtoll SYSCFG_ITLINE13 SR_TIM1_BRK   LL_SYSCFG_IsActiveFlag_TIM1_BRK
1188:Drivers/STM32F0xx_HAL_Driver/Inc/stm32f0xx_ll_system.h ****   * @retval State of bit (1 or 0).
1189:Drivers/STM32F0xx_HAL_Driver/Inc/stm32f0xx_ll_system.h ****   */
1190:Drivers/STM32F0xx_HAL_Driver/Inc/stm32f0xx_ll_system.h **** __STATIC_INLINE uint32_t LL_SYSCFG_IsActiveFlag_TIM1_BRK(void)
1191:Drivers/STM32F0xx_HAL_Driver/Inc/stm32f0xx_ll_system.h **** {
1192:Drivers/STM32F0xx_HAL_Driver/Inc/stm32f0xx_ll_system.h ****   return (READ_BIT(SYSCFG->IT_LINE_SR[13], SYSCFG_ITLINE13_SR_TIM1_BRK) == (SYSCFG_ITLINE13_SR_TIM1
1193:Drivers/STM32F0xx_HAL_Driver/Inc/stm32f0xx_ll_system.h **** }
1194:Drivers/STM32F0xx_HAL_Driver/Inc/stm32f0xx_ll_system.h **** #endif /* SYSCFG_ITLINE13_SR_TIM1_BRK */
1195:Drivers/STM32F0xx_HAL_Driver/Inc/stm32f0xx_ll_system.h **** 
1196:Drivers/STM32F0xx_HAL_Driver/Inc/stm32f0xx_ll_system.h **** #if defined(SYSCFG_ITLINE13_SR_TIM1_UPD)
1197:Drivers/STM32F0xx_HAL_Driver/Inc/stm32f0xx_ll_system.h **** /**
1198:Drivers/STM32F0xx_HAL_Driver/Inc/stm32f0xx_ll_system.h ****   * @brief  Check if Timer 1 update interrupt occurred or not.
1199:Drivers/STM32F0xx_HAL_Driver/Inc/stm32f0xx_ll_system.h ****   * @rmtoll SYSCFG_ITLINE13 SR_TIM1_UPD   LL_SYSCFG_IsActiveFlag_TIM1_UPD
1200:Drivers/STM32F0xx_HAL_Driver/Inc/stm32f0xx_ll_system.h ****   * @retval State of bit (1 or 0).
1201:Drivers/STM32F0xx_HAL_Driver/Inc/stm32f0xx_ll_system.h ****   */
1202:Drivers/STM32F0xx_HAL_Driver/Inc/stm32f0xx_ll_system.h **** __STATIC_INLINE uint32_t LL_SYSCFG_IsActiveFlag_TIM1_UPD(void)
1203:Drivers/STM32F0xx_HAL_Driver/Inc/stm32f0xx_ll_system.h **** {
1204:Drivers/STM32F0xx_HAL_Driver/Inc/stm32f0xx_ll_system.h ****   return (READ_BIT(SYSCFG->IT_LINE_SR[13], SYSCFG_ITLINE13_SR_TIM1_UPD) == (SYSCFG_ITLINE13_SR_TIM1
1205:Drivers/STM32F0xx_HAL_Driver/Inc/stm32f0xx_ll_system.h **** }
1206:Drivers/STM32F0xx_HAL_Driver/Inc/stm32f0xx_ll_system.h **** #endif /* SYSCFG_ITLINE13_SR_TIM1_UPD */
1207:Drivers/STM32F0xx_HAL_Driver/Inc/stm32f0xx_ll_system.h **** 
1208:Drivers/STM32F0xx_HAL_Driver/Inc/stm32f0xx_ll_system.h **** #if defined(SYSCFG_ITLINE13_SR_TIM1_TRG)
1209:Drivers/STM32F0xx_HAL_Driver/Inc/stm32f0xx_ll_system.h **** /**
1210:Drivers/STM32F0xx_HAL_Driver/Inc/stm32f0xx_ll_system.h ****   * @brief  Check if Timer 1 trigger interrupt occurred or not.
1211:Drivers/STM32F0xx_HAL_Driver/Inc/stm32f0xx_ll_system.h ****   * @rmtoll SYSCFG_ITLINE13 SR_TIM1_TRG   LL_SYSCFG_IsActiveFlag_TIM1_TRG
1212:Drivers/STM32F0xx_HAL_Driver/Inc/stm32f0xx_ll_system.h ****   * @retval State of bit (1 or 0).
1213:Drivers/STM32F0xx_HAL_Driver/Inc/stm32f0xx_ll_system.h ****   */
1214:Drivers/STM32F0xx_HAL_Driver/Inc/stm32f0xx_ll_system.h **** __STATIC_INLINE uint32_t LL_SYSCFG_IsActiveFlag_TIM1_TRG(void)
1215:Drivers/STM32F0xx_HAL_Driver/Inc/stm32f0xx_ll_system.h **** {
1216:Drivers/STM32F0xx_HAL_Driver/Inc/stm32f0xx_ll_system.h ****   return (READ_BIT(SYSCFG->IT_LINE_SR[13], SYSCFG_ITLINE13_SR_TIM1_TRG) == (SYSCFG_ITLINE13_SR_TIM1
1217:Drivers/STM32F0xx_HAL_Driver/Inc/stm32f0xx_ll_system.h **** }
1218:Drivers/STM32F0xx_HAL_Driver/Inc/stm32f0xx_ll_system.h **** #endif /* SYSCFG_ITLINE13_SR_TIM1_TRG */
1219:Drivers/STM32F0xx_HAL_Driver/Inc/stm32f0xx_ll_system.h **** 
1220:Drivers/STM32F0xx_HAL_Driver/Inc/stm32f0xx_ll_system.h **** #if defined(SYSCFG_ITLINE13_SR_TIM1_CCU)
1221:Drivers/STM32F0xx_HAL_Driver/Inc/stm32f0xx_ll_system.h **** /**
1222:Drivers/STM32F0xx_HAL_Driver/Inc/stm32f0xx_ll_system.h ****   * @brief  Check if Timer 1 commutation interrupt occurred or not.
1223:Drivers/STM32F0xx_HAL_Driver/Inc/stm32f0xx_ll_system.h ****   * @rmtoll SYSCFG_ITLINE13 SR_TIM1_CCU   LL_SYSCFG_IsActiveFlag_TIM1_CCU
1224:Drivers/STM32F0xx_HAL_Driver/Inc/stm32f0xx_ll_system.h ****   * @retval State of bit (1 or 0).
1225:Drivers/STM32F0xx_HAL_Driver/Inc/stm32f0xx_ll_system.h ****   */
1226:Drivers/STM32F0xx_HAL_Driver/Inc/stm32f0xx_ll_system.h **** __STATIC_INLINE uint32_t LL_SYSCFG_IsActiveFlag_TIM1_CCU(void)
1227:Drivers/STM32F0xx_HAL_Driver/Inc/stm32f0xx_ll_system.h **** {
1228:Drivers/STM32F0xx_HAL_Driver/Inc/stm32f0xx_ll_system.h ****   return (READ_BIT(SYSCFG->IT_LINE_SR[13], SYSCFG_ITLINE13_SR_TIM1_CCU) == (SYSCFG_ITLINE13_SR_TIM1
1229:Drivers/STM32F0xx_HAL_Driver/Inc/stm32f0xx_ll_system.h **** }
1230:Drivers/STM32F0xx_HAL_Driver/Inc/stm32f0xx_ll_system.h **** #endif /* SYSCFG_ITLINE13_SR_TIM1_CCU */
1231:Drivers/STM32F0xx_HAL_Driver/Inc/stm32f0xx_ll_system.h **** 
1232:Drivers/STM32F0xx_HAL_Driver/Inc/stm32f0xx_ll_system.h **** #if defined(SYSCFG_ITLINE14_SR_TIM1_CC)
1233:Drivers/STM32F0xx_HAL_Driver/Inc/stm32f0xx_ll_system.h **** /**
ARM GAS  C:\Users\three\AppData\Local\Temp\cc3mDhxh.s 			page 54


1234:Drivers/STM32F0xx_HAL_Driver/Inc/stm32f0xx_ll_system.h ****   * @brief  Check if Timer 1 capture compare interrupt occurred or not.
1235:Drivers/STM32F0xx_HAL_Driver/Inc/stm32f0xx_ll_system.h ****   * @rmtoll SYSCFG_ITLINE14 SR_TIM1_CC    LL_SYSCFG_IsActiveFlag_TIM1_CC
1236:Drivers/STM32F0xx_HAL_Driver/Inc/stm32f0xx_ll_system.h ****   * @retval State of bit (1 or 0).
1237:Drivers/STM32F0xx_HAL_Driver/Inc/stm32f0xx_ll_system.h ****   */
1238:Drivers/STM32F0xx_HAL_Driver/Inc/stm32f0xx_ll_system.h **** __STATIC_INLINE uint32_t LL_SYSCFG_IsActiveFlag_TIM1_CC(void)
1239:Drivers/STM32F0xx_HAL_Driver/Inc/stm32f0xx_ll_system.h **** {
1240:Drivers/STM32F0xx_HAL_Driver/Inc/stm32f0xx_ll_system.h ****   return (READ_BIT(SYSCFG->IT_LINE_SR[14], SYSCFG_ITLINE14_SR_TIM1_CC) == (SYSCFG_ITLINE14_SR_TIM1_
1241:Drivers/STM32F0xx_HAL_Driver/Inc/stm32f0xx_ll_system.h **** }
1242:Drivers/STM32F0xx_HAL_Driver/Inc/stm32f0xx_ll_system.h **** #endif /* SYSCFG_ITLINE14_SR_TIM1_CC */
1243:Drivers/STM32F0xx_HAL_Driver/Inc/stm32f0xx_ll_system.h **** 
1244:Drivers/STM32F0xx_HAL_Driver/Inc/stm32f0xx_ll_system.h **** #if defined(SYSCFG_ITLINE15_SR_TIM2_GLB)
1245:Drivers/STM32F0xx_HAL_Driver/Inc/stm32f0xx_ll_system.h **** /**
1246:Drivers/STM32F0xx_HAL_Driver/Inc/stm32f0xx_ll_system.h ****   * @brief  Check if Timer 2 interrupt occurred or not.
1247:Drivers/STM32F0xx_HAL_Driver/Inc/stm32f0xx_ll_system.h ****   * @rmtoll SYSCFG_ITLINE15 SR_TIM2_GLB   LL_SYSCFG_IsActiveFlag_TIM2
1248:Drivers/STM32F0xx_HAL_Driver/Inc/stm32f0xx_ll_system.h ****   * @retval State of bit (1 or 0).
1249:Drivers/STM32F0xx_HAL_Driver/Inc/stm32f0xx_ll_system.h ****   */
1250:Drivers/STM32F0xx_HAL_Driver/Inc/stm32f0xx_ll_system.h **** __STATIC_INLINE uint32_t LL_SYSCFG_IsActiveFlag_TIM2(void)
1251:Drivers/STM32F0xx_HAL_Driver/Inc/stm32f0xx_ll_system.h **** {
1252:Drivers/STM32F0xx_HAL_Driver/Inc/stm32f0xx_ll_system.h ****   return (READ_BIT(SYSCFG->IT_LINE_SR[15], SYSCFG_ITLINE15_SR_TIM2_GLB) == (SYSCFG_ITLINE15_SR_TIM2
1253:Drivers/STM32F0xx_HAL_Driver/Inc/stm32f0xx_ll_system.h **** }
1254:Drivers/STM32F0xx_HAL_Driver/Inc/stm32f0xx_ll_system.h **** #endif /* SYSCFG_ITLINE15_SR_TIM2_GLB */
1255:Drivers/STM32F0xx_HAL_Driver/Inc/stm32f0xx_ll_system.h **** 
1256:Drivers/STM32F0xx_HAL_Driver/Inc/stm32f0xx_ll_system.h **** #if defined(SYSCFG_ITLINE16_SR_TIM3_GLB)
1257:Drivers/STM32F0xx_HAL_Driver/Inc/stm32f0xx_ll_system.h **** /**
1258:Drivers/STM32F0xx_HAL_Driver/Inc/stm32f0xx_ll_system.h ****   * @brief  Check if Timer 3 interrupt occurred or not.
1259:Drivers/STM32F0xx_HAL_Driver/Inc/stm32f0xx_ll_system.h ****   * @rmtoll SYSCFG_ITLINE16 SR_TIM3_GLB   LL_SYSCFG_IsActiveFlag_TIM3
1260:Drivers/STM32F0xx_HAL_Driver/Inc/stm32f0xx_ll_system.h ****   * @retval State of bit (1 or 0).
1261:Drivers/STM32F0xx_HAL_Driver/Inc/stm32f0xx_ll_system.h ****   */
1262:Drivers/STM32F0xx_HAL_Driver/Inc/stm32f0xx_ll_system.h **** __STATIC_INLINE uint32_t LL_SYSCFG_IsActiveFlag_TIM3(void)
1263:Drivers/STM32F0xx_HAL_Driver/Inc/stm32f0xx_ll_system.h **** {
1264:Drivers/STM32F0xx_HAL_Driver/Inc/stm32f0xx_ll_system.h ****   return (READ_BIT(SYSCFG->IT_LINE_SR[16], SYSCFG_ITLINE16_SR_TIM3_GLB) == (SYSCFG_ITLINE16_SR_TIM3
1265:Drivers/STM32F0xx_HAL_Driver/Inc/stm32f0xx_ll_system.h **** }
1266:Drivers/STM32F0xx_HAL_Driver/Inc/stm32f0xx_ll_system.h **** #endif /* SYSCFG_ITLINE16_SR_TIM3_GLB */
1267:Drivers/STM32F0xx_HAL_Driver/Inc/stm32f0xx_ll_system.h **** 
1268:Drivers/STM32F0xx_HAL_Driver/Inc/stm32f0xx_ll_system.h **** #if defined(SYSCFG_ITLINE17_SR_DAC)
1269:Drivers/STM32F0xx_HAL_Driver/Inc/stm32f0xx_ll_system.h **** /**
1270:Drivers/STM32F0xx_HAL_Driver/Inc/stm32f0xx_ll_system.h ****   * @brief  Check if DAC underrun interrupt occurred or not.
1271:Drivers/STM32F0xx_HAL_Driver/Inc/stm32f0xx_ll_system.h ****   * @rmtoll SYSCFG_ITLINE17 SR_DAC        LL_SYSCFG_IsActiveFlag_DAC
1272:Drivers/STM32F0xx_HAL_Driver/Inc/stm32f0xx_ll_system.h ****   * @retval State of bit (1 or 0).
1273:Drivers/STM32F0xx_HAL_Driver/Inc/stm32f0xx_ll_system.h ****   */
1274:Drivers/STM32F0xx_HAL_Driver/Inc/stm32f0xx_ll_system.h **** __STATIC_INLINE uint32_t LL_SYSCFG_IsActiveFlag_DAC(void)
1275:Drivers/STM32F0xx_HAL_Driver/Inc/stm32f0xx_ll_system.h **** {
1276:Drivers/STM32F0xx_HAL_Driver/Inc/stm32f0xx_ll_system.h ****   return (READ_BIT(SYSCFG->IT_LINE_SR[17], SYSCFG_ITLINE17_SR_DAC) == (SYSCFG_ITLINE17_SR_DAC));
1277:Drivers/STM32F0xx_HAL_Driver/Inc/stm32f0xx_ll_system.h **** }
1278:Drivers/STM32F0xx_HAL_Driver/Inc/stm32f0xx_ll_system.h **** #endif /* SYSCFG_ITLINE17_SR_DAC */
1279:Drivers/STM32F0xx_HAL_Driver/Inc/stm32f0xx_ll_system.h **** 
1280:Drivers/STM32F0xx_HAL_Driver/Inc/stm32f0xx_ll_system.h **** #if defined(SYSCFG_ITLINE17_SR_TIM6_GLB)
1281:Drivers/STM32F0xx_HAL_Driver/Inc/stm32f0xx_ll_system.h **** /**
1282:Drivers/STM32F0xx_HAL_Driver/Inc/stm32f0xx_ll_system.h ****   * @brief  Check if Timer 6 interrupt occurred or not.
1283:Drivers/STM32F0xx_HAL_Driver/Inc/stm32f0xx_ll_system.h ****   * @rmtoll SYSCFG_ITLINE17 SR_TIM6_GLB   LL_SYSCFG_IsActiveFlag_TIM6
1284:Drivers/STM32F0xx_HAL_Driver/Inc/stm32f0xx_ll_system.h ****   * @retval State of bit (1 or 0).
1285:Drivers/STM32F0xx_HAL_Driver/Inc/stm32f0xx_ll_system.h ****   */
1286:Drivers/STM32F0xx_HAL_Driver/Inc/stm32f0xx_ll_system.h **** __STATIC_INLINE uint32_t LL_SYSCFG_IsActiveFlag_TIM6(void)
1287:Drivers/STM32F0xx_HAL_Driver/Inc/stm32f0xx_ll_system.h **** {
1288:Drivers/STM32F0xx_HAL_Driver/Inc/stm32f0xx_ll_system.h ****   return (READ_BIT(SYSCFG->IT_LINE_SR[17], SYSCFG_ITLINE17_SR_TIM6_GLB) == (SYSCFG_ITLINE17_SR_TIM6
1289:Drivers/STM32F0xx_HAL_Driver/Inc/stm32f0xx_ll_system.h **** }
1290:Drivers/STM32F0xx_HAL_Driver/Inc/stm32f0xx_ll_system.h **** #endif /* SYSCFG_ITLINE17_SR_TIM6_GLB */
ARM GAS  C:\Users\three\AppData\Local\Temp\cc3mDhxh.s 			page 55


1291:Drivers/STM32F0xx_HAL_Driver/Inc/stm32f0xx_ll_system.h **** 
1292:Drivers/STM32F0xx_HAL_Driver/Inc/stm32f0xx_ll_system.h **** #if defined(SYSCFG_ITLINE18_SR_TIM7_GLB)
1293:Drivers/STM32F0xx_HAL_Driver/Inc/stm32f0xx_ll_system.h **** /**
1294:Drivers/STM32F0xx_HAL_Driver/Inc/stm32f0xx_ll_system.h ****   * @brief  Check if Timer 7 interrupt occurred or not.
1295:Drivers/STM32F0xx_HAL_Driver/Inc/stm32f0xx_ll_system.h ****   * @rmtoll SYSCFG_ITLINE18 SR_TIM7_GLB   LL_SYSCFG_IsActiveFlag_TIM7
1296:Drivers/STM32F0xx_HAL_Driver/Inc/stm32f0xx_ll_system.h ****   * @retval State of bit (1 or 0).
1297:Drivers/STM32F0xx_HAL_Driver/Inc/stm32f0xx_ll_system.h ****   */
1298:Drivers/STM32F0xx_HAL_Driver/Inc/stm32f0xx_ll_system.h **** __STATIC_INLINE uint32_t LL_SYSCFG_IsActiveFlag_TIM7(void)
1299:Drivers/STM32F0xx_HAL_Driver/Inc/stm32f0xx_ll_system.h **** {
1300:Drivers/STM32F0xx_HAL_Driver/Inc/stm32f0xx_ll_system.h ****   return (READ_BIT(SYSCFG->IT_LINE_SR[18], SYSCFG_ITLINE18_SR_TIM7_GLB) == (SYSCFG_ITLINE18_SR_TIM7
1301:Drivers/STM32F0xx_HAL_Driver/Inc/stm32f0xx_ll_system.h **** }
1302:Drivers/STM32F0xx_HAL_Driver/Inc/stm32f0xx_ll_system.h **** #endif /* SYSCFG_ITLINE18_SR_TIM7_GLB */
1303:Drivers/STM32F0xx_HAL_Driver/Inc/stm32f0xx_ll_system.h **** 
1304:Drivers/STM32F0xx_HAL_Driver/Inc/stm32f0xx_ll_system.h **** #if defined(SYSCFG_ITLINE19_SR_TIM14_GLB)
1305:Drivers/STM32F0xx_HAL_Driver/Inc/stm32f0xx_ll_system.h **** /**
1306:Drivers/STM32F0xx_HAL_Driver/Inc/stm32f0xx_ll_system.h ****   * @brief  Check if Timer 14 interrupt occurred or not.
1307:Drivers/STM32F0xx_HAL_Driver/Inc/stm32f0xx_ll_system.h ****   * @rmtoll SYSCFG_ITLINE19 SR_TIM14_GLB  LL_SYSCFG_IsActiveFlag_TIM14
1308:Drivers/STM32F0xx_HAL_Driver/Inc/stm32f0xx_ll_system.h ****   * @retval State of bit (1 or 0).
1309:Drivers/STM32F0xx_HAL_Driver/Inc/stm32f0xx_ll_system.h ****   */
1310:Drivers/STM32F0xx_HAL_Driver/Inc/stm32f0xx_ll_system.h **** __STATIC_INLINE uint32_t LL_SYSCFG_IsActiveFlag_TIM14(void)
1311:Drivers/STM32F0xx_HAL_Driver/Inc/stm32f0xx_ll_system.h **** {
1312:Drivers/STM32F0xx_HAL_Driver/Inc/stm32f0xx_ll_system.h ****   return (READ_BIT(SYSCFG->IT_LINE_SR[19], SYSCFG_ITLINE19_SR_TIM14_GLB) == (SYSCFG_ITLINE19_SR_TIM
1313:Drivers/STM32F0xx_HAL_Driver/Inc/stm32f0xx_ll_system.h **** }
1314:Drivers/STM32F0xx_HAL_Driver/Inc/stm32f0xx_ll_system.h **** #endif /* SYSCFG_ITLINE19_SR_TIM14_GLB */
1315:Drivers/STM32F0xx_HAL_Driver/Inc/stm32f0xx_ll_system.h **** 
1316:Drivers/STM32F0xx_HAL_Driver/Inc/stm32f0xx_ll_system.h **** #if defined(SYSCFG_ITLINE20_SR_TIM15_GLB)
1317:Drivers/STM32F0xx_HAL_Driver/Inc/stm32f0xx_ll_system.h **** /**
1318:Drivers/STM32F0xx_HAL_Driver/Inc/stm32f0xx_ll_system.h ****   * @brief  Check if Timer 15 interrupt occurred or not.
1319:Drivers/STM32F0xx_HAL_Driver/Inc/stm32f0xx_ll_system.h ****   * @rmtoll SYSCFG_ITLINE20 SR_TIM15_GLB  LL_SYSCFG_IsActiveFlag_TIM15
1320:Drivers/STM32F0xx_HAL_Driver/Inc/stm32f0xx_ll_system.h ****   * @retval State of bit (1 or 0).
1321:Drivers/STM32F0xx_HAL_Driver/Inc/stm32f0xx_ll_system.h ****   */
1322:Drivers/STM32F0xx_HAL_Driver/Inc/stm32f0xx_ll_system.h **** __STATIC_INLINE uint32_t LL_SYSCFG_IsActiveFlag_TIM15(void)
1323:Drivers/STM32F0xx_HAL_Driver/Inc/stm32f0xx_ll_system.h **** {
1324:Drivers/STM32F0xx_HAL_Driver/Inc/stm32f0xx_ll_system.h ****   return (READ_BIT(SYSCFG->IT_LINE_SR[20], SYSCFG_ITLINE20_SR_TIM15_GLB) == (SYSCFG_ITLINE20_SR_TIM
1325:Drivers/STM32F0xx_HAL_Driver/Inc/stm32f0xx_ll_system.h **** }
1326:Drivers/STM32F0xx_HAL_Driver/Inc/stm32f0xx_ll_system.h **** #endif /* SYSCFG_ITLINE20_SR_TIM15_GLB */
1327:Drivers/STM32F0xx_HAL_Driver/Inc/stm32f0xx_ll_system.h **** 
1328:Drivers/STM32F0xx_HAL_Driver/Inc/stm32f0xx_ll_system.h **** #if defined(SYSCFG_ITLINE21_SR_TIM16_GLB)
1329:Drivers/STM32F0xx_HAL_Driver/Inc/stm32f0xx_ll_system.h **** /**
1330:Drivers/STM32F0xx_HAL_Driver/Inc/stm32f0xx_ll_system.h ****   * @brief  Check if Timer 16 interrupt occurred or not.
1331:Drivers/STM32F0xx_HAL_Driver/Inc/stm32f0xx_ll_system.h ****   * @rmtoll SYSCFG_ITLINE21 SR_TIM16_GLB  LL_SYSCFG_IsActiveFlag_TIM16
1332:Drivers/STM32F0xx_HAL_Driver/Inc/stm32f0xx_ll_system.h ****   * @retval State of bit (1 or 0).
1333:Drivers/STM32F0xx_HAL_Driver/Inc/stm32f0xx_ll_system.h ****   */
1334:Drivers/STM32F0xx_HAL_Driver/Inc/stm32f0xx_ll_system.h **** __STATIC_INLINE uint32_t LL_SYSCFG_IsActiveFlag_TIM16(void)
1335:Drivers/STM32F0xx_HAL_Driver/Inc/stm32f0xx_ll_system.h **** {
1336:Drivers/STM32F0xx_HAL_Driver/Inc/stm32f0xx_ll_system.h ****   return (READ_BIT(SYSCFG->IT_LINE_SR[21], SYSCFG_ITLINE21_SR_TIM16_GLB) == (SYSCFG_ITLINE21_SR_TIM
1337:Drivers/STM32F0xx_HAL_Driver/Inc/stm32f0xx_ll_system.h **** }
1338:Drivers/STM32F0xx_HAL_Driver/Inc/stm32f0xx_ll_system.h **** #endif /* SYSCFG_ITLINE21_SR_TIM16_GLB */
1339:Drivers/STM32F0xx_HAL_Driver/Inc/stm32f0xx_ll_system.h **** 
1340:Drivers/STM32F0xx_HAL_Driver/Inc/stm32f0xx_ll_system.h **** #if defined(SYSCFG_ITLINE22_SR_TIM17_GLB)
1341:Drivers/STM32F0xx_HAL_Driver/Inc/stm32f0xx_ll_system.h **** /**
1342:Drivers/STM32F0xx_HAL_Driver/Inc/stm32f0xx_ll_system.h ****   * @brief  Check if Timer 17 interrupt occurred or not.
1343:Drivers/STM32F0xx_HAL_Driver/Inc/stm32f0xx_ll_system.h ****   * @rmtoll SYSCFG_ITLINE22 SR_TIM17_GLB  LL_SYSCFG_IsActiveFlag_TIM17
1344:Drivers/STM32F0xx_HAL_Driver/Inc/stm32f0xx_ll_system.h ****   * @retval State of bit (1 or 0).
1345:Drivers/STM32F0xx_HAL_Driver/Inc/stm32f0xx_ll_system.h ****   */
1346:Drivers/STM32F0xx_HAL_Driver/Inc/stm32f0xx_ll_system.h **** __STATIC_INLINE uint32_t LL_SYSCFG_IsActiveFlag_TIM17(void)
1347:Drivers/STM32F0xx_HAL_Driver/Inc/stm32f0xx_ll_system.h **** {
ARM GAS  C:\Users\three\AppData\Local\Temp\cc3mDhxh.s 			page 56


1348:Drivers/STM32F0xx_HAL_Driver/Inc/stm32f0xx_ll_system.h ****   return (READ_BIT(SYSCFG->IT_LINE_SR[22], SYSCFG_ITLINE22_SR_TIM17_GLB) == (SYSCFG_ITLINE22_SR_TIM
1349:Drivers/STM32F0xx_HAL_Driver/Inc/stm32f0xx_ll_system.h **** }
1350:Drivers/STM32F0xx_HAL_Driver/Inc/stm32f0xx_ll_system.h **** #endif /* SYSCFG_ITLINE22_SR_TIM17_GLB */
1351:Drivers/STM32F0xx_HAL_Driver/Inc/stm32f0xx_ll_system.h **** 
1352:Drivers/STM32F0xx_HAL_Driver/Inc/stm32f0xx_ll_system.h **** #if defined(SYSCFG_ITLINE23_SR_I2C1_GLB)
1353:Drivers/STM32F0xx_HAL_Driver/Inc/stm32f0xx_ll_system.h **** /**
1354:Drivers/STM32F0xx_HAL_Driver/Inc/stm32f0xx_ll_system.h ****   * @brief  Check if I2C1 interrupt occurred or not, combined with EXTI line 23.
1355:Drivers/STM32F0xx_HAL_Driver/Inc/stm32f0xx_ll_system.h ****   * @rmtoll SYSCFG_ITLINE23 SR_I2C1_GLB   LL_SYSCFG_IsActiveFlag_I2C1
1356:Drivers/STM32F0xx_HAL_Driver/Inc/stm32f0xx_ll_system.h ****   * @retval State of bit (1 or 0).
1357:Drivers/STM32F0xx_HAL_Driver/Inc/stm32f0xx_ll_system.h ****   */
1358:Drivers/STM32F0xx_HAL_Driver/Inc/stm32f0xx_ll_system.h **** __STATIC_INLINE uint32_t LL_SYSCFG_IsActiveFlag_I2C1(void)
1359:Drivers/STM32F0xx_HAL_Driver/Inc/stm32f0xx_ll_system.h **** {
1360:Drivers/STM32F0xx_HAL_Driver/Inc/stm32f0xx_ll_system.h ****   return (READ_BIT(SYSCFG->IT_LINE_SR[23], SYSCFG_ITLINE23_SR_I2C1_GLB) == (SYSCFG_ITLINE23_SR_I2C1
1361:Drivers/STM32F0xx_HAL_Driver/Inc/stm32f0xx_ll_system.h **** }
1362:Drivers/STM32F0xx_HAL_Driver/Inc/stm32f0xx_ll_system.h **** #endif /* SYSCFG_ITLINE23_SR_I2C1_GLB */
1363:Drivers/STM32F0xx_HAL_Driver/Inc/stm32f0xx_ll_system.h **** 
1364:Drivers/STM32F0xx_HAL_Driver/Inc/stm32f0xx_ll_system.h **** #if defined(SYSCFG_ITLINE24_SR_I2C2_GLB)
1365:Drivers/STM32F0xx_HAL_Driver/Inc/stm32f0xx_ll_system.h **** /**
1366:Drivers/STM32F0xx_HAL_Driver/Inc/stm32f0xx_ll_system.h ****   * @brief  Check if I2C2 interrupt occurred or not.
1367:Drivers/STM32F0xx_HAL_Driver/Inc/stm32f0xx_ll_system.h ****   * @rmtoll SYSCFG_ITLINE24 SR_I2C2_GLB   LL_SYSCFG_IsActiveFlag_I2C2
1368:Drivers/STM32F0xx_HAL_Driver/Inc/stm32f0xx_ll_system.h ****   * @retval State of bit (1 or 0).
1369:Drivers/STM32F0xx_HAL_Driver/Inc/stm32f0xx_ll_system.h ****   */
1370:Drivers/STM32F0xx_HAL_Driver/Inc/stm32f0xx_ll_system.h **** __STATIC_INLINE uint32_t LL_SYSCFG_IsActiveFlag_I2C2(void)
1371:Drivers/STM32F0xx_HAL_Driver/Inc/stm32f0xx_ll_system.h **** {
1372:Drivers/STM32F0xx_HAL_Driver/Inc/stm32f0xx_ll_system.h ****   return (READ_BIT(SYSCFG->IT_LINE_SR[24], SYSCFG_ITLINE24_SR_I2C2_GLB) == (SYSCFG_ITLINE24_SR_I2C2
1373:Drivers/STM32F0xx_HAL_Driver/Inc/stm32f0xx_ll_system.h **** }
1374:Drivers/STM32F0xx_HAL_Driver/Inc/stm32f0xx_ll_system.h **** #endif /* SYSCFG_ITLINE24_SR_I2C2_GLB */
1375:Drivers/STM32F0xx_HAL_Driver/Inc/stm32f0xx_ll_system.h **** 
1376:Drivers/STM32F0xx_HAL_Driver/Inc/stm32f0xx_ll_system.h **** #if defined(SYSCFG_ITLINE25_SR_SPI1)
1377:Drivers/STM32F0xx_HAL_Driver/Inc/stm32f0xx_ll_system.h **** /**
1378:Drivers/STM32F0xx_HAL_Driver/Inc/stm32f0xx_ll_system.h ****   * @brief  Check if SPI1 interrupt occurred or not.
1379:Drivers/STM32F0xx_HAL_Driver/Inc/stm32f0xx_ll_system.h ****   * @rmtoll SYSCFG_ITLINE25 SR_SPI1       LL_SYSCFG_IsActiveFlag_SPI1
1380:Drivers/STM32F0xx_HAL_Driver/Inc/stm32f0xx_ll_system.h ****   * @retval State of bit (1 or 0).
1381:Drivers/STM32F0xx_HAL_Driver/Inc/stm32f0xx_ll_system.h ****   */
1382:Drivers/STM32F0xx_HAL_Driver/Inc/stm32f0xx_ll_system.h **** __STATIC_INLINE uint32_t LL_SYSCFG_IsActiveFlag_SPI1(void)
1383:Drivers/STM32F0xx_HAL_Driver/Inc/stm32f0xx_ll_system.h **** {
1384:Drivers/STM32F0xx_HAL_Driver/Inc/stm32f0xx_ll_system.h ****   return (READ_BIT(SYSCFG->IT_LINE_SR[25], SYSCFG_ITLINE25_SR_SPI1) == (SYSCFG_ITLINE25_SR_SPI1));
1385:Drivers/STM32F0xx_HAL_Driver/Inc/stm32f0xx_ll_system.h **** }
1386:Drivers/STM32F0xx_HAL_Driver/Inc/stm32f0xx_ll_system.h **** #endif /* SYSCFG_ITLINE25_SR_SPI1 */
1387:Drivers/STM32F0xx_HAL_Driver/Inc/stm32f0xx_ll_system.h **** 
1388:Drivers/STM32F0xx_HAL_Driver/Inc/stm32f0xx_ll_system.h **** #if defined(SYSCFG_ITLINE26_SR_SPI2)
1389:Drivers/STM32F0xx_HAL_Driver/Inc/stm32f0xx_ll_system.h **** /**
1390:Drivers/STM32F0xx_HAL_Driver/Inc/stm32f0xx_ll_system.h ****   * @brief  Check if SPI2 interrupt occurred or not.
1391:Drivers/STM32F0xx_HAL_Driver/Inc/stm32f0xx_ll_system.h ****   * @rmtoll SYSCFG_ITLINE26 SR_SPI2       LL_SYSCFG_IsActiveFlag_SPI2
1392:Drivers/STM32F0xx_HAL_Driver/Inc/stm32f0xx_ll_system.h ****   * @retval State of bit (1 or 0).
1393:Drivers/STM32F0xx_HAL_Driver/Inc/stm32f0xx_ll_system.h ****   */
1394:Drivers/STM32F0xx_HAL_Driver/Inc/stm32f0xx_ll_system.h **** __STATIC_INLINE uint32_t LL_SYSCFG_IsActiveFlag_SPI2(void)
1395:Drivers/STM32F0xx_HAL_Driver/Inc/stm32f0xx_ll_system.h **** {
1396:Drivers/STM32F0xx_HAL_Driver/Inc/stm32f0xx_ll_system.h ****   return (READ_BIT(SYSCFG->IT_LINE_SR[26], SYSCFG_ITLINE26_SR_SPI2) == (SYSCFG_ITLINE26_SR_SPI2));
1397:Drivers/STM32F0xx_HAL_Driver/Inc/stm32f0xx_ll_system.h **** }
1398:Drivers/STM32F0xx_HAL_Driver/Inc/stm32f0xx_ll_system.h **** #endif /* SYSCFG_ITLINE26_SR_SPI2 */
1399:Drivers/STM32F0xx_HAL_Driver/Inc/stm32f0xx_ll_system.h **** 
1400:Drivers/STM32F0xx_HAL_Driver/Inc/stm32f0xx_ll_system.h **** #if defined(SYSCFG_ITLINE27_SR_USART1_GLB)
1401:Drivers/STM32F0xx_HAL_Driver/Inc/stm32f0xx_ll_system.h **** /**
1402:Drivers/STM32F0xx_HAL_Driver/Inc/stm32f0xx_ll_system.h ****   * @brief  Check if USART1 interrupt occurred or not, combined with EXTI line 25.
1403:Drivers/STM32F0xx_HAL_Driver/Inc/stm32f0xx_ll_system.h ****   * @rmtoll SYSCFG_ITLINE27 SR_USART1_GLB  LL_SYSCFG_IsActiveFlag_USART1
1404:Drivers/STM32F0xx_HAL_Driver/Inc/stm32f0xx_ll_system.h ****   * @retval State of bit (1 or 0).
ARM GAS  C:\Users\three\AppData\Local\Temp\cc3mDhxh.s 			page 57


1405:Drivers/STM32F0xx_HAL_Driver/Inc/stm32f0xx_ll_system.h ****   */
1406:Drivers/STM32F0xx_HAL_Driver/Inc/stm32f0xx_ll_system.h **** __STATIC_INLINE uint32_t LL_SYSCFG_IsActiveFlag_USART1(void)
1407:Drivers/STM32F0xx_HAL_Driver/Inc/stm32f0xx_ll_system.h **** {
1408:Drivers/STM32F0xx_HAL_Driver/Inc/stm32f0xx_ll_system.h ****   return (READ_BIT(SYSCFG->IT_LINE_SR[27], SYSCFG_ITLINE27_SR_USART1_GLB) == (SYSCFG_ITLINE27_SR_US
1409:Drivers/STM32F0xx_HAL_Driver/Inc/stm32f0xx_ll_system.h **** }
1410:Drivers/STM32F0xx_HAL_Driver/Inc/stm32f0xx_ll_system.h **** #endif /* SYSCFG_ITLINE27_SR_USART1_GLB */
1411:Drivers/STM32F0xx_HAL_Driver/Inc/stm32f0xx_ll_system.h **** 
1412:Drivers/STM32F0xx_HAL_Driver/Inc/stm32f0xx_ll_system.h **** #if defined(SYSCFG_ITLINE28_SR_USART2_GLB)
1413:Drivers/STM32F0xx_HAL_Driver/Inc/stm32f0xx_ll_system.h **** /**
1414:Drivers/STM32F0xx_HAL_Driver/Inc/stm32f0xx_ll_system.h ****   * @brief  Check if USART2 interrupt occurred or not, combined with EXTI line 26.
1415:Drivers/STM32F0xx_HAL_Driver/Inc/stm32f0xx_ll_system.h ****   * @rmtoll SYSCFG_ITLINE28 SR_USART2_GLB  LL_SYSCFG_IsActiveFlag_USART2
1416:Drivers/STM32F0xx_HAL_Driver/Inc/stm32f0xx_ll_system.h ****   * @retval State of bit (1 or 0).
1417:Drivers/STM32F0xx_HAL_Driver/Inc/stm32f0xx_ll_system.h ****   */
1418:Drivers/STM32F0xx_HAL_Driver/Inc/stm32f0xx_ll_system.h **** __STATIC_INLINE uint32_t LL_SYSCFG_IsActiveFlag_USART2(void)
1419:Drivers/STM32F0xx_HAL_Driver/Inc/stm32f0xx_ll_system.h **** {
1420:Drivers/STM32F0xx_HAL_Driver/Inc/stm32f0xx_ll_system.h ****   return (READ_BIT(SYSCFG->IT_LINE_SR[28], SYSCFG_ITLINE28_SR_USART2_GLB) == (SYSCFG_ITLINE28_SR_US
1421:Drivers/STM32F0xx_HAL_Driver/Inc/stm32f0xx_ll_system.h **** }
1422:Drivers/STM32F0xx_HAL_Driver/Inc/stm32f0xx_ll_system.h **** #endif /* SYSCFG_ITLINE28_SR_USART2_GLB */
1423:Drivers/STM32F0xx_HAL_Driver/Inc/stm32f0xx_ll_system.h **** 
1424:Drivers/STM32F0xx_HAL_Driver/Inc/stm32f0xx_ll_system.h **** #if defined(SYSCFG_ITLINE29_SR_USART3_GLB)
1425:Drivers/STM32F0xx_HAL_Driver/Inc/stm32f0xx_ll_system.h **** /**
1426:Drivers/STM32F0xx_HAL_Driver/Inc/stm32f0xx_ll_system.h ****   * @brief  Check if USART3 interrupt occurred or not, combined with EXTI line 28.
1427:Drivers/STM32F0xx_HAL_Driver/Inc/stm32f0xx_ll_system.h ****   * @rmtoll SYSCFG_ITLINE29 SR_USART3_GLB  LL_SYSCFG_IsActiveFlag_USART3
1428:Drivers/STM32F0xx_HAL_Driver/Inc/stm32f0xx_ll_system.h ****   * @retval State of bit (1 or 0).
1429:Drivers/STM32F0xx_HAL_Driver/Inc/stm32f0xx_ll_system.h ****   */
1430:Drivers/STM32F0xx_HAL_Driver/Inc/stm32f0xx_ll_system.h **** __STATIC_INLINE uint32_t LL_SYSCFG_IsActiveFlag_USART3(void)
1431:Drivers/STM32F0xx_HAL_Driver/Inc/stm32f0xx_ll_system.h **** {
1432:Drivers/STM32F0xx_HAL_Driver/Inc/stm32f0xx_ll_system.h ****   return (READ_BIT(SYSCFG->IT_LINE_SR[29], SYSCFG_ITLINE29_SR_USART3_GLB) == (SYSCFG_ITLINE29_SR_US
1433:Drivers/STM32F0xx_HAL_Driver/Inc/stm32f0xx_ll_system.h **** }
1434:Drivers/STM32F0xx_HAL_Driver/Inc/stm32f0xx_ll_system.h **** #endif /* SYSCFG_ITLINE29_SR_USART3_GLB */
1435:Drivers/STM32F0xx_HAL_Driver/Inc/stm32f0xx_ll_system.h **** 
1436:Drivers/STM32F0xx_HAL_Driver/Inc/stm32f0xx_ll_system.h **** #if defined(SYSCFG_ITLINE29_SR_USART4_GLB)
1437:Drivers/STM32F0xx_HAL_Driver/Inc/stm32f0xx_ll_system.h **** /**
1438:Drivers/STM32F0xx_HAL_Driver/Inc/stm32f0xx_ll_system.h ****   * @brief  Check if USART4 interrupt occurred or not.
1439:Drivers/STM32F0xx_HAL_Driver/Inc/stm32f0xx_ll_system.h ****   * @rmtoll SYSCFG_ITLINE29 SR_USART4_GLB  LL_SYSCFG_IsActiveFlag_USART4
1440:Drivers/STM32F0xx_HAL_Driver/Inc/stm32f0xx_ll_system.h ****   * @retval State of bit (1 or 0).
1441:Drivers/STM32F0xx_HAL_Driver/Inc/stm32f0xx_ll_system.h ****   */
1442:Drivers/STM32F0xx_HAL_Driver/Inc/stm32f0xx_ll_system.h **** __STATIC_INLINE uint32_t LL_SYSCFG_IsActiveFlag_USART4(void)
1443:Drivers/STM32F0xx_HAL_Driver/Inc/stm32f0xx_ll_system.h **** {
1444:Drivers/STM32F0xx_HAL_Driver/Inc/stm32f0xx_ll_system.h ****   return (READ_BIT(SYSCFG->IT_LINE_SR[29], SYSCFG_ITLINE29_SR_USART4_GLB) == (SYSCFG_ITLINE29_SR_US
1445:Drivers/STM32F0xx_HAL_Driver/Inc/stm32f0xx_ll_system.h **** }
1446:Drivers/STM32F0xx_HAL_Driver/Inc/stm32f0xx_ll_system.h **** #endif /* SYSCFG_ITLINE29_SR_USART4_GLB */
1447:Drivers/STM32F0xx_HAL_Driver/Inc/stm32f0xx_ll_system.h **** 
1448:Drivers/STM32F0xx_HAL_Driver/Inc/stm32f0xx_ll_system.h **** #if defined(SYSCFG_ITLINE29_SR_USART5_GLB)
1449:Drivers/STM32F0xx_HAL_Driver/Inc/stm32f0xx_ll_system.h **** /**
1450:Drivers/STM32F0xx_HAL_Driver/Inc/stm32f0xx_ll_system.h ****   * @brief  Check if USART5 interrupt occurred or not.
1451:Drivers/STM32F0xx_HAL_Driver/Inc/stm32f0xx_ll_system.h ****   * @rmtoll SYSCFG_ITLINE29 SR_USART5_GLB  LL_SYSCFG_IsActiveFlag_USART5
1452:Drivers/STM32F0xx_HAL_Driver/Inc/stm32f0xx_ll_system.h ****   * @retval State of bit (1 or 0).
1453:Drivers/STM32F0xx_HAL_Driver/Inc/stm32f0xx_ll_system.h ****   */
1454:Drivers/STM32F0xx_HAL_Driver/Inc/stm32f0xx_ll_system.h **** __STATIC_INLINE uint32_t LL_SYSCFG_IsActiveFlag_USART5(void)
1455:Drivers/STM32F0xx_HAL_Driver/Inc/stm32f0xx_ll_system.h **** {
1456:Drivers/STM32F0xx_HAL_Driver/Inc/stm32f0xx_ll_system.h ****   return (READ_BIT(SYSCFG->IT_LINE_SR[29], SYSCFG_ITLINE29_SR_USART5_GLB) == (SYSCFG_ITLINE29_SR_US
1457:Drivers/STM32F0xx_HAL_Driver/Inc/stm32f0xx_ll_system.h **** }
1458:Drivers/STM32F0xx_HAL_Driver/Inc/stm32f0xx_ll_system.h **** #endif /* SYSCFG_ITLINE29_SR_USART5_GLB */
1459:Drivers/STM32F0xx_HAL_Driver/Inc/stm32f0xx_ll_system.h **** 
1460:Drivers/STM32F0xx_HAL_Driver/Inc/stm32f0xx_ll_system.h **** #if defined(SYSCFG_ITLINE29_SR_USART6_GLB)
1461:Drivers/STM32F0xx_HAL_Driver/Inc/stm32f0xx_ll_system.h **** /**
ARM GAS  C:\Users\three\AppData\Local\Temp\cc3mDhxh.s 			page 58


1462:Drivers/STM32F0xx_HAL_Driver/Inc/stm32f0xx_ll_system.h ****   * @brief  Check if USART6 interrupt occurred or not.
1463:Drivers/STM32F0xx_HAL_Driver/Inc/stm32f0xx_ll_system.h ****   * @rmtoll SYSCFG_ITLINE29 SR_USART6_GLB  LL_SYSCFG_IsActiveFlag_USART6
1464:Drivers/STM32F0xx_HAL_Driver/Inc/stm32f0xx_ll_system.h ****   * @retval State of bit (1 or 0).
1465:Drivers/STM32F0xx_HAL_Driver/Inc/stm32f0xx_ll_system.h ****   */
1466:Drivers/STM32F0xx_HAL_Driver/Inc/stm32f0xx_ll_system.h **** __STATIC_INLINE uint32_t LL_SYSCFG_IsActiveFlag_USART6(void)
1467:Drivers/STM32F0xx_HAL_Driver/Inc/stm32f0xx_ll_system.h **** {
1468:Drivers/STM32F0xx_HAL_Driver/Inc/stm32f0xx_ll_system.h ****   return (READ_BIT(SYSCFG->IT_LINE_SR[29], SYSCFG_ITLINE29_SR_USART6_GLB) == (SYSCFG_ITLINE29_SR_US
1469:Drivers/STM32F0xx_HAL_Driver/Inc/stm32f0xx_ll_system.h **** }
1470:Drivers/STM32F0xx_HAL_Driver/Inc/stm32f0xx_ll_system.h **** #endif /* SYSCFG_ITLINE29_SR_USART6_GLB */
1471:Drivers/STM32F0xx_HAL_Driver/Inc/stm32f0xx_ll_system.h **** 
1472:Drivers/STM32F0xx_HAL_Driver/Inc/stm32f0xx_ll_system.h **** #if defined(SYSCFG_ITLINE29_SR_USART7_GLB)
1473:Drivers/STM32F0xx_HAL_Driver/Inc/stm32f0xx_ll_system.h **** /**
1474:Drivers/STM32F0xx_HAL_Driver/Inc/stm32f0xx_ll_system.h ****   * @brief  Check if USART7 interrupt occurred or not.
1475:Drivers/STM32F0xx_HAL_Driver/Inc/stm32f0xx_ll_system.h ****   * @rmtoll SYSCFG_ITLINE29 SR_USART7_GLB  LL_SYSCFG_IsActiveFlag_USART7
1476:Drivers/STM32F0xx_HAL_Driver/Inc/stm32f0xx_ll_system.h ****   * @retval State of bit (1 or 0).
1477:Drivers/STM32F0xx_HAL_Driver/Inc/stm32f0xx_ll_system.h ****   */
1478:Drivers/STM32F0xx_HAL_Driver/Inc/stm32f0xx_ll_system.h **** __STATIC_INLINE uint32_t LL_SYSCFG_IsActiveFlag_USART7(void)
1479:Drivers/STM32F0xx_HAL_Driver/Inc/stm32f0xx_ll_system.h **** {
1480:Drivers/STM32F0xx_HAL_Driver/Inc/stm32f0xx_ll_system.h ****   return (READ_BIT(SYSCFG->IT_LINE_SR[29], SYSCFG_ITLINE29_SR_USART7_GLB) == (SYSCFG_ITLINE29_SR_US
1481:Drivers/STM32F0xx_HAL_Driver/Inc/stm32f0xx_ll_system.h **** }
1482:Drivers/STM32F0xx_HAL_Driver/Inc/stm32f0xx_ll_system.h **** #endif /* SYSCFG_ITLINE29_SR_USART7_GLB */
1483:Drivers/STM32F0xx_HAL_Driver/Inc/stm32f0xx_ll_system.h **** 
1484:Drivers/STM32F0xx_HAL_Driver/Inc/stm32f0xx_ll_system.h **** #if defined(SYSCFG_ITLINE29_SR_USART8_GLB)
1485:Drivers/STM32F0xx_HAL_Driver/Inc/stm32f0xx_ll_system.h **** /**
1486:Drivers/STM32F0xx_HAL_Driver/Inc/stm32f0xx_ll_system.h ****   * @brief  Check if USART8 interrupt occurred or not.
1487:Drivers/STM32F0xx_HAL_Driver/Inc/stm32f0xx_ll_system.h ****   * @rmtoll SYSCFG_ITLINE29 SR_USART8_GLB  LL_SYSCFG_IsActiveFlag_USART8
1488:Drivers/STM32F0xx_HAL_Driver/Inc/stm32f0xx_ll_system.h ****   * @retval State of bit (1 or 0).
1489:Drivers/STM32F0xx_HAL_Driver/Inc/stm32f0xx_ll_system.h ****   */
1490:Drivers/STM32F0xx_HAL_Driver/Inc/stm32f0xx_ll_system.h **** __STATIC_INLINE uint32_t LL_SYSCFG_IsActiveFlag_USART8(void)
1491:Drivers/STM32F0xx_HAL_Driver/Inc/stm32f0xx_ll_system.h **** {
1492:Drivers/STM32F0xx_HAL_Driver/Inc/stm32f0xx_ll_system.h ****   return (READ_BIT(SYSCFG->IT_LINE_SR[29], SYSCFG_ITLINE29_SR_USART8_GLB) == (SYSCFG_ITLINE29_SR_US
1493:Drivers/STM32F0xx_HAL_Driver/Inc/stm32f0xx_ll_system.h **** }
1494:Drivers/STM32F0xx_HAL_Driver/Inc/stm32f0xx_ll_system.h **** #endif /* SYSCFG_ITLINE29_SR_USART8_GLB */
1495:Drivers/STM32F0xx_HAL_Driver/Inc/stm32f0xx_ll_system.h **** 
1496:Drivers/STM32F0xx_HAL_Driver/Inc/stm32f0xx_ll_system.h **** #if defined(SYSCFG_ITLINE30_SR_CAN)
1497:Drivers/STM32F0xx_HAL_Driver/Inc/stm32f0xx_ll_system.h **** /**
1498:Drivers/STM32F0xx_HAL_Driver/Inc/stm32f0xx_ll_system.h ****   * @brief  Check if CAN interrupt occurred or not.
1499:Drivers/STM32F0xx_HAL_Driver/Inc/stm32f0xx_ll_system.h ****   * @rmtoll SYSCFG_ITLINE30 SR_CAN        LL_SYSCFG_IsActiveFlag_CAN
1500:Drivers/STM32F0xx_HAL_Driver/Inc/stm32f0xx_ll_system.h ****   * @retval State of bit (1 or 0).
1501:Drivers/STM32F0xx_HAL_Driver/Inc/stm32f0xx_ll_system.h ****   */
1502:Drivers/STM32F0xx_HAL_Driver/Inc/stm32f0xx_ll_system.h **** __STATIC_INLINE uint32_t LL_SYSCFG_IsActiveFlag_CAN(void)
1503:Drivers/STM32F0xx_HAL_Driver/Inc/stm32f0xx_ll_system.h **** {
1504:Drivers/STM32F0xx_HAL_Driver/Inc/stm32f0xx_ll_system.h ****   return (READ_BIT(SYSCFG->IT_LINE_SR[30], SYSCFG_ITLINE30_SR_CAN) == (SYSCFG_ITLINE30_SR_CAN));
1505:Drivers/STM32F0xx_HAL_Driver/Inc/stm32f0xx_ll_system.h **** }
1506:Drivers/STM32F0xx_HAL_Driver/Inc/stm32f0xx_ll_system.h **** #endif /* SYSCFG_ITLINE30_SR_CAN */
1507:Drivers/STM32F0xx_HAL_Driver/Inc/stm32f0xx_ll_system.h **** 
1508:Drivers/STM32F0xx_HAL_Driver/Inc/stm32f0xx_ll_system.h **** #if defined(SYSCFG_ITLINE30_SR_CEC)
1509:Drivers/STM32F0xx_HAL_Driver/Inc/stm32f0xx_ll_system.h **** /**
1510:Drivers/STM32F0xx_HAL_Driver/Inc/stm32f0xx_ll_system.h ****   * @brief  Check if CEC interrupt occurred or not, combined with EXTI line 27.
1511:Drivers/STM32F0xx_HAL_Driver/Inc/stm32f0xx_ll_system.h ****   * @rmtoll SYSCFG_ITLINE30 SR_CEC        LL_SYSCFG_IsActiveFlag_CEC
1512:Drivers/STM32F0xx_HAL_Driver/Inc/stm32f0xx_ll_system.h ****   * @retval State of bit (1 or 0).
1513:Drivers/STM32F0xx_HAL_Driver/Inc/stm32f0xx_ll_system.h ****   */
1514:Drivers/STM32F0xx_HAL_Driver/Inc/stm32f0xx_ll_system.h **** __STATIC_INLINE uint32_t LL_SYSCFG_IsActiveFlag_CEC(void)
1515:Drivers/STM32F0xx_HAL_Driver/Inc/stm32f0xx_ll_system.h **** {
1516:Drivers/STM32F0xx_HAL_Driver/Inc/stm32f0xx_ll_system.h ****   return (READ_BIT(SYSCFG->IT_LINE_SR[30], SYSCFG_ITLINE30_SR_CEC) == (SYSCFG_ITLINE30_SR_CEC));
1517:Drivers/STM32F0xx_HAL_Driver/Inc/stm32f0xx_ll_system.h **** }
1518:Drivers/STM32F0xx_HAL_Driver/Inc/stm32f0xx_ll_system.h **** #endif /* SYSCFG_ITLINE30_SR_CEC */
ARM GAS  C:\Users\three\AppData\Local\Temp\cc3mDhxh.s 			page 59


1519:Drivers/STM32F0xx_HAL_Driver/Inc/stm32f0xx_ll_system.h **** 
1520:Drivers/STM32F0xx_HAL_Driver/Inc/stm32f0xx_ll_system.h **** /**
1521:Drivers/STM32F0xx_HAL_Driver/Inc/stm32f0xx_ll_system.h ****   * @brief  Set connections to TIMx Break inputs
1522:Drivers/STM32F0xx_HAL_Driver/Inc/stm32f0xx_ll_system.h ****   * @rmtoll SYSCFG_CFGR2 LOCKUP_LOCK   LL_SYSCFG_SetTIMBreakInputs\n
1523:Drivers/STM32F0xx_HAL_Driver/Inc/stm32f0xx_ll_system.h ****   *         SYSCFG_CFGR2 SRAM_PARITY_LOCK  LL_SYSCFG_SetTIMBreakInputs\n
1524:Drivers/STM32F0xx_HAL_Driver/Inc/stm32f0xx_ll_system.h ****   *         SYSCFG_CFGR2 PVD_LOCK      LL_SYSCFG_SetTIMBreakInputs
1525:Drivers/STM32F0xx_HAL_Driver/Inc/stm32f0xx_ll_system.h ****   * @param  Break This parameter can be a combination of the following values:
1526:Drivers/STM32F0xx_HAL_Driver/Inc/stm32f0xx_ll_system.h ****   *         @arg @ref LL_SYSCFG_TIMBREAK_PVD (*)
1527:Drivers/STM32F0xx_HAL_Driver/Inc/stm32f0xx_ll_system.h ****   *         @arg @ref LL_SYSCFG_TIMBREAK_SRAM_PARITY
1528:Drivers/STM32F0xx_HAL_Driver/Inc/stm32f0xx_ll_system.h ****   *         @arg @ref LL_SYSCFG_TIMBREAK_LOCKUP
1529:Drivers/STM32F0xx_HAL_Driver/Inc/stm32f0xx_ll_system.h ****   *
1530:Drivers/STM32F0xx_HAL_Driver/Inc/stm32f0xx_ll_system.h ****   *         (*) value not defined in all devices
1531:Drivers/STM32F0xx_HAL_Driver/Inc/stm32f0xx_ll_system.h ****   * @retval None
1532:Drivers/STM32F0xx_HAL_Driver/Inc/stm32f0xx_ll_system.h ****   */
1533:Drivers/STM32F0xx_HAL_Driver/Inc/stm32f0xx_ll_system.h **** __STATIC_INLINE void LL_SYSCFG_SetTIMBreakInputs(uint32_t Break)
1534:Drivers/STM32F0xx_HAL_Driver/Inc/stm32f0xx_ll_system.h **** {
1535:Drivers/STM32F0xx_HAL_Driver/Inc/stm32f0xx_ll_system.h **** #if defined(SYSCFG_CFGR2_PVD_LOCK)
1536:Drivers/STM32F0xx_HAL_Driver/Inc/stm32f0xx_ll_system.h ****   MODIFY_REG(SYSCFG->CFGR2, SYSCFG_CFGR2_LOCKUP_LOCK | SYSCFG_CFGR2_SRAM_PARITY_LOCK | SYSCFG_CFGR2
1537:Drivers/STM32F0xx_HAL_Driver/Inc/stm32f0xx_ll_system.h **** #else
1538:Drivers/STM32F0xx_HAL_Driver/Inc/stm32f0xx_ll_system.h ****   MODIFY_REG(SYSCFG->CFGR2, SYSCFG_CFGR2_LOCKUP_LOCK | SYSCFG_CFGR2_SRAM_PARITY_LOCK, Break);
1539:Drivers/STM32F0xx_HAL_Driver/Inc/stm32f0xx_ll_system.h **** #endif /*SYSCFG_CFGR2_PVD_LOCK*/
1540:Drivers/STM32F0xx_HAL_Driver/Inc/stm32f0xx_ll_system.h **** }
1541:Drivers/STM32F0xx_HAL_Driver/Inc/stm32f0xx_ll_system.h **** 
1542:Drivers/STM32F0xx_HAL_Driver/Inc/stm32f0xx_ll_system.h **** /**
1543:Drivers/STM32F0xx_HAL_Driver/Inc/stm32f0xx_ll_system.h ****   * @brief  Get connections to TIMx Break inputs
1544:Drivers/STM32F0xx_HAL_Driver/Inc/stm32f0xx_ll_system.h ****   * @rmtoll SYSCFG_CFGR2 LOCKUP_LOCK   LL_SYSCFG_GetTIMBreakInputs\n
1545:Drivers/STM32F0xx_HAL_Driver/Inc/stm32f0xx_ll_system.h ****   *         SYSCFG_CFGR2 SRAM_PARITY_LOCK  LL_SYSCFG_GetTIMBreakInputs\n
1546:Drivers/STM32F0xx_HAL_Driver/Inc/stm32f0xx_ll_system.h ****   *         SYSCFG_CFGR2 PVD_LOCK      LL_SYSCFG_GetTIMBreakInputs
1547:Drivers/STM32F0xx_HAL_Driver/Inc/stm32f0xx_ll_system.h ****   * @retval Returned value can be can be a combination of the following values:
1548:Drivers/STM32F0xx_HAL_Driver/Inc/stm32f0xx_ll_system.h ****   *         @arg @ref LL_SYSCFG_TIMBREAK_PVD (*)
1549:Drivers/STM32F0xx_HAL_Driver/Inc/stm32f0xx_ll_system.h ****   *         @arg @ref LL_SYSCFG_TIMBREAK_SRAM_PARITY
1550:Drivers/STM32F0xx_HAL_Driver/Inc/stm32f0xx_ll_system.h ****   *         @arg @ref LL_SYSCFG_TIMBREAK_LOCKUP
1551:Drivers/STM32F0xx_HAL_Driver/Inc/stm32f0xx_ll_system.h ****   *
1552:Drivers/STM32F0xx_HAL_Driver/Inc/stm32f0xx_ll_system.h ****   *         (*) value not defined in all devices
1553:Drivers/STM32F0xx_HAL_Driver/Inc/stm32f0xx_ll_system.h ****   */
1554:Drivers/STM32F0xx_HAL_Driver/Inc/stm32f0xx_ll_system.h **** __STATIC_INLINE uint32_t LL_SYSCFG_GetTIMBreakInputs(void)
1555:Drivers/STM32F0xx_HAL_Driver/Inc/stm32f0xx_ll_system.h **** {
1556:Drivers/STM32F0xx_HAL_Driver/Inc/stm32f0xx_ll_system.h **** #if defined(SYSCFG_CFGR2_PVD_LOCK)
1557:Drivers/STM32F0xx_HAL_Driver/Inc/stm32f0xx_ll_system.h ****   return (uint32_t)(READ_BIT(SYSCFG->CFGR2,
1558:Drivers/STM32F0xx_HAL_Driver/Inc/stm32f0xx_ll_system.h ****                              SYSCFG_CFGR2_LOCKUP_LOCK | SYSCFG_CFGR2_SRAM_PARITY_LOCK | SYSCFG_CFGR
1559:Drivers/STM32F0xx_HAL_Driver/Inc/stm32f0xx_ll_system.h **** #else
1560:Drivers/STM32F0xx_HAL_Driver/Inc/stm32f0xx_ll_system.h ****   return (uint32_t)(READ_BIT(SYSCFG->CFGR2, SYSCFG_CFGR2_LOCKUP_LOCK | SYSCFG_CFGR2_SRAM_PARITY_LOC
1561:Drivers/STM32F0xx_HAL_Driver/Inc/stm32f0xx_ll_system.h **** #endif /*SYSCFG_CFGR2_PVD_LOCK*/
1562:Drivers/STM32F0xx_HAL_Driver/Inc/stm32f0xx_ll_system.h **** }
1563:Drivers/STM32F0xx_HAL_Driver/Inc/stm32f0xx_ll_system.h **** 
1564:Drivers/STM32F0xx_HAL_Driver/Inc/stm32f0xx_ll_system.h **** /**
1565:Drivers/STM32F0xx_HAL_Driver/Inc/stm32f0xx_ll_system.h ****   * @brief  Check if SRAM parity error detected
1566:Drivers/STM32F0xx_HAL_Driver/Inc/stm32f0xx_ll_system.h ****   * @rmtoll SYSCFG_CFGR2 SRAM_PEF      LL_SYSCFG_IsActiveFlag_SP
1567:Drivers/STM32F0xx_HAL_Driver/Inc/stm32f0xx_ll_system.h ****   * @retval State of bit (1 or 0).
1568:Drivers/STM32F0xx_HAL_Driver/Inc/stm32f0xx_ll_system.h ****   */
1569:Drivers/STM32F0xx_HAL_Driver/Inc/stm32f0xx_ll_system.h **** __STATIC_INLINE uint32_t LL_SYSCFG_IsActiveFlag_SP(void)
1570:Drivers/STM32F0xx_HAL_Driver/Inc/stm32f0xx_ll_system.h **** {
1571:Drivers/STM32F0xx_HAL_Driver/Inc/stm32f0xx_ll_system.h ****   return (READ_BIT(SYSCFG->CFGR2, SYSCFG_CFGR2_SRAM_PEF) == (SYSCFG_CFGR2_SRAM_PEF));
1572:Drivers/STM32F0xx_HAL_Driver/Inc/stm32f0xx_ll_system.h **** }
1573:Drivers/STM32F0xx_HAL_Driver/Inc/stm32f0xx_ll_system.h **** 
1574:Drivers/STM32F0xx_HAL_Driver/Inc/stm32f0xx_ll_system.h **** /**
1575:Drivers/STM32F0xx_HAL_Driver/Inc/stm32f0xx_ll_system.h ****   * @brief  Clear SRAM parity error flag
ARM GAS  C:\Users\three\AppData\Local\Temp\cc3mDhxh.s 			page 60


1576:Drivers/STM32F0xx_HAL_Driver/Inc/stm32f0xx_ll_system.h ****   * @rmtoll SYSCFG_CFGR2 SRAM_PEF      LL_SYSCFG_ClearFlag_SP
1577:Drivers/STM32F0xx_HAL_Driver/Inc/stm32f0xx_ll_system.h ****   * @retval None
1578:Drivers/STM32F0xx_HAL_Driver/Inc/stm32f0xx_ll_system.h ****   */
1579:Drivers/STM32F0xx_HAL_Driver/Inc/stm32f0xx_ll_system.h **** __STATIC_INLINE void LL_SYSCFG_ClearFlag_SP(void)
1580:Drivers/STM32F0xx_HAL_Driver/Inc/stm32f0xx_ll_system.h **** {
1581:Drivers/STM32F0xx_HAL_Driver/Inc/stm32f0xx_ll_system.h ****   SET_BIT(SYSCFG->CFGR2, SYSCFG_CFGR2_SRAM_PEF);
1582:Drivers/STM32F0xx_HAL_Driver/Inc/stm32f0xx_ll_system.h **** }
1583:Drivers/STM32F0xx_HAL_Driver/Inc/stm32f0xx_ll_system.h **** 
1584:Drivers/STM32F0xx_HAL_Driver/Inc/stm32f0xx_ll_system.h **** /**
1585:Drivers/STM32F0xx_HAL_Driver/Inc/stm32f0xx_ll_system.h ****   * @}
1586:Drivers/STM32F0xx_HAL_Driver/Inc/stm32f0xx_ll_system.h ****   */
1587:Drivers/STM32F0xx_HAL_Driver/Inc/stm32f0xx_ll_system.h **** 
1588:Drivers/STM32F0xx_HAL_Driver/Inc/stm32f0xx_ll_system.h **** /** @defgroup SYSTEM_LL_EF_DBGMCU DBGMCU
1589:Drivers/STM32F0xx_HAL_Driver/Inc/stm32f0xx_ll_system.h ****   * @{
1590:Drivers/STM32F0xx_HAL_Driver/Inc/stm32f0xx_ll_system.h ****   */
1591:Drivers/STM32F0xx_HAL_Driver/Inc/stm32f0xx_ll_system.h **** 
1592:Drivers/STM32F0xx_HAL_Driver/Inc/stm32f0xx_ll_system.h **** /**
1593:Drivers/STM32F0xx_HAL_Driver/Inc/stm32f0xx_ll_system.h ****   * @brief  Return the device identifier
1594:Drivers/STM32F0xx_HAL_Driver/Inc/stm32f0xx_ll_system.h ****   * @note For STM32F03x devices, the device ID is 0x444
1595:Drivers/STM32F0xx_HAL_Driver/Inc/stm32f0xx_ll_system.h ****   * @note For STM32F04x devices, the device ID is 0x445.
1596:Drivers/STM32F0xx_HAL_Driver/Inc/stm32f0xx_ll_system.h ****   * @note For STM32F05x devices, the device ID is 0x440
1597:Drivers/STM32F0xx_HAL_Driver/Inc/stm32f0xx_ll_system.h ****   * @note For STM32F07x devices, the device ID is 0x448
1598:Drivers/STM32F0xx_HAL_Driver/Inc/stm32f0xx_ll_system.h ****   * @note For STM32F09x devices, the device ID is 0x442
1599:Drivers/STM32F0xx_HAL_Driver/Inc/stm32f0xx_ll_system.h ****   * @rmtoll DBGMCU_IDCODE DEV_ID        LL_DBGMCU_GetDeviceID
1600:Drivers/STM32F0xx_HAL_Driver/Inc/stm32f0xx_ll_system.h ****   * @retval Values between Min_Data=0x00 and Max_Data=0xFFF
1601:Drivers/STM32F0xx_HAL_Driver/Inc/stm32f0xx_ll_system.h ****   */
1602:Drivers/STM32F0xx_HAL_Driver/Inc/stm32f0xx_ll_system.h **** __STATIC_INLINE uint32_t LL_DBGMCU_GetDeviceID(void)
1603:Drivers/STM32F0xx_HAL_Driver/Inc/stm32f0xx_ll_system.h **** {
1604:Drivers/STM32F0xx_HAL_Driver/Inc/stm32f0xx_ll_system.h ****   return (uint32_t)(READ_BIT(DBGMCU->IDCODE, DBGMCU_IDCODE_DEV_ID));
1605:Drivers/STM32F0xx_HAL_Driver/Inc/stm32f0xx_ll_system.h **** }
1606:Drivers/STM32F0xx_HAL_Driver/Inc/stm32f0xx_ll_system.h **** 
1607:Drivers/STM32F0xx_HAL_Driver/Inc/stm32f0xx_ll_system.h **** /**
1608:Drivers/STM32F0xx_HAL_Driver/Inc/stm32f0xx_ll_system.h ****   * @brief  Return the device revision identifier
1609:Drivers/STM32F0xx_HAL_Driver/Inc/stm32f0xx_ll_system.h ****   * @note This field indicates the revision of the device.
1610:Drivers/STM32F0xx_HAL_Driver/Inc/stm32f0xx_ll_system.h ****           For example, it is read as 0x1000 for Revision 1.0.
1611:Drivers/STM32F0xx_HAL_Driver/Inc/stm32f0xx_ll_system.h ****   * @rmtoll DBGMCU_IDCODE REV_ID        LL_DBGMCU_GetRevisionID
1612:Drivers/STM32F0xx_HAL_Driver/Inc/stm32f0xx_ll_system.h ****   * @retval Values between Min_Data=0x00 and Max_Data=0xFFFF
1613:Drivers/STM32F0xx_HAL_Driver/Inc/stm32f0xx_ll_system.h ****   */
1614:Drivers/STM32F0xx_HAL_Driver/Inc/stm32f0xx_ll_system.h **** __STATIC_INLINE uint32_t LL_DBGMCU_GetRevisionID(void)
1615:Drivers/STM32F0xx_HAL_Driver/Inc/stm32f0xx_ll_system.h **** {
1616:Drivers/STM32F0xx_HAL_Driver/Inc/stm32f0xx_ll_system.h ****   return (uint32_t)(READ_BIT(DBGMCU->IDCODE, DBGMCU_IDCODE_REV_ID) >> DBGMCU_IDCODE_REV_ID_Pos);
1617:Drivers/STM32F0xx_HAL_Driver/Inc/stm32f0xx_ll_system.h **** }
1618:Drivers/STM32F0xx_HAL_Driver/Inc/stm32f0xx_ll_system.h **** 
1619:Drivers/STM32F0xx_HAL_Driver/Inc/stm32f0xx_ll_system.h **** /**
1620:Drivers/STM32F0xx_HAL_Driver/Inc/stm32f0xx_ll_system.h ****   * @brief  Enable the Debug Module during STOP mode
1621:Drivers/STM32F0xx_HAL_Driver/Inc/stm32f0xx_ll_system.h ****   * @rmtoll DBGMCU_CR    DBG_STOP      LL_DBGMCU_EnableDBGStopMode
1622:Drivers/STM32F0xx_HAL_Driver/Inc/stm32f0xx_ll_system.h ****   * @retval None
1623:Drivers/STM32F0xx_HAL_Driver/Inc/stm32f0xx_ll_system.h ****   */
1624:Drivers/STM32F0xx_HAL_Driver/Inc/stm32f0xx_ll_system.h **** __STATIC_INLINE void LL_DBGMCU_EnableDBGStopMode(void)
1625:Drivers/STM32F0xx_HAL_Driver/Inc/stm32f0xx_ll_system.h **** {
1626:Drivers/STM32F0xx_HAL_Driver/Inc/stm32f0xx_ll_system.h ****   SET_BIT(DBGMCU->CR, DBGMCU_CR_DBG_STOP);
1627:Drivers/STM32F0xx_HAL_Driver/Inc/stm32f0xx_ll_system.h **** }
1628:Drivers/STM32F0xx_HAL_Driver/Inc/stm32f0xx_ll_system.h **** 
1629:Drivers/STM32F0xx_HAL_Driver/Inc/stm32f0xx_ll_system.h **** /**
1630:Drivers/STM32F0xx_HAL_Driver/Inc/stm32f0xx_ll_system.h ****   * @brief  Disable the Debug Module during STOP mode
1631:Drivers/STM32F0xx_HAL_Driver/Inc/stm32f0xx_ll_system.h ****   * @rmtoll DBGMCU_CR    DBG_STOP      LL_DBGMCU_DisableDBGStopMode
1632:Drivers/STM32F0xx_HAL_Driver/Inc/stm32f0xx_ll_system.h ****   * @retval None
ARM GAS  C:\Users\three\AppData\Local\Temp\cc3mDhxh.s 			page 61


1633:Drivers/STM32F0xx_HAL_Driver/Inc/stm32f0xx_ll_system.h ****   */
1634:Drivers/STM32F0xx_HAL_Driver/Inc/stm32f0xx_ll_system.h **** __STATIC_INLINE void LL_DBGMCU_DisableDBGStopMode(void)
1635:Drivers/STM32F0xx_HAL_Driver/Inc/stm32f0xx_ll_system.h **** {
1636:Drivers/STM32F0xx_HAL_Driver/Inc/stm32f0xx_ll_system.h ****   CLEAR_BIT(DBGMCU->CR, DBGMCU_CR_DBG_STOP);
1637:Drivers/STM32F0xx_HAL_Driver/Inc/stm32f0xx_ll_system.h **** }
1638:Drivers/STM32F0xx_HAL_Driver/Inc/stm32f0xx_ll_system.h **** 
1639:Drivers/STM32F0xx_HAL_Driver/Inc/stm32f0xx_ll_system.h **** /**
1640:Drivers/STM32F0xx_HAL_Driver/Inc/stm32f0xx_ll_system.h ****   * @brief  Enable the Debug Module during STANDBY mode
1641:Drivers/STM32F0xx_HAL_Driver/Inc/stm32f0xx_ll_system.h ****   * @rmtoll DBGMCU_CR    DBG_STANDBY   LL_DBGMCU_EnableDBGStandbyMode
1642:Drivers/STM32F0xx_HAL_Driver/Inc/stm32f0xx_ll_system.h ****   * @retval None
1643:Drivers/STM32F0xx_HAL_Driver/Inc/stm32f0xx_ll_system.h ****   */
1644:Drivers/STM32F0xx_HAL_Driver/Inc/stm32f0xx_ll_system.h **** __STATIC_INLINE void LL_DBGMCU_EnableDBGStandbyMode(void)
1645:Drivers/STM32F0xx_HAL_Driver/Inc/stm32f0xx_ll_system.h **** {
1646:Drivers/STM32F0xx_HAL_Driver/Inc/stm32f0xx_ll_system.h ****   SET_BIT(DBGMCU->CR, DBGMCU_CR_DBG_STANDBY);
1647:Drivers/STM32F0xx_HAL_Driver/Inc/stm32f0xx_ll_system.h **** }
1648:Drivers/STM32F0xx_HAL_Driver/Inc/stm32f0xx_ll_system.h **** 
1649:Drivers/STM32F0xx_HAL_Driver/Inc/stm32f0xx_ll_system.h **** /**
1650:Drivers/STM32F0xx_HAL_Driver/Inc/stm32f0xx_ll_system.h ****   * @brief  Disable the Debug Module during STANDBY mode
1651:Drivers/STM32F0xx_HAL_Driver/Inc/stm32f0xx_ll_system.h ****   * @rmtoll DBGMCU_CR    DBG_STANDBY   LL_DBGMCU_DisableDBGStandbyMode
1652:Drivers/STM32F0xx_HAL_Driver/Inc/stm32f0xx_ll_system.h ****   * @retval None
1653:Drivers/STM32F0xx_HAL_Driver/Inc/stm32f0xx_ll_system.h ****   */
1654:Drivers/STM32F0xx_HAL_Driver/Inc/stm32f0xx_ll_system.h **** __STATIC_INLINE void LL_DBGMCU_DisableDBGStandbyMode(void)
1655:Drivers/STM32F0xx_HAL_Driver/Inc/stm32f0xx_ll_system.h **** {
1656:Drivers/STM32F0xx_HAL_Driver/Inc/stm32f0xx_ll_system.h ****   CLEAR_BIT(DBGMCU->CR, DBGMCU_CR_DBG_STANDBY);
1657:Drivers/STM32F0xx_HAL_Driver/Inc/stm32f0xx_ll_system.h **** }
1658:Drivers/STM32F0xx_HAL_Driver/Inc/stm32f0xx_ll_system.h **** 
1659:Drivers/STM32F0xx_HAL_Driver/Inc/stm32f0xx_ll_system.h **** /**
1660:Drivers/STM32F0xx_HAL_Driver/Inc/stm32f0xx_ll_system.h ****   * @brief  Freeze APB1 peripherals (group1 peripherals)
1661:Drivers/STM32F0xx_HAL_Driver/Inc/stm32f0xx_ll_system.h ****   * @rmtoll DBGMCU_APB1FZ DBG_TIM2_STOP           LL_DBGMCU_APB1_GRP1_FreezePeriph\n
1662:Drivers/STM32F0xx_HAL_Driver/Inc/stm32f0xx_ll_system.h ****   *         DBGMCU_APB1FZ DBG_TIM3_STOP           LL_DBGMCU_APB1_GRP1_FreezePeriph\n
1663:Drivers/STM32F0xx_HAL_Driver/Inc/stm32f0xx_ll_system.h ****   *         DBGMCU_APB1FZ DBG_TIM6_STOP           LL_DBGMCU_APB1_GRP1_FreezePeriph\n
1664:Drivers/STM32F0xx_HAL_Driver/Inc/stm32f0xx_ll_system.h ****   *         DBGMCU_APB1FZ DBG_TIM7_STOP           LL_DBGMCU_APB1_GRP1_FreezePeriph\n
1665:Drivers/STM32F0xx_HAL_Driver/Inc/stm32f0xx_ll_system.h ****   *         DBGMCU_APB1FZ DBG_TIM14_STOP          LL_DBGMCU_APB1_GRP1_FreezePeriph\n
1666:Drivers/STM32F0xx_HAL_Driver/Inc/stm32f0xx_ll_system.h ****   *         DBGMCU_APB1FZ DBG_RTC_STOP            LL_DBGMCU_APB1_GRP1_FreezePeriph\n
1667:Drivers/STM32F0xx_HAL_Driver/Inc/stm32f0xx_ll_system.h ****   *         DBGMCU_APB1FZ DBG_WWDG_STOP           LL_DBGMCU_APB1_GRP1_FreezePeriph\n
1668:Drivers/STM32F0xx_HAL_Driver/Inc/stm32f0xx_ll_system.h ****   *         DBGMCU_APB1FZ DBG_IWDG_STOP           LL_DBGMCU_APB1_GRP1_FreezePeriph\n
1669:Drivers/STM32F0xx_HAL_Driver/Inc/stm32f0xx_ll_system.h ****   *         DBGMCU_APB1FZ DBG_I2C1_SMBUS_TIMEOUT  LL_DBGMCU_APB1_GRP1_FreezePeriph\n
1670:Drivers/STM32F0xx_HAL_Driver/Inc/stm32f0xx_ll_system.h ****   *         DBGMCU_APB1FZ DBG_CAN_STOP  LL_DBGMCU_APB1_GRP1_FreezePeriph
1671:Drivers/STM32F0xx_HAL_Driver/Inc/stm32f0xx_ll_system.h ****   * @param  Periphs This parameter can be a combination of the following values:
1672:Drivers/STM32F0xx_HAL_Driver/Inc/stm32f0xx_ll_system.h ****   *         @arg @ref LL_DBGMCU_APB1_GRP1_TIM2_STOP (*)
1673:Drivers/STM32F0xx_HAL_Driver/Inc/stm32f0xx_ll_system.h ****   *         @arg @ref LL_DBGMCU_APB1_GRP1_TIM3_STOP
1674:Drivers/STM32F0xx_HAL_Driver/Inc/stm32f0xx_ll_system.h ****   *         @arg @ref LL_DBGMCU_APB1_GRP1_TIM6_STOP (*)
1675:Drivers/STM32F0xx_HAL_Driver/Inc/stm32f0xx_ll_system.h ****   *         @arg @ref LL_DBGMCU_APB1_GRP1_TIM7_STOP (*)
1676:Drivers/STM32F0xx_HAL_Driver/Inc/stm32f0xx_ll_system.h ****   *         @arg @ref LL_DBGMCU_APB1_GRP1_TIM14_STOP
1677:Drivers/STM32F0xx_HAL_Driver/Inc/stm32f0xx_ll_system.h ****   *         @arg @ref LL_DBGMCU_APB1_GRP1_RTC_STOP
1678:Drivers/STM32F0xx_HAL_Driver/Inc/stm32f0xx_ll_system.h ****   *         @arg @ref LL_DBGMCU_APB1_GRP1_WWDG_STOP
1679:Drivers/STM32F0xx_HAL_Driver/Inc/stm32f0xx_ll_system.h ****   *         @arg @ref LL_DBGMCU_APB1_GRP1_IWDG_STOP
1680:Drivers/STM32F0xx_HAL_Driver/Inc/stm32f0xx_ll_system.h ****   *         @arg @ref LL_DBGMCU_APB1_GRP1_I2C1_STOP
1681:Drivers/STM32F0xx_HAL_Driver/Inc/stm32f0xx_ll_system.h ****   *         @arg @ref LL_DBGMCU_APB1_GRP1_CAN_STOP (*)
1682:Drivers/STM32F0xx_HAL_Driver/Inc/stm32f0xx_ll_system.h ****   *
1683:Drivers/STM32F0xx_HAL_Driver/Inc/stm32f0xx_ll_system.h ****   *         (*) value not defined in all devices
1684:Drivers/STM32F0xx_HAL_Driver/Inc/stm32f0xx_ll_system.h ****   * @retval None
1685:Drivers/STM32F0xx_HAL_Driver/Inc/stm32f0xx_ll_system.h ****   */
1686:Drivers/STM32F0xx_HAL_Driver/Inc/stm32f0xx_ll_system.h **** __STATIC_INLINE void LL_DBGMCU_APB1_GRP1_FreezePeriph(uint32_t Periphs)
1687:Drivers/STM32F0xx_HAL_Driver/Inc/stm32f0xx_ll_system.h **** {
1688:Drivers/STM32F0xx_HAL_Driver/Inc/stm32f0xx_ll_system.h ****   SET_BIT(DBGMCU->APB1FZ, Periphs);
1689:Drivers/STM32F0xx_HAL_Driver/Inc/stm32f0xx_ll_system.h **** }
ARM GAS  C:\Users\three\AppData\Local\Temp\cc3mDhxh.s 			page 62


1690:Drivers/STM32F0xx_HAL_Driver/Inc/stm32f0xx_ll_system.h **** 
1691:Drivers/STM32F0xx_HAL_Driver/Inc/stm32f0xx_ll_system.h **** /**
1692:Drivers/STM32F0xx_HAL_Driver/Inc/stm32f0xx_ll_system.h ****   * @brief  Unfreeze APB1 peripherals (group1 peripherals)
1693:Drivers/STM32F0xx_HAL_Driver/Inc/stm32f0xx_ll_system.h ****   * @rmtoll DBGMCU_APB1FZ DBG_TIM2_STOP           LL_DBGMCU_APB1_GRP1_UnFreezePeriph\n
1694:Drivers/STM32F0xx_HAL_Driver/Inc/stm32f0xx_ll_system.h ****   *         DBGMCU_APB1FZ DBG_TIM3_STOP           LL_DBGMCU_APB1_GRP1_UnFreezePeriph\n
1695:Drivers/STM32F0xx_HAL_Driver/Inc/stm32f0xx_ll_system.h ****   *         DBGMCU_APB1FZ DBG_TIM6_STOP           LL_DBGMCU_APB1_GRP1_UnFreezePeriph\n
1696:Drivers/STM32F0xx_HAL_Driver/Inc/stm32f0xx_ll_system.h ****   *         DBGMCU_APB1FZ DBG_TIM7_STOP           LL_DBGMCU_APB1_GRP1_UnFreezePeriph\n
1697:Drivers/STM32F0xx_HAL_Driver/Inc/stm32f0xx_ll_system.h ****   *         DBGMCU_APB1FZ DBG_TIM14_STOP          LL_DBGMCU_APB1_GRP1_UnFreezePeriph\n
1698:Drivers/STM32F0xx_HAL_Driver/Inc/stm32f0xx_ll_system.h ****   *         DBGMCU_APB1FZ DBG_RTC_STOP            LL_DBGMCU_APB1_GRP1_UnFreezePeriph\n
1699:Drivers/STM32F0xx_HAL_Driver/Inc/stm32f0xx_ll_system.h ****   *         DBGMCU_APB1FZ DBG_WWDG_STOP           LL_DBGMCU_APB1_GRP1_UnFreezePeriph\n
1700:Drivers/STM32F0xx_HAL_Driver/Inc/stm32f0xx_ll_system.h ****   *         DBGMCU_APB1FZ DBG_IWDG_STOP           LL_DBGMCU_APB1_GRP1_UnFreezePeriph\n
1701:Drivers/STM32F0xx_HAL_Driver/Inc/stm32f0xx_ll_system.h ****   *         DBGMCU_APB1FZ DBG_I2C1_SMBUS_TIMEOUT  LL_DBGMCU_APB1_GRP1_UnFreezePeriph\n
1702:Drivers/STM32F0xx_HAL_Driver/Inc/stm32f0xx_ll_system.h ****   *         DBGMCU_APB1FZ DBG_CAN_STOP            LL_DBGMCU_APB1_GRP1_UnFreezePeriph
1703:Drivers/STM32F0xx_HAL_Driver/Inc/stm32f0xx_ll_system.h ****   * @param  Periphs This parameter can be a combination of the following values:
1704:Drivers/STM32F0xx_HAL_Driver/Inc/stm32f0xx_ll_system.h ****   *         @arg @ref LL_DBGMCU_APB1_GRP1_TIM2_STOP (*)
1705:Drivers/STM32F0xx_HAL_Driver/Inc/stm32f0xx_ll_system.h ****   *         @arg @ref LL_DBGMCU_APB1_GRP1_TIM3_STOP
1706:Drivers/STM32F0xx_HAL_Driver/Inc/stm32f0xx_ll_system.h ****   *         @arg @ref LL_DBGMCU_APB1_GRP1_TIM6_STOP (*)
1707:Drivers/STM32F0xx_HAL_Driver/Inc/stm32f0xx_ll_system.h ****   *         @arg @ref LL_DBGMCU_APB1_GRP1_TIM7_STOP (*)
1708:Drivers/STM32F0xx_HAL_Driver/Inc/stm32f0xx_ll_system.h ****   *         @arg @ref LL_DBGMCU_APB1_GRP1_TIM14_STOP
1709:Drivers/STM32F0xx_HAL_Driver/Inc/stm32f0xx_ll_system.h ****   *         @arg @ref LL_DBGMCU_APB1_GRP1_RTC_STOP
1710:Drivers/STM32F0xx_HAL_Driver/Inc/stm32f0xx_ll_system.h ****   *         @arg @ref LL_DBGMCU_APB1_GRP1_WWDG_STOP
1711:Drivers/STM32F0xx_HAL_Driver/Inc/stm32f0xx_ll_system.h ****   *         @arg @ref LL_DBGMCU_APB1_GRP1_IWDG_STOP
1712:Drivers/STM32F0xx_HAL_Driver/Inc/stm32f0xx_ll_system.h ****   *         @arg @ref LL_DBGMCU_APB1_GRP1_I2C1_STOP
1713:Drivers/STM32F0xx_HAL_Driver/Inc/stm32f0xx_ll_system.h ****   *         @arg @ref LL_DBGMCU_APB1_GRP1_CAN_STOP (*)
1714:Drivers/STM32F0xx_HAL_Driver/Inc/stm32f0xx_ll_system.h ****   *
1715:Drivers/STM32F0xx_HAL_Driver/Inc/stm32f0xx_ll_system.h ****   *         (*) value not defined in all devices
1716:Drivers/STM32F0xx_HAL_Driver/Inc/stm32f0xx_ll_system.h ****   * @retval None
1717:Drivers/STM32F0xx_HAL_Driver/Inc/stm32f0xx_ll_system.h ****   */
1718:Drivers/STM32F0xx_HAL_Driver/Inc/stm32f0xx_ll_system.h **** __STATIC_INLINE void LL_DBGMCU_APB1_GRP1_UnFreezePeriph(uint32_t Periphs)
1719:Drivers/STM32F0xx_HAL_Driver/Inc/stm32f0xx_ll_system.h **** {
1720:Drivers/STM32F0xx_HAL_Driver/Inc/stm32f0xx_ll_system.h ****   CLEAR_BIT(DBGMCU->APB1FZ, Periphs);
1721:Drivers/STM32F0xx_HAL_Driver/Inc/stm32f0xx_ll_system.h **** }
1722:Drivers/STM32F0xx_HAL_Driver/Inc/stm32f0xx_ll_system.h **** 
1723:Drivers/STM32F0xx_HAL_Driver/Inc/stm32f0xx_ll_system.h **** /**
1724:Drivers/STM32F0xx_HAL_Driver/Inc/stm32f0xx_ll_system.h ****   * @brief  Freeze APB1 peripherals (group2 peripherals)
1725:Drivers/STM32F0xx_HAL_Driver/Inc/stm32f0xx_ll_system.h ****   * @rmtoll DBGMCU_APB2FZ DBG_TIM1_STOP   LL_DBGMCU_APB1_GRP2_FreezePeriph\n
1726:Drivers/STM32F0xx_HAL_Driver/Inc/stm32f0xx_ll_system.h ****   *         DBGMCU_APB2FZ DBG_TIM15_STOP  LL_DBGMCU_APB1_GRP2_FreezePeriph\n
1727:Drivers/STM32F0xx_HAL_Driver/Inc/stm32f0xx_ll_system.h ****   *         DBGMCU_APB2FZ DBG_TIM16_STOP  LL_DBGMCU_APB1_GRP2_FreezePeriph\n
1728:Drivers/STM32F0xx_HAL_Driver/Inc/stm32f0xx_ll_system.h ****   *         DBGMCU_APB2FZ DBG_TIM17_STOP  LL_DBGMCU_APB1_GRP2_FreezePeriph
1729:Drivers/STM32F0xx_HAL_Driver/Inc/stm32f0xx_ll_system.h ****   * @param  Periphs This parameter can be a combination of the following values:
1730:Drivers/STM32F0xx_HAL_Driver/Inc/stm32f0xx_ll_system.h ****   *         @arg @ref LL_DBGMCU_APB1_GRP2_TIM1_STOP
1731:Drivers/STM32F0xx_HAL_Driver/Inc/stm32f0xx_ll_system.h ****   *         @arg @ref LL_DBGMCU_APB1_GRP2_TIM15_STOP (*)
1732:Drivers/STM32F0xx_HAL_Driver/Inc/stm32f0xx_ll_system.h ****   *         @arg @ref LL_DBGMCU_APB1_GRP2_TIM16_STOP
1733:Drivers/STM32F0xx_HAL_Driver/Inc/stm32f0xx_ll_system.h ****   *         @arg @ref LL_DBGMCU_APB1_GRP2_TIM17_STOP
1734:Drivers/STM32F0xx_HAL_Driver/Inc/stm32f0xx_ll_system.h ****   *
1735:Drivers/STM32F0xx_HAL_Driver/Inc/stm32f0xx_ll_system.h ****   *         (*) value not defined in all devices
1736:Drivers/STM32F0xx_HAL_Driver/Inc/stm32f0xx_ll_system.h ****   * @retval None
1737:Drivers/STM32F0xx_HAL_Driver/Inc/stm32f0xx_ll_system.h ****   */
1738:Drivers/STM32F0xx_HAL_Driver/Inc/stm32f0xx_ll_system.h **** __STATIC_INLINE void LL_DBGMCU_APB1_GRP2_FreezePeriph(uint32_t Periphs)
1739:Drivers/STM32F0xx_HAL_Driver/Inc/stm32f0xx_ll_system.h **** {
1740:Drivers/STM32F0xx_HAL_Driver/Inc/stm32f0xx_ll_system.h ****   SET_BIT(DBGMCU->APB2FZ, Periphs);
1741:Drivers/STM32F0xx_HAL_Driver/Inc/stm32f0xx_ll_system.h **** }
1742:Drivers/STM32F0xx_HAL_Driver/Inc/stm32f0xx_ll_system.h **** 
1743:Drivers/STM32F0xx_HAL_Driver/Inc/stm32f0xx_ll_system.h **** /**
1744:Drivers/STM32F0xx_HAL_Driver/Inc/stm32f0xx_ll_system.h ****   * @brief  Unfreeze APB1 peripherals (group2 peripherals)
1745:Drivers/STM32F0xx_HAL_Driver/Inc/stm32f0xx_ll_system.h ****   * @rmtoll DBGMCU_APB2FZ DBG_TIM1_STOP   LL_DBGMCU_APB1_GRP2_UnFreezePeriph\n
1746:Drivers/STM32F0xx_HAL_Driver/Inc/stm32f0xx_ll_system.h ****   *         DBGMCU_APB2FZ DBG_TIM15_STOP  LL_DBGMCU_APB1_GRP2_UnFreezePeriph\n
ARM GAS  C:\Users\three\AppData\Local\Temp\cc3mDhxh.s 			page 63


1747:Drivers/STM32F0xx_HAL_Driver/Inc/stm32f0xx_ll_system.h ****   *         DBGMCU_APB2FZ DBG_TIM16_STOP  LL_DBGMCU_APB1_GRP2_UnFreezePeriph\n
1748:Drivers/STM32F0xx_HAL_Driver/Inc/stm32f0xx_ll_system.h ****   *         DBGMCU_APB2FZ DBG_TIM17_STOP  LL_DBGMCU_APB1_GRP2_UnFreezePeriph
1749:Drivers/STM32F0xx_HAL_Driver/Inc/stm32f0xx_ll_system.h ****   * @param  Periphs This parameter can be a combination of the following values:
1750:Drivers/STM32F0xx_HAL_Driver/Inc/stm32f0xx_ll_system.h ****   *         @arg @ref LL_DBGMCU_APB1_GRP2_TIM1_STOP
1751:Drivers/STM32F0xx_HAL_Driver/Inc/stm32f0xx_ll_system.h ****   *         @arg @ref LL_DBGMCU_APB1_GRP2_TIM15_STOP (*)
1752:Drivers/STM32F0xx_HAL_Driver/Inc/stm32f0xx_ll_system.h ****   *         @arg @ref LL_DBGMCU_APB1_GRP2_TIM16_STOP
1753:Drivers/STM32F0xx_HAL_Driver/Inc/stm32f0xx_ll_system.h ****   *         @arg @ref LL_DBGMCU_APB1_GRP2_TIM17_STOP
1754:Drivers/STM32F0xx_HAL_Driver/Inc/stm32f0xx_ll_system.h ****   *
1755:Drivers/STM32F0xx_HAL_Driver/Inc/stm32f0xx_ll_system.h ****   *         (*) value not defined in all devices
1756:Drivers/STM32F0xx_HAL_Driver/Inc/stm32f0xx_ll_system.h ****   * @retval None
1757:Drivers/STM32F0xx_HAL_Driver/Inc/stm32f0xx_ll_system.h ****   */
1758:Drivers/STM32F0xx_HAL_Driver/Inc/stm32f0xx_ll_system.h **** __STATIC_INLINE void LL_DBGMCU_APB1_GRP2_UnFreezePeriph(uint32_t Periphs)
1759:Drivers/STM32F0xx_HAL_Driver/Inc/stm32f0xx_ll_system.h **** {
1760:Drivers/STM32F0xx_HAL_Driver/Inc/stm32f0xx_ll_system.h ****   CLEAR_BIT(DBGMCU->APB2FZ, Periphs);
1761:Drivers/STM32F0xx_HAL_Driver/Inc/stm32f0xx_ll_system.h **** }
1762:Drivers/STM32F0xx_HAL_Driver/Inc/stm32f0xx_ll_system.h **** /**
1763:Drivers/STM32F0xx_HAL_Driver/Inc/stm32f0xx_ll_system.h ****   * @}
1764:Drivers/STM32F0xx_HAL_Driver/Inc/stm32f0xx_ll_system.h ****   */
1765:Drivers/STM32F0xx_HAL_Driver/Inc/stm32f0xx_ll_system.h **** 
1766:Drivers/STM32F0xx_HAL_Driver/Inc/stm32f0xx_ll_system.h **** /** @defgroup SYSTEM_LL_EF_FLASH FLASH
1767:Drivers/STM32F0xx_HAL_Driver/Inc/stm32f0xx_ll_system.h ****   * @{
1768:Drivers/STM32F0xx_HAL_Driver/Inc/stm32f0xx_ll_system.h ****   */
1769:Drivers/STM32F0xx_HAL_Driver/Inc/stm32f0xx_ll_system.h **** 
1770:Drivers/STM32F0xx_HAL_Driver/Inc/stm32f0xx_ll_system.h **** /**
1771:Drivers/STM32F0xx_HAL_Driver/Inc/stm32f0xx_ll_system.h ****   * @brief  Set FLASH Latency
1772:Drivers/STM32F0xx_HAL_Driver/Inc/stm32f0xx_ll_system.h ****   * @rmtoll FLASH_ACR    LATENCY       LL_FLASH_SetLatency
1773:Drivers/STM32F0xx_HAL_Driver/Inc/stm32f0xx_ll_system.h ****   * @param  Latency This parameter can be one of the following values:
1774:Drivers/STM32F0xx_HAL_Driver/Inc/stm32f0xx_ll_system.h ****   *         @arg @ref LL_FLASH_LATENCY_0
1775:Drivers/STM32F0xx_HAL_Driver/Inc/stm32f0xx_ll_system.h ****   *         @arg @ref LL_FLASH_LATENCY_1
1776:Drivers/STM32F0xx_HAL_Driver/Inc/stm32f0xx_ll_system.h ****   * @retval None
1777:Drivers/STM32F0xx_HAL_Driver/Inc/stm32f0xx_ll_system.h ****   */
1778:Drivers/STM32F0xx_HAL_Driver/Inc/stm32f0xx_ll_system.h **** __STATIC_INLINE void LL_FLASH_SetLatency(uint32_t Latency)
 687              		.loc 4 1778 22 view .LVU161
 688              	.LBB33:
1779:Drivers/STM32F0xx_HAL_Driver/Inc/stm32f0xx_ll_system.h **** {
1780:Drivers/STM32F0xx_HAL_Driver/Inc/stm32f0xx_ll_system.h ****   MODIFY_REG(FLASH->ACR, FLASH_ACR_LATENCY, Latency);
 689              		.loc 4 1780 3 view .LVU162
 690 0002 1A4A     		ldr	r2, .L49
 691 0004 1368     		ldr	r3, [r2]
 692 0006 0121     		movs	r1, #1
 693 0008 8B43     		bics	r3, r1
 694 000a 1360     		str	r3, [r2]
 695              	.LVL33:
 696              		.loc 4 1780 3 is_stmt 0 view .LVU163
 697              	.LBE33:
 698              	.LBE32:
 157:Core/Src/main.c **** 
 699              		.loc 1 157 5 is_stmt 1 view .LVU164
 700              	.L42:
 157:Core/Src/main.c **** 
 701              		.loc 1 157 57 discriminator 1 view .LVU165
 157:Core/Src/main.c **** 
 702              		.loc 1 157 33 discriminator 1 view .LVU166
 703              	.LBB34:
 704              	.LBI34:
1781:Drivers/STM32F0xx_HAL_Driver/Inc/stm32f0xx_ll_system.h **** }
1782:Drivers/STM32F0xx_HAL_Driver/Inc/stm32f0xx_ll_system.h **** 
ARM GAS  C:\Users\three\AppData\Local\Temp\cc3mDhxh.s 			page 64


1783:Drivers/STM32F0xx_HAL_Driver/Inc/stm32f0xx_ll_system.h **** /**
1784:Drivers/STM32F0xx_HAL_Driver/Inc/stm32f0xx_ll_system.h ****   * @brief  Get FLASH Latency
1785:Drivers/STM32F0xx_HAL_Driver/Inc/stm32f0xx_ll_system.h ****   * @rmtoll FLASH_ACR    LATENCY       LL_FLASH_GetLatency
1786:Drivers/STM32F0xx_HAL_Driver/Inc/stm32f0xx_ll_system.h ****   * @retval Returned value can be one of the following values:
1787:Drivers/STM32F0xx_HAL_Driver/Inc/stm32f0xx_ll_system.h ****   *         @arg @ref LL_FLASH_LATENCY_0
1788:Drivers/STM32F0xx_HAL_Driver/Inc/stm32f0xx_ll_system.h ****   *         @arg @ref LL_FLASH_LATENCY_1
1789:Drivers/STM32F0xx_HAL_Driver/Inc/stm32f0xx_ll_system.h ****   */
1790:Drivers/STM32F0xx_HAL_Driver/Inc/stm32f0xx_ll_system.h **** __STATIC_INLINE uint32_t LL_FLASH_GetLatency(void)
 705              		.loc 4 1790 26 view .LVU167
 706              	.LBB35:
1791:Drivers/STM32F0xx_HAL_Driver/Inc/stm32f0xx_ll_system.h **** {
1792:Drivers/STM32F0xx_HAL_Driver/Inc/stm32f0xx_ll_system.h ****   return (uint32_t)(READ_BIT(FLASH->ACR, FLASH_ACR_LATENCY));
 707              		.loc 4 1792 3 view .LVU168
 708              		.loc 4 1792 21 is_stmt 0 view .LVU169
 709 000c 174B     		ldr	r3, .L49
 710 000e 1B68     		ldr	r3, [r3]
 711              	.LBE35:
 712              	.LBE34:
 157:Core/Src/main.c **** 
 713              		.loc 1 157 33 discriminator 1 view .LVU170
 714 0010 DB07     		lsls	r3, r3, #31
 715 0012 FBD4     		bmi	.L42
 159:Core/Src/main.c ****     while(LL_RCC_HSI_IsReady() != 1) {}
 716              		.loc 1 159 5 is_stmt 1 view .LVU171
 717              	.LBB36:
 718              	.LBI36:
 719              		.file 5 "Drivers/STM32F0xx_HAL_Driver/Inc/stm32f0xx_ll_rcc.h"
   1:Drivers/STM32F0xx_HAL_Driver/Inc/stm32f0xx_ll_rcc.h **** /**
   2:Drivers/STM32F0xx_HAL_Driver/Inc/stm32f0xx_ll_rcc.h ****   ******************************************************************************
   3:Drivers/STM32F0xx_HAL_Driver/Inc/stm32f0xx_ll_rcc.h ****   * @file    stm32f0xx_ll_rcc.h
   4:Drivers/STM32F0xx_HAL_Driver/Inc/stm32f0xx_ll_rcc.h ****   * @author  MCD Application Team
   5:Drivers/STM32F0xx_HAL_Driver/Inc/stm32f0xx_ll_rcc.h ****   * @brief   Header file of RCC LL module.
   6:Drivers/STM32F0xx_HAL_Driver/Inc/stm32f0xx_ll_rcc.h ****   ******************************************************************************
   7:Drivers/STM32F0xx_HAL_Driver/Inc/stm32f0xx_ll_rcc.h ****   * @attention
   8:Drivers/STM32F0xx_HAL_Driver/Inc/stm32f0xx_ll_rcc.h ****   *
   9:Drivers/STM32F0xx_HAL_Driver/Inc/stm32f0xx_ll_rcc.h ****   * Copyright (c) 2016 STMicroelectronics.
  10:Drivers/STM32F0xx_HAL_Driver/Inc/stm32f0xx_ll_rcc.h ****   * All rights reserved.
  11:Drivers/STM32F0xx_HAL_Driver/Inc/stm32f0xx_ll_rcc.h ****   *
  12:Drivers/STM32F0xx_HAL_Driver/Inc/stm32f0xx_ll_rcc.h ****   * This software is licensed under terms that can be found in the LICENSE file in
  13:Drivers/STM32F0xx_HAL_Driver/Inc/stm32f0xx_ll_rcc.h ****   * the root directory of this software component.
  14:Drivers/STM32F0xx_HAL_Driver/Inc/stm32f0xx_ll_rcc.h ****   * If no LICENSE file comes with this software, it is provided AS-IS.
  15:Drivers/STM32F0xx_HAL_Driver/Inc/stm32f0xx_ll_rcc.h ****   ******************************************************************************
  16:Drivers/STM32F0xx_HAL_Driver/Inc/stm32f0xx_ll_rcc.h ****   */
  17:Drivers/STM32F0xx_HAL_Driver/Inc/stm32f0xx_ll_rcc.h **** 
  18:Drivers/STM32F0xx_HAL_Driver/Inc/stm32f0xx_ll_rcc.h **** /* Define to prevent recursive inclusion -------------------------------------*/
  19:Drivers/STM32F0xx_HAL_Driver/Inc/stm32f0xx_ll_rcc.h **** #ifndef __STM32F0xx_LL_RCC_H
  20:Drivers/STM32F0xx_HAL_Driver/Inc/stm32f0xx_ll_rcc.h **** #define __STM32F0xx_LL_RCC_H
  21:Drivers/STM32F0xx_HAL_Driver/Inc/stm32f0xx_ll_rcc.h **** 
  22:Drivers/STM32F0xx_HAL_Driver/Inc/stm32f0xx_ll_rcc.h **** #ifdef __cplusplus
  23:Drivers/STM32F0xx_HAL_Driver/Inc/stm32f0xx_ll_rcc.h **** extern "C" {
  24:Drivers/STM32F0xx_HAL_Driver/Inc/stm32f0xx_ll_rcc.h **** #endif
  25:Drivers/STM32F0xx_HAL_Driver/Inc/stm32f0xx_ll_rcc.h **** 
  26:Drivers/STM32F0xx_HAL_Driver/Inc/stm32f0xx_ll_rcc.h **** /* Includes ------------------------------------------------------------------*/
  27:Drivers/STM32F0xx_HAL_Driver/Inc/stm32f0xx_ll_rcc.h **** #include "stm32f0xx.h"
  28:Drivers/STM32F0xx_HAL_Driver/Inc/stm32f0xx_ll_rcc.h **** 
  29:Drivers/STM32F0xx_HAL_Driver/Inc/stm32f0xx_ll_rcc.h **** /** @addtogroup STM32F0xx_LL_Driver
  30:Drivers/STM32F0xx_HAL_Driver/Inc/stm32f0xx_ll_rcc.h ****   * @{
ARM GAS  C:\Users\three\AppData\Local\Temp\cc3mDhxh.s 			page 65


  31:Drivers/STM32F0xx_HAL_Driver/Inc/stm32f0xx_ll_rcc.h ****   */
  32:Drivers/STM32F0xx_HAL_Driver/Inc/stm32f0xx_ll_rcc.h **** 
  33:Drivers/STM32F0xx_HAL_Driver/Inc/stm32f0xx_ll_rcc.h **** #if defined(RCC)
  34:Drivers/STM32F0xx_HAL_Driver/Inc/stm32f0xx_ll_rcc.h **** 
  35:Drivers/STM32F0xx_HAL_Driver/Inc/stm32f0xx_ll_rcc.h **** /** @defgroup RCC_LL RCC
  36:Drivers/STM32F0xx_HAL_Driver/Inc/stm32f0xx_ll_rcc.h ****   * @{
  37:Drivers/STM32F0xx_HAL_Driver/Inc/stm32f0xx_ll_rcc.h ****   */
  38:Drivers/STM32F0xx_HAL_Driver/Inc/stm32f0xx_ll_rcc.h **** 
  39:Drivers/STM32F0xx_HAL_Driver/Inc/stm32f0xx_ll_rcc.h **** /* Private types -------------------------------------------------------------*/
  40:Drivers/STM32F0xx_HAL_Driver/Inc/stm32f0xx_ll_rcc.h **** /* Private variables ---------------------------------------------------------*/
  41:Drivers/STM32F0xx_HAL_Driver/Inc/stm32f0xx_ll_rcc.h **** /* Private constants ---------------------------------------------------------*/
  42:Drivers/STM32F0xx_HAL_Driver/Inc/stm32f0xx_ll_rcc.h **** /** @defgroup RCC_LL_Private_Constants RCC Private Constants
  43:Drivers/STM32F0xx_HAL_Driver/Inc/stm32f0xx_ll_rcc.h ****   * @{
  44:Drivers/STM32F0xx_HAL_Driver/Inc/stm32f0xx_ll_rcc.h ****   */
  45:Drivers/STM32F0xx_HAL_Driver/Inc/stm32f0xx_ll_rcc.h **** /* Defines used for the bit position in the register and perform offsets*/
  46:Drivers/STM32F0xx_HAL_Driver/Inc/stm32f0xx_ll_rcc.h **** #define RCC_POSITION_HPRE       (uint32_t)4U  /*!< field position in register RCC_CFGR */
  47:Drivers/STM32F0xx_HAL_Driver/Inc/stm32f0xx_ll_rcc.h **** #define RCC_POSITION_PPRE1      (uint32_t)8U  /*!< field position in register RCC_CFGR */
  48:Drivers/STM32F0xx_HAL_Driver/Inc/stm32f0xx_ll_rcc.h **** #define RCC_POSITION_PLLMUL     (uint32_t)18U /*!< field position in register RCC_CFGR */
  49:Drivers/STM32F0xx_HAL_Driver/Inc/stm32f0xx_ll_rcc.h **** #define RCC_POSITION_HSICAL     (uint32_t)8U  /*!< field position in register RCC_CR */
  50:Drivers/STM32F0xx_HAL_Driver/Inc/stm32f0xx_ll_rcc.h **** #define RCC_POSITION_HSITRIM    (uint32_t)3U  /*!< field position in register RCC_CR */
  51:Drivers/STM32F0xx_HAL_Driver/Inc/stm32f0xx_ll_rcc.h **** #define RCC_POSITION_HSI14TRIM  (uint32_t)3U  /*!< field position in register RCC_CR2 */
  52:Drivers/STM32F0xx_HAL_Driver/Inc/stm32f0xx_ll_rcc.h **** #define RCC_POSITION_HSI14CAL   (uint32_t)8U  /*!< field position in register RCC_CR2 */
  53:Drivers/STM32F0xx_HAL_Driver/Inc/stm32f0xx_ll_rcc.h **** #if defined(RCC_HSI48_SUPPORT)
  54:Drivers/STM32F0xx_HAL_Driver/Inc/stm32f0xx_ll_rcc.h **** #define RCC_POSITION_HSI48CAL   (uint32_t)24U /*!< field position in register RCC_CR2 */
  55:Drivers/STM32F0xx_HAL_Driver/Inc/stm32f0xx_ll_rcc.h **** #endif /* RCC_HSI48_SUPPORT */
  56:Drivers/STM32F0xx_HAL_Driver/Inc/stm32f0xx_ll_rcc.h **** #define RCC_POSITION_USART1SW   (uint32_t)0U  /*!< field position in register RCC_CFGR3 */
  57:Drivers/STM32F0xx_HAL_Driver/Inc/stm32f0xx_ll_rcc.h **** #define RCC_POSITION_USART2SW   (uint32_t)16U /*!< field position in register RCC_CFGR3 */
  58:Drivers/STM32F0xx_HAL_Driver/Inc/stm32f0xx_ll_rcc.h **** #define RCC_POSITION_USART3SW   (uint32_t)18U /*!< field position in register RCC_CFGR3 */
  59:Drivers/STM32F0xx_HAL_Driver/Inc/stm32f0xx_ll_rcc.h **** 
  60:Drivers/STM32F0xx_HAL_Driver/Inc/stm32f0xx_ll_rcc.h **** /**
  61:Drivers/STM32F0xx_HAL_Driver/Inc/stm32f0xx_ll_rcc.h ****   * @}
  62:Drivers/STM32F0xx_HAL_Driver/Inc/stm32f0xx_ll_rcc.h ****   */
  63:Drivers/STM32F0xx_HAL_Driver/Inc/stm32f0xx_ll_rcc.h **** 
  64:Drivers/STM32F0xx_HAL_Driver/Inc/stm32f0xx_ll_rcc.h **** /* Private macros ------------------------------------------------------------*/
  65:Drivers/STM32F0xx_HAL_Driver/Inc/stm32f0xx_ll_rcc.h **** #if defined(USE_FULL_LL_DRIVER)
  66:Drivers/STM32F0xx_HAL_Driver/Inc/stm32f0xx_ll_rcc.h **** /** @defgroup RCC_LL_Private_Macros RCC Private Macros
  67:Drivers/STM32F0xx_HAL_Driver/Inc/stm32f0xx_ll_rcc.h ****   * @{
  68:Drivers/STM32F0xx_HAL_Driver/Inc/stm32f0xx_ll_rcc.h ****   */
  69:Drivers/STM32F0xx_HAL_Driver/Inc/stm32f0xx_ll_rcc.h **** /**
  70:Drivers/STM32F0xx_HAL_Driver/Inc/stm32f0xx_ll_rcc.h ****   * @}
  71:Drivers/STM32F0xx_HAL_Driver/Inc/stm32f0xx_ll_rcc.h ****   */
  72:Drivers/STM32F0xx_HAL_Driver/Inc/stm32f0xx_ll_rcc.h **** #endif /*USE_FULL_LL_DRIVER*/
  73:Drivers/STM32F0xx_HAL_Driver/Inc/stm32f0xx_ll_rcc.h **** /* Exported types ------------------------------------------------------------*/
  74:Drivers/STM32F0xx_HAL_Driver/Inc/stm32f0xx_ll_rcc.h **** #if defined(USE_FULL_LL_DRIVER)
  75:Drivers/STM32F0xx_HAL_Driver/Inc/stm32f0xx_ll_rcc.h **** /** @defgroup RCC_LL_Exported_Types RCC Exported Types
  76:Drivers/STM32F0xx_HAL_Driver/Inc/stm32f0xx_ll_rcc.h ****   * @{
  77:Drivers/STM32F0xx_HAL_Driver/Inc/stm32f0xx_ll_rcc.h ****   */
  78:Drivers/STM32F0xx_HAL_Driver/Inc/stm32f0xx_ll_rcc.h **** 
  79:Drivers/STM32F0xx_HAL_Driver/Inc/stm32f0xx_ll_rcc.h **** /** @defgroup LL_ES_CLOCK_FREQ Clocks Frequency Structure
  80:Drivers/STM32F0xx_HAL_Driver/Inc/stm32f0xx_ll_rcc.h ****   * @{
  81:Drivers/STM32F0xx_HAL_Driver/Inc/stm32f0xx_ll_rcc.h ****   */
  82:Drivers/STM32F0xx_HAL_Driver/Inc/stm32f0xx_ll_rcc.h **** 
  83:Drivers/STM32F0xx_HAL_Driver/Inc/stm32f0xx_ll_rcc.h **** /**
  84:Drivers/STM32F0xx_HAL_Driver/Inc/stm32f0xx_ll_rcc.h ****   * @brief  RCC Clocks Frequency Structure
  85:Drivers/STM32F0xx_HAL_Driver/Inc/stm32f0xx_ll_rcc.h ****   */
  86:Drivers/STM32F0xx_HAL_Driver/Inc/stm32f0xx_ll_rcc.h **** typedef struct
  87:Drivers/STM32F0xx_HAL_Driver/Inc/stm32f0xx_ll_rcc.h **** {
ARM GAS  C:\Users\three\AppData\Local\Temp\cc3mDhxh.s 			page 66


  88:Drivers/STM32F0xx_HAL_Driver/Inc/stm32f0xx_ll_rcc.h ****   uint32_t SYSCLK_Frequency;        /*!< SYSCLK clock frequency */
  89:Drivers/STM32F0xx_HAL_Driver/Inc/stm32f0xx_ll_rcc.h ****   uint32_t HCLK_Frequency;          /*!< HCLK clock frequency */
  90:Drivers/STM32F0xx_HAL_Driver/Inc/stm32f0xx_ll_rcc.h ****   uint32_t PCLK1_Frequency;         /*!< PCLK1 clock frequency */
  91:Drivers/STM32F0xx_HAL_Driver/Inc/stm32f0xx_ll_rcc.h **** } LL_RCC_ClocksTypeDef;
  92:Drivers/STM32F0xx_HAL_Driver/Inc/stm32f0xx_ll_rcc.h **** 
  93:Drivers/STM32F0xx_HAL_Driver/Inc/stm32f0xx_ll_rcc.h **** /**
  94:Drivers/STM32F0xx_HAL_Driver/Inc/stm32f0xx_ll_rcc.h ****   * @}
  95:Drivers/STM32F0xx_HAL_Driver/Inc/stm32f0xx_ll_rcc.h ****   */
  96:Drivers/STM32F0xx_HAL_Driver/Inc/stm32f0xx_ll_rcc.h **** 
  97:Drivers/STM32F0xx_HAL_Driver/Inc/stm32f0xx_ll_rcc.h **** /**
  98:Drivers/STM32F0xx_HAL_Driver/Inc/stm32f0xx_ll_rcc.h ****   * @}
  99:Drivers/STM32F0xx_HAL_Driver/Inc/stm32f0xx_ll_rcc.h ****   */
 100:Drivers/STM32F0xx_HAL_Driver/Inc/stm32f0xx_ll_rcc.h **** #endif /* USE_FULL_LL_DRIVER */
 101:Drivers/STM32F0xx_HAL_Driver/Inc/stm32f0xx_ll_rcc.h **** 
 102:Drivers/STM32F0xx_HAL_Driver/Inc/stm32f0xx_ll_rcc.h **** /* Exported constants --------------------------------------------------------*/
 103:Drivers/STM32F0xx_HAL_Driver/Inc/stm32f0xx_ll_rcc.h **** /** @defgroup RCC_LL_Exported_Constants RCC Exported Constants
 104:Drivers/STM32F0xx_HAL_Driver/Inc/stm32f0xx_ll_rcc.h ****   * @{
 105:Drivers/STM32F0xx_HAL_Driver/Inc/stm32f0xx_ll_rcc.h ****   */
 106:Drivers/STM32F0xx_HAL_Driver/Inc/stm32f0xx_ll_rcc.h **** 
 107:Drivers/STM32F0xx_HAL_Driver/Inc/stm32f0xx_ll_rcc.h **** /** @defgroup RCC_LL_EC_OSC_VALUES Oscillator Values adaptation
 108:Drivers/STM32F0xx_HAL_Driver/Inc/stm32f0xx_ll_rcc.h ****   * @brief    Defines used to adapt values of different oscillators
 109:Drivers/STM32F0xx_HAL_Driver/Inc/stm32f0xx_ll_rcc.h ****   * @note     These values could be modified in the user environment according to
 110:Drivers/STM32F0xx_HAL_Driver/Inc/stm32f0xx_ll_rcc.h ****   *           HW set-up.
 111:Drivers/STM32F0xx_HAL_Driver/Inc/stm32f0xx_ll_rcc.h ****   * @{
 112:Drivers/STM32F0xx_HAL_Driver/Inc/stm32f0xx_ll_rcc.h ****   */
 113:Drivers/STM32F0xx_HAL_Driver/Inc/stm32f0xx_ll_rcc.h **** #if !defined  (HSE_VALUE)
 114:Drivers/STM32F0xx_HAL_Driver/Inc/stm32f0xx_ll_rcc.h **** #define HSE_VALUE    8000000U  /*!< Value of the HSE oscillator in Hz */
 115:Drivers/STM32F0xx_HAL_Driver/Inc/stm32f0xx_ll_rcc.h **** #endif /* HSE_VALUE */
 116:Drivers/STM32F0xx_HAL_Driver/Inc/stm32f0xx_ll_rcc.h **** 
 117:Drivers/STM32F0xx_HAL_Driver/Inc/stm32f0xx_ll_rcc.h **** #if !defined  (HSI_VALUE)
 118:Drivers/STM32F0xx_HAL_Driver/Inc/stm32f0xx_ll_rcc.h **** #define HSI_VALUE    8000000U  /*!< Value of the HSI oscillator in Hz */
 119:Drivers/STM32F0xx_HAL_Driver/Inc/stm32f0xx_ll_rcc.h **** #endif /* HSI_VALUE */
 120:Drivers/STM32F0xx_HAL_Driver/Inc/stm32f0xx_ll_rcc.h **** 
 121:Drivers/STM32F0xx_HAL_Driver/Inc/stm32f0xx_ll_rcc.h **** #if !defined  (LSE_VALUE)
 122:Drivers/STM32F0xx_HAL_Driver/Inc/stm32f0xx_ll_rcc.h **** #define LSE_VALUE    32768U    /*!< Value of the LSE oscillator in Hz */
 123:Drivers/STM32F0xx_HAL_Driver/Inc/stm32f0xx_ll_rcc.h **** #endif /* LSE_VALUE */
 124:Drivers/STM32F0xx_HAL_Driver/Inc/stm32f0xx_ll_rcc.h **** 
 125:Drivers/STM32F0xx_HAL_Driver/Inc/stm32f0xx_ll_rcc.h **** #if !defined  (LSI_VALUE)
 126:Drivers/STM32F0xx_HAL_Driver/Inc/stm32f0xx_ll_rcc.h **** #define LSI_VALUE    32000U    /*!< Value of the LSI oscillator in Hz */
 127:Drivers/STM32F0xx_HAL_Driver/Inc/stm32f0xx_ll_rcc.h **** #endif /* LSI_VALUE */
 128:Drivers/STM32F0xx_HAL_Driver/Inc/stm32f0xx_ll_rcc.h **** #if defined(RCC_HSI48_SUPPORT)
 129:Drivers/STM32F0xx_HAL_Driver/Inc/stm32f0xx_ll_rcc.h **** 
 130:Drivers/STM32F0xx_HAL_Driver/Inc/stm32f0xx_ll_rcc.h **** #if !defined  (HSI48_VALUE)
 131:Drivers/STM32F0xx_HAL_Driver/Inc/stm32f0xx_ll_rcc.h **** #define HSI48_VALUE  48000000U /*!< Value of the HSI48 oscillator in Hz */
 132:Drivers/STM32F0xx_HAL_Driver/Inc/stm32f0xx_ll_rcc.h **** #endif /* HSI48_VALUE */
 133:Drivers/STM32F0xx_HAL_Driver/Inc/stm32f0xx_ll_rcc.h **** #endif /* RCC_HSI48_SUPPORT */
 134:Drivers/STM32F0xx_HAL_Driver/Inc/stm32f0xx_ll_rcc.h **** /**
 135:Drivers/STM32F0xx_HAL_Driver/Inc/stm32f0xx_ll_rcc.h ****   * @}
 136:Drivers/STM32F0xx_HAL_Driver/Inc/stm32f0xx_ll_rcc.h ****   */
 137:Drivers/STM32F0xx_HAL_Driver/Inc/stm32f0xx_ll_rcc.h **** 
 138:Drivers/STM32F0xx_HAL_Driver/Inc/stm32f0xx_ll_rcc.h **** /** @defgroup RCC_LL_EC_CLEAR_FLAG Clear Flags Defines
 139:Drivers/STM32F0xx_HAL_Driver/Inc/stm32f0xx_ll_rcc.h ****   * @brief    Flags defines which can be used with LL_RCC_WriteReg function
 140:Drivers/STM32F0xx_HAL_Driver/Inc/stm32f0xx_ll_rcc.h ****   * @{
 141:Drivers/STM32F0xx_HAL_Driver/Inc/stm32f0xx_ll_rcc.h ****   */
 142:Drivers/STM32F0xx_HAL_Driver/Inc/stm32f0xx_ll_rcc.h **** #define LL_RCC_CIR_LSIRDYC                RCC_CIR_LSIRDYC     /*!< LSI Ready Interrupt Clear */
 143:Drivers/STM32F0xx_HAL_Driver/Inc/stm32f0xx_ll_rcc.h **** #define LL_RCC_CIR_LSERDYC                RCC_CIR_LSERDYC     /*!< LSE Ready Interrupt Clear */
 144:Drivers/STM32F0xx_HAL_Driver/Inc/stm32f0xx_ll_rcc.h **** #define LL_RCC_CIR_HSIRDYC                RCC_CIR_HSIRDYC     /*!< HSI Ready Interrupt Clear */
ARM GAS  C:\Users\three\AppData\Local\Temp\cc3mDhxh.s 			page 67


 145:Drivers/STM32F0xx_HAL_Driver/Inc/stm32f0xx_ll_rcc.h **** #define LL_RCC_CIR_HSERDYC                RCC_CIR_HSERDYC     /*!< HSE Ready Interrupt Clear */
 146:Drivers/STM32F0xx_HAL_Driver/Inc/stm32f0xx_ll_rcc.h **** #define LL_RCC_CIR_PLLRDYC                RCC_CIR_PLLRDYC     /*!< PLL Ready Interrupt Clear */
 147:Drivers/STM32F0xx_HAL_Driver/Inc/stm32f0xx_ll_rcc.h **** #define LL_RCC_CIR_HSI14RDYC               RCC_CIR_HSI14RDYC  /*!< HSI14 Ready Interrupt Clear */
 148:Drivers/STM32F0xx_HAL_Driver/Inc/stm32f0xx_ll_rcc.h **** #if defined(RCC_HSI48_SUPPORT)
 149:Drivers/STM32F0xx_HAL_Driver/Inc/stm32f0xx_ll_rcc.h **** #define LL_RCC_CIR_HSI48RDYC               RCC_CIR_HSI48RDYC  /*!< HSI48 Ready Interrupt Clear */
 150:Drivers/STM32F0xx_HAL_Driver/Inc/stm32f0xx_ll_rcc.h **** #endif /* RCC_HSI48_SUPPORT */
 151:Drivers/STM32F0xx_HAL_Driver/Inc/stm32f0xx_ll_rcc.h **** #define LL_RCC_CIR_CSSC                   RCC_CIR_CSSC        /*!< Clock Security System Interrupt 
 152:Drivers/STM32F0xx_HAL_Driver/Inc/stm32f0xx_ll_rcc.h **** /**
 153:Drivers/STM32F0xx_HAL_Driver/Inc/stm32f0xx_ll_rcc.h ****   * @}
 154:Drivers/STM32F0xx_HAL_Driver/Inc/stm32f0xx_ll_rcc.h ****   */
 155:Drivers/STM32F0xx_HAL_Driver/Inc/stm32f0xx_ll_rcc.h **** 
 156:Drivers/STM32F0xx_HAL_Driver/Inc/stm32f0xx_ll_rcc.h **** /** @defgroup RCC_LL_EC_GET_FLAG Get Flags Defines
 157:Drivers/STM32F0xx_HAL_Driver/Inc/stm32f0xx_ll_rcc.h ****   * @brief    Flags defines which can be used with LL_RCC_ReadReg function
 158:Drivers/STM32F0xx_HAL_Driver/Inc/stm32f0xx_ll_rcc.h ****   * @{
 159:Drivers/STM32F0xx_HAL_Driver/Inc/stm32f0xx_ll_rcc.h ****   */
 160:Drivers/STM32F0xx_HAL_Driver/Inc/stm32f0xx_ll_rcc.h **** #define LL_RCC_CIR_LSIRDYF                RCC_CIR_LSIRDYF     /*!< LSI Ready Interrupt flag */
 161:Drivers/STM32F0xx_HAL_Driver/Inc/stm32f0xx_ll_rcc.h **** #define LL_RCC_CIR_LSERDYF                RCC_CIR_LSERDYF     /*!< LSE Ready Interrupt flag */
 162:Drivers/STM32F0xx_HAL_Driver/Inc/stm32f0xx_ll_rcc.h **** #define LL_RCC_CIR_HSIRDYF                RCC_CIR_HSIRDYF     /*!< HSI Ready Interrupt flag */
 163:Drivers/STM32F0xx_HAL_Driver/Inc/stm32f0xx_ll_rcc.h **** #define LL_RCC_CIR_HSERDYF                RCC_CIR_HSERDYF     /*!< HSE Ready Interrupt flag */
 164:Drivers/STM32F0xx_HAL_Driver/Inc/stm32f0xx_ll_rcc.h **** #define LL_RCC_CIR_PLLRDYF                RCC_CIR_PLLRDYF     /*!< PLL Ready Interrupt flag */
 165:Drivers/STM32F0xx_HAL_Driver/Inc/stm32f0xx_ll_rcc.h **** #define LL_RCC_CIR_HSI14RDYF               RCC_CIR_HSI14RDYF  /*!< HSI14 Ready Interrupt flag */
 166:Drivers/STM32F0xx_HAL_Driver/Inc/stm32f0xx_ll_rcc.h **** #if defined(RCC_HSI48_SUPPORT)
 167:Drivers/STM32F0xx_HAL_Driver/Inc/stm32f0xx_ll_rcc.h **** #define LL_RCC_CIR_HSI48RDYF               RCC_CIR_HSI48RDYF  /*!< HSI48 Ready Interrupt flag */
 168:Drivers/STM32F0xx_HAL_Driver/Inc/stm32f0xx_ll_rcc.h **** #endif /* RCC_HSI48_SUPPORT */
 169:Drivers/STM32F0xx_HAL_Driver/Inc/stm32f0xx_ll_rcc.h **** #define LL_RCC_CIR_CSSF                   RCC_CIR_CSSF       /*!< Clock Security System Interrupt f
 170:Drivers/STM32F0xx_HAL_Driver/Inc/stm32f0xx_ll_rcc.h **** #define LL_RCC_CSR_OBLRSTF                RCC_CSR_OBLRSTF         /*!< OBL reset flag */
 171:Drivers/STM32F0xx_HAL_Driver/Inc/stm32f0xx_ll_rcc.h **** #define LL_RCC_CSR_PINRSTF                RCC_CSR_PINRSTF         /*!< PIN reset flag */
 172:Drivers/STM32F0xx_HAL_Driver/Inc/stm32f0xx_ll_rcc.h **** #define LL_RCC_CSR_PORRSTF                RCC_CSR_PORRSTF         /*!< POR/PDR reset flag */
 173:Drivers/STM32F0xx_HAL_Driver/Inc/stm32f0xx_ll_rcc.h **** #define LL_RCC_CSR_SFTRSTF                RCC_CSR_SFTRSTF         /*!< Software Reset flag */
 174:Drivers/STM32F0xx_HAL_Driver/Inc/stm32f0xx_ll_rcc.h **** #define LL_RCC_CSR_IWDGRSTF               RCC_CSR_IWDGRSTF        /*!< Independent Watchdog reset f
 175:Drivers/STM32F0xx_HAL_Driver/Inc/stm32f0xx_ll_rcc.h **** #define LL_RCC_CSR_WWDGRSTF               RCC_CSR_WWDGRSTF        /*!< Window watchdog reset flag *
 176:Drivers/STM32F0xx_HAL_Driver/Inc/stm32f0xx_ll_rcc.h **** #define LL_RCC_CSR_LPWRRSTF               RCC_CSR_LPWRRSTF        /*!< Low-Power reset flag */
 177:Drivers/STM32F0xx_HAL_Driver/Inc/stm32f0xx_ll_rcc.h **** #if defined(RCC_CSR_V18PWRRSTF)
 178:Drivers/STM32F0xx_HAL_Driver/Inc/stm32f0xx_ll_rcc.h **** #define LL_RCC_CSR_V18PWRRSTF             RCC_CSR_V18PWRRSTF      /*!< Reset flag of the 1.8 V doma
 179:Drivers/STM32F0xx_HAL_Driver/Inc/stm32f0xx_ll_rcc.h **** #endif /* RCC_CSR_V18PWRRSTF */
 180:Drivers/STM32F0xx_HAL_Driver/Inc/stm32f0xx_ll_rcc.h **** /**
 181:Drivers/STM32F0xx_HAL_Driver/Inc/stm32f0xx_ll_rcc.h ****   * @}
 182:Drivers/STM32F0xx_HAL_Driver/Inc/stm32f0xx_ll_rcc.h ****   */
 183:Drivers/STM32F0xx_HAL_Driver/Inc/stm32f0xx_ll_rcc.h **** 
 184:Drivers/STM32F0xx_HAL_Driver/Inc/stm32f0xx_ll_rcc.h **** /** @defgroup RCC_LL_EC_IT IT Defines
 185:Drivers/STM32F0xx_HAL_Driver/Inc/stm32f0xx_ll_rcc.h ****   * @brief    IT defines which can be used with LL_RCC_ReadReg and  LL_RCC_WriteReg functions
 186:Drivers/STM32F0xx_HAL_Driver/Inc/stm32f0xx_ll_rcc.h ****   * @{
 187:Drivers/STM32F0xx_HAL_Driver/Inc/stm32f0xx_ll_rcc.h ****   */
 188:Drivers/STM32F0xx_HAL_Driver/Inc/stm32f0xx_ll_rcc.h **** #define LL_RCC_CIR_LSIRDYIE               RCC_CIR_LSIRDYIE      /*!< LSI Ready Interrupt Enable */
 189:Drivers/STM32F0xx_HAL_Driver/Inc/stm32f0xx_ll_rcc.h **** #define LL_RCC_CIR_LSERDYIE               RCC_CIR_LSERDYIE      /*!< LSE Ready Interrupt Enable */
 190:Drivers/STM32F0xx_HAL_Driver/Inc/stm32f0xx_ll_rcc.h **** #define LL_RCC_CIR_HSIRDYIE               RCC_CIR_HSIRDYIE      /*!< HSI Ready Interrupt Enable */
 191:Drivers/STM32F0xx_HAL_Driver/Inc/stm32f0xx_ll_rcc.h **** #define LL_RCC_CIR_HSERDYIE               RCC_CIR_HSERDYIE      /*!< HSE Ready Interrupt Enable */
 192:Drivers/STM32F0xx_HAL_Driver/Inc/stm32f0xx_ll_rcc.h **** #define LL_RCC_CIR_PLLRDYIE               RCC_CIR_PLLRDYIE      /*!< PLL Ready Interrupt Enable */
 193:Drivers/STM32F0xx_HAL_Driver/Inc/stm32f0xx_ll_rcc.h **** #define LL_RCC_CIR_HSI14RDYIE              RCC_CIR_HSI14RDYIE   /*!< HSI14 Ready Interrupt Enable *
 194:Drivers/STM32F0xx_HAL_Driver/Inc/stm32f0xx_ll_rcc.h **** #if defined(RCC_HSI48_SUPPORT)
 195:Drivers/STM32F0xx_HAL_Driver/Inc/stm32f0xx_ll_rcc.h **** #define LL_RCC_CIR_HSI48RDYIE              RCC_CIR_HSI48RDYIE   /*!< HSI48 Ready Interrupt Enable *
 196:Drivers/STM32F0xx_HAL_Driver/Inc/stm32f0xx_ll_rcc.h **** #endif /* RCC_HSI48_SUPPORT */
 197:Drivers/STM32F0xx_HAL_Driver/Inc/stm32f0xx_ll_rcc.h **** /**
 198:Drivers/STM32F0xx_HAL_Driver/Inc/stm32f0xx_ll_rcc.h ****   * @}
 199:Drivers/STM32F0xx_HAL_Driver/Inc/stm32f0xx_ll_rcc.h ****   */
 200:Drivers/STM32F0xx_HAL_Driver/Inc/stm32f0xx_ll_rcc.h **** 
 201:Drivers/STM32F0xx_HAL_Driver/Inc/stm32f0xx_ll_rcc.h **** /** @defgroup RCC_LL_EC_LSEDRIVE  LSE oscillator drive capability
ARM GAS  C:\Users\three\AppData\Local\Temp\cc3mDhxh.s 			page 68


 202:Drivers/STM32F0xx_HAL_Driver/Inc/stm32f0xx_ll_rcc.h ****   * @{
 203:Drivers/STM32F0xx_HAL_Driver/Inc/stm32f0xx_ll_rcc.h ****   */
 204:Drivers/STM32F0xx_HAL_Driver/Inc/stm32f0xx_ll_rcc.h **** #define LL_RCC_LSEDRIVE_LOW                ((uint32_t)0x00000000U) /*!< Xtal mode lower driving cap
 205:Drivers/STM32F0xx_HAL_Driver/Inc/stm32f0xx_ll_rcc.h **** #define LL_RCC_LSEDRIVE_MEDIUMLOW          RCC_BDCR_LSEDRV_1 /*!< Xtal mode medium low driving capa
 206:Drivers/STM32F0xx_HAL_Driver/Inc/stm32f0xx_ll_rcc.h **** #define LL_RCC_LSEDRIVE_MEDIUMHIGH         RCC_BDCR_LSEDRV_0 /*!< Xtal mode medium high driving cap
 207:Drivers/STM32F0xx_HAL_Driver/Inc/stm32f0xx_ll_rcc.h **** #define LL_RCC_LSEDRIVE_HIGH               RCC_BDCR_LSEDRV   /*!< Xtal mode higher driving capabili
 208:Drivers/STM32F0xx_HAL_Driver/Inc/stm32f0xx_ll_rcc.h **** /**
 209:Drivers/STM32F0xx_HAL_Driver/Inc/stm32f0xx_ll_rcc.h ****   * @}
 210:Drivers/STM32F0xx_HAL_Driver/Inc/stm32f0xx_ll_rcc.h ****   */
 211:Drivers/STM32F0xx_HAL_Driver/Inc/stm32f0xx_ll_rcc.h **** 
 212:Drivers/STM32F0xx_HAL_Driver/Inc/stm32f0xx_ll_rcc.h **** /** @defgroup RCC_LL_EC_SYS_CLKSOURCE  System clock switch
 213:Drivers/STM32F0xx_HAL_Driver/Inc/stm32f0xx_ll_rcc.h ****   * @{
 214:Drivers/STM32F0xx_HAL_Driver/Inc/stm32f0xx_ll_rcc.h ****   */
 215:Drivers/STM32F0xx_HAL_Driver/Inc/stm32f0xx_ll_rcc.h **** #define LL_RCC_SYS_CLKSOURCE_HSI           RCC_CFGR_SW_HSI    /*!< HSI selection as system clock */
 216:Drivers/STM32F0xx_HAL_Driver/Inc/stm32f0xx_ll_rcc.h **** #define LL_RCC_SYS_CLKSOURCE_HSE           RCC_CFGR_SW_HSE    /*!< HSE selection as system clock */
 217:Drivers/STM32F0xx_HAL_Driver/Inc/stm32f0xx_ll_rcc.h **** #define LL_RCC_SYS_CLKSOURCE_PLL           RCC_CFGR_SW_PLL    /*!< PLL selection as system clock */
 218:Drivers/STM32F0xx_HAL_Driver/Inc/stm32f0xx_ll_rcc.h **** #if defined(RCC_CFGR_SW_HSI48)
 219:Drivers/STM32F0xx_HAL_Driver/Inc/stm32f0xx_ll_rcc.h **** #define LL_RCC_SYS_CLKSOURCE_HSI48         RCC_CFGR_SW_HSI48  /*!< HSI48 selection as system clock 
 220:Drivers/STM32F0xx_HAL_Driver/Inc/stm32f0xx_ll_rcc.h **** #endif /* RCC_CFGR_SW_HSI48 */
 221:Drivers/STM32F0xx_HAL_Driver/Inc/stm32f0xx_ll_rcc.h **** /**
 222:Drivers/STM32F0xx_HAL_Driver/Inc/stm32f0xx_ll_rcc.h ****   * @}
 223:Drivers/STM32F0xx_HAL_Driver/Inc/stm32f0xx_ll_rcc.h ****   */
 224:Drivers/STM32F0xx_HAL_Driver/Inc/stm32f0xx_ll_rcc.h **** 
 225:Drivers/STM32F0xx_HAL_Driver/Inc/stm32f0xx_ll_rcc.h **** /** @defgroup RCC_LL_EC_SYS_CLKSOURCE_STATUS  System clock switch status
 226:Drivers/STM32F0xx_HAL_Driver/Inc/stm32f0xx_ll_rcc.h ****   * @{
 227:Drivers/STM32F0xx_HAL_Driver/Inc/stm32f0xx_ll_rcc.h ****   */
 228:Drivers/STM32F0xx_HAL_Driver/Inc/stm32f0xx_ll_rcc.h **** #define LL_RCC_SYS_CLKSOURCE_STATUS_HSI    RCC_CFGR_SWS_HSI   /*!< HSI used as system clock */
 229:Drivers/STM32F0xx_HAL_Driver/Inc/stm32f0xx_ll_rcc.h **** #define LL_RCC_SYS_CLKSOURCE_STATUS_HSE    RCC_CFGR_SWS_HSE   /*!< HSE used as system clock */
 230:Drivers/STM32F0xx_HAL_Driver/Inc/stm32f0xx_ll_rcc.h **** #define LL_RCC_SYS_CLKSOURCE_STATUS_PLL    RCC_CFGR_SWS_PLL   /*!< PLL used as system clock */
 231:Drivers/STM32F0xx_HAL_Driver/Inc/stm32f0xx_ll_rcc.h **** #if defined(RCC_CFGR_SWS_HSI48)
 232:Drivers/STM32F0xx_HAL_Driver/Inc/stm32f0xx_ll_rcc.h **** #define LL_RCC_SYS_CLKSOURCE_STATUS_HSI48  RCC_CFGR_SWS_HSI48 /*!< HSI48 used as system clock */
 233:Drivers/STM32F0xx_HAL_Driver/Inc/stm32f0xx_ll_rcc.h **** #endif /* RCC_CFGR_SWS_HSI48 */
 234:Drivers/STM32F0xx_HAL_Driver/Inc/stm32f0xx_ll_rcc.h **** /**
 235:Drivers/STM32F0xx_HAL_Driver/Inc/stm32f0xx_ll_rcc.h ****   * @}
 236:Drivers/STM32F0xx_HAL_Driver/Inc/stm32f0xx_ll_rcc.h ****   */
 237:Drivers/STM32F0xx_HAL_Driver/Inc/stm32f0xx_ll_rcc.h **** 
 238:Drivers/STM32F0xx_HAL_Driver/Inc/stm32f0xx_ll_rcc.h **** /** @defgroup RCC_LL_EC_SYSCLK_DIV  AHB prescaler
 239:Drivers/STM32F0xx_HAL_Driver/Inc/stm32f0xx_ll_rcc.h ****   * @{
 240:Drivers/STM32F0xx_HAL_Driver/Inc/stm32f0xx_ll_rcc.h ****   */
 241:Drivers/STM32F0xx_HAL_Driver/Inc/stm32f0xx_ll_rcc.h **** #define LL_RCC_SYSCLK_DIV_1                RCC_CFGR_HPRE_DIV1   /*!< SYSCLK not divided */
 242:Drivers/STM32F0xx_HAL_Driver/Inc/stm32f0xx_ll_rcc.h **** #define LL_RCC_SYSCLK_DIV_2                RCC_CFGR_HPRE_DIV2   /*!< SYSCLK divided by 2 */
 243:Drivers/STM32F0xx_HAL_Driver/Inc/stm32f0xx_ll_rcc.h **** #define LL_RCC_SYSCLK_DIV_4                RCC_CFGR_HPRE_DIV4   /*!< SYSCLK divided by 4 */
 244:Drivers/STM32F0xx_HAL_Driver/Inc/stm32f0xx_ll_rcc.h **** #define LL_RCC_SYSCLK_DIV_8                RCC_CFGR_HPRE_DIV8   /*!< SYSCLK divided by 8 */
 245:Drivers/STM32F0xx_HAL_Driver/Inc/stm32f0xx_ll_rcc.h **** #define LL_RCC_SYSCLK_DIV_16               RCC_CFGR_HPRE_DIV16  /*!< SYSCLK divided by 16 */
 246:Drivers/STM32F0xx_HAL_Driver/Inc/stm32f0xx_ll_rcc.h **** #define LL_RCC_SYSCLK_DIV_64               RCC_CFGR_HPRE_DIV64  /*!< SYSCLK divided by 64 */
 247:Drivers/STM32F0xx_HAL_Driver/Inc/stm32f0xx_ll_rcc.h **** #define LL_RCC_SYSCLK_DIV_128              RCC_CFGR_HPRE_DIV128 /*!< SYSCLK divided by 128 */
 248:Drivers/STM32F0xx_HAL_Driver/Inc/stm32f0xx_ll_rcc.h **** #define LL_RCC_SYSCLK_DIV_256              RCC_CFGR_HPRE_DIV256 /*!< SYSCLK divided by 256 */
 249:Drivers/STM32F0xx_HAL_Driver/Inc/stm32f0xx_ll_rcc.h **** #define LL_RCC_SYSCLK_DIV_512              RCC_CFGR_HPRE_DIV512 /*!< SYSCLK divided by 512 */
 250:Drivers/STM32F0xx_HAL_Driver/Inc/stm32f0xx_ll_rcc.h **** /**
 251:Drivers/STM32F0xx_HAL_Driver/Inc/stm32f0xx_ll_rcc.h ****   * @}
 252:Drivers/STM32F0xx_HAL_Driver/Inc/stm32f0xx_ll_rcc.h ****   */
 253:Drivers/STM32F0xx_HAL_Driver/Inc/stm32f0xx_ll_rcc.h **** 
 254:Drivers/STM32F0xx_HAL_Driver/Inc/stm32f0xx_ll_rcc.h **** /** @defgroup RCC_LL_EC_APB1_DIV  APB low-speed prescaler (APB1)
 255:Drivers/STM32F0xx_HAL_Driver/Inc/stm32f0xx_ll_rcc.h ****   * @{
 256:Drivers/STM32F0xx_HAL_Driver/Inc/stm32f0xx_ll_rcc.h ****   */
 257:Drivers/STM32F0xx_HAL_Driver/Inc/stm32f0xx_ll_rcc.h **** #define LL_RCC_APB1_DIV_1                  RCC_CFGR_PPRE_DIV1  /*!< HCLK not divided */
 258:Drivers/STM32F0xx_HAL_Driver/Inc/stm32f0xx_ll_rcc.h **** #define LL_RCC_APB1_DIV_2                  RCC_CFGR_PPRE_DIV2  /*!< HCLK divided by 2 */
ARM GAS  C:\Users\three\AppData\Local\Temp\cc3mDhxh.s 			page 69


 259:Drivers/STM32F0xx_HAL_Driver/Inc/stm32f0xx_ll_rcc.h **** #define LL_RCC_APB1_DIV_4                  RCC_CFGR_PPRE_DIV4  /*!< HCLK divided by 4 */
 260:Drivers/STM32F0xx_HAL_Driver/Inc/stm32f0xx_ll_rcc.h **** #define LL_RCC_APB1_DIV_8                  RCC_CFGR_PPRE_DIV8  /*!< HCLK divided by 8 */
 261:Drivers/STM32F0xx_HAL_Driver/Inc/stm32f0xx_ll_rcc.h **** #define LL_RCC_APB1_DIV_16                 RCC_CFGR_PPRE_DIV16 /*!< HCLK divided by 16 */
 262:Drivers/STM32F0xx_HAL_Driver/Inc/stm32f0xx_ll_rcc.h **** /**
 263:Drivers/STM32F0xx_HAL_Driver/Inc/stm32f0xx_ll_rcc.h ****   * @}
 264:Drivers/STM32F0xx_HAL_Driver/Inc/stm32f0xx_ll_rcc.h ****   */
 265:Drivers/STM32F0xx_HAL_Driver/Inc/stm32f0xx_ll_rcc.h **** 
 266:Drivers/STM32F0xx_HAL_Driver/Inc/stm32f0xx_ll_rcc.h **** /** @defgroup RCC_LL_EC_MCO1SOURCE  MCO1 SOURCE selection
 267:Drivers/STM32F0xx_HAL_Driver/Inc/stm32f0xx_ll_rcc.h ****   * @{
 268:Drivers/STM32F0xx_HAL_Driver/Inc/stm32f0xx_ll_rcc.h ****   */
 269:Drivers/STM32F0xx_HAL_Driver/Inc/stm32f0xx_ll_rcc.h **** #define LL_RCC_MCO1SOURCE_NOCLOCK          RCC_CFGR_MCOSEL_NOCLOCK      /*!< MCO output disabled, n
 270:Drivers/STM32F0xx_HAL_Driver/Inc/stm32f0xx_ll_rcc.h **** #define LL_RCC_MCO1SOURCE_HSI14            RCC_CFGR_MCOSEL_HSI14        /*!< HSI14 oscillator clock
 271:Drivers/STM32F0xx_HAL_Driver/Inc/stm32f0xx_ll_rcc.h **** #define LL_RCC_MCO1SOURCE_SYSCLK           RCC_CFGR_MCOSEL_SYSCLK       /*!< SYSCLK selection as MC
 272:Drivers/STM32F0xx_HAL_Driver/Inc/stm32f0xx_ll_rcc.h **** #define LL_RCC_MCO1SOURCE_HSI              RCC_CFGR_MCOSEL_HSI          /*!< HSI selection as MCO s
 273:Drivers/STM32F0xx_HAL_Driver/Inc/stm32f0xx_ll_rcc.h **** #define LL_RCC_MCO1SOURCE_HSE              RCC_CFGR_MCOSEL_HSE          /*!< HSE selection as MCO s
 274:Drivers/STM32F0xx_HAL_Driver/Inc/stm32f0xx_ll_rcc.h **** #define LL_RCC_MCO1SOURCE_LSI              RCC_CFGR_MCOSEL_LSI          /*!< LSI selection as MCO s
 275:Drivers/STM32F0xx_HAL_Driver/Inc/stm32f0xx_ll_rcc.h **** #define LL_RCC_MCO1SOURCE_LSE              RCC_CFGR_MCOSEL_LSE          /*!< LSE selection as MCO s
 276:Drivers/STM32F0xx_HAL_Driver/Inc/stm32f0xx_ll_rcc.h **** #if defined(RCC_CFGR_MCOSEL_HSI48)
 277:Drivers/STM32F0xx_HAL_Driver/Inc/stm32f0xx_ll_rcc.h **** #define LL_RCC_MCO1SOURCE_HSI48            RCC_CFGR_MCOSEL_HSI48        /*!< HSI48 selection as MCO
 278:Drivers/STM32F0xx_HAL_Driver/Inc/stm32f0xx_ll_rcc.h **** #endif /* RCC_CFGR_MCOSEL_HSI48 */
 279:Drivers/STM32F0xx_HAL_Driver/Inc/stm32f0xx_ll_rcc.h **** #define LL_RCC_MCO1SOURCE_PLLCLK_DIV_2     RCC_CFGR_MCOSEL_PLL_DIV2     /*!< PLL clock divided by 2
 280:Drivers/STM32F0xx_HAL_Driver/Inc/stm32f0xx_ll_rcc.h **** #if defined(RCC_CFGR_PLLNODIV)
 281:Drivers/STM32F0xx_HAL_Driver/Inc/stm32f0xx_ll_rcc.h **** #define LL_RCC_MCO1SOURCE_PLLCLK           (RCC_CFGR_MCOSEL_PLL_DIV2 | RCC_CFGR_PLLNODIV) /*!< PLL 
 282:Drivers/STM32F0xx_HAL_Driver/Inc/stm32f0xx_ll_rcc.h **** #endif /* RCC_CFGR_PLLNODIV */
 283:Drivers/STM32F0xx_HAL_Driver/Inc/stm32f0xx_ll_rcc.h **** /**
 284:Drivers/STM32F0xx_HAL_Driver/Inc/stm32f0xx_ll_rcc.h ****   * @}
 285:Drivers/STM32F0xx_HAL_Driver/Inc/stm32f0xx_ll_rcc.h ****   */
 286:Drivers/STM32F0xx_HAL_Driver/Inc/stm32f0xx_ll_rcc.h **** 
 287:Drivers/STM32F0xx_HAL_Driver/Inc/stm32f0xx_ll_rcc.h **** /** @defgroup RCC_LL_EC_MCO1_DIV  MCO1 prescaler
 288:Drivers/STM32F0xx_HAL_Driver/Inc/stm32f0xx_ll_rcc.h ****   * @{
 289:Drivers/STM32F0xx_HAL_Driver/Inc/stm32f0xx_ll_rcc.h ****   */
 290:Drivers/STM32F0xx_HAL_Driver/Inc/stm32f0xx_ll_rcc.h **** #define LL_RCC_MCO1_DIV_1                  ((uint32_t)0x00000000U)/*!< MCO Clock divided by 1 */
 291:Drivers/STM32F0xx_HAL_Driver/Inc/stm32f0xx_ll_rcc.h **** #if defined(RCC_CFGR_MCOPRE)
 292:Drivers/STM32F0xx_HAL_Driver/Inc/stm32f0xx_ll_rcc.h **** #define LL_RCC_MCO1_DIV_2                  RCC_CFGR_MCOPRE_DIV2   /*!< MCO Clock divided by 2 */
 293:Drivers/STM32F0xx_HAL_Driver/Inc/stm32f0xx_ll_rcc.h **** #define LL_RCC_MCO1_DIV_4                  RCC_CFGR_MCOPRE_DIV4   /*!< MCO Clock divided by 4 */
 294:Drivers/STM32F0xx_HAL_Driver/Inc/stm32f0xx_ll_rcc.h **** #define LL_RCC_MCO1_DIV_8                  RCC_CFGR_MCOPRE_DIV8   /*!< MCO Clock divided by 8 */
 295:Drivers/STM32F0xx_HAL_Driver/Inc/stm32f0xx_ll_rcc.h **** #define LL_RCC_MCO1_DIV_16                 RCC_CFGR_MCOPRE_DIV16  /*!< MCO Clock divided by 16 */
 296:Drivers/STM32F0xx_HAL_Driver/Inc/stm32f0xx_ll_rcc.h **** #define LL_RCC_MCO1_DIV_32                 RCC_CFGR_MCOPRE_DIV32  /*!< MCO Clock divided by 32 */
 297:Drivers/STM32F0xx_HAL_Driver/Inc/stm32f0xx_ll_rcc.h **** #define LL_RCC_MCO1_DIV_64                 RCC_CFGR_MCOPRE_DIV64  /*!< MCO Clock divided by 64 */
 298:Drivers/STM32F0xx_HAL_Driver/Inc/stm32f0xx_ll_rcc.h **** #define LL_RCC_MCO1_DIV_128                RCC_CFGR_MCOPRE_DIV128 /*!< MCO Clock divided by 128 */
 299:Drivers/STM32F0xx_HAL_Driver/Inc/stm32f0xx_ll_rcc.h **** #endif /* RCC_CFGR_MCOPRE */
 300:Drivers/STM32F0xx_HAL_Driver/Inc/stm32f0xx_ll_rcc.h **** /**
 301:Drivers/STM32F0xx_HAL_Driver/Inc/stm32f0xx_ll_rcc.h ****   * @}
 302:Drivers/STM32F0xx_HAL_Driver/Inc/stm32f0xx_ll_rcc.h ****   */
 303:Drivers/STM32F0xx_HAL_Driver/Inc/stm32f0xx_ll_rcc.h **** 
 304:Drivers/STM32F0xx_HAL_Driver/Inc/stm32f0xx_ll_rcc.h **** #if defined(USE_FULL_LL_DRIVER)
 305:Drivers/STM32F0xx_HAL_Driver/Inc/stm32f0xx_ll_rcc.h **** /** @defgroup RCC_LL_EC_PERIPH_FREQUENCY Peripheral clock frequency
 306:Drivers/STM32F0xx_HAL_Driver/Inc/stm32f0xx_ll_rcc.h ****   * @{
 307:Drivers/STM32F0xx_HAL_Driver/Inc/stm32f0xx_ll_rcc.h ****   */
 308:Drivers/STM32F0xx_HAL_Driver/Inc/stm32f0xx_ll_rcc.h **** #define LL_RCC_PERIPH_FREQUENCY_NO         0x00000000U      /*!< No clock enabled for the periphera
 309:Drivers/STM32F0xx_HAL_Driver/Inc/stm32f0xx_ll_rcc.h **** #define LL_RCC_PERIPH_FREQUENCY_NA         0xFFFFFFFFU      /*!< Frequency cannot be provided as ex
 310:Drivers/STM32F0xx_HAL_Driver/Inc/stm32f0xx_ll_rcc.h **** /**
 311:Drivers/STM32F0xx_HAL_Driver/Inc/stm32f0xx_ll_rcc.h ****   * @}
 312:Drivers/STM32F0xx_HAL_Driver/Inc/stm32f0xx_ll_rcc.h ****   */
 313:Drivers/STM32F0xx_HAL_Driver/Inc/stm32f0xx_ll_rcc.h **** #endif /* USE_FULL_LL_DRIVER */
 314:Drivers/STM32F0xx_HAL_Driver/Inc/stm32f0xx_ll_rcc.h **** 
 315:Drivers/STM32F0xx_HAL_Driver/Inc/stm32f0xx_ll_rcc.h **** /** @defgroup RCC_LL_EC_USART1_CLKSOURCE Peripheral USART clock source selection
ARM GAS  C:\Users\three\AppData\Local\Temp\cc3mDhxh.s 			page 70


 316:Drivers/STM32F0xx_HAL_Driver/Inc/stm32f0xx_ll_rcc.h ****   * @{
 317:Drivers/STM32F0xx_HAL_Driver/Inc/stm32f0xx_ll_rcc.h ****   */
 318:Drivers/STM32F0xx_HAL_Driver/Inc/stm32f0xx_ll_rcc.h **** #define LL_RCC_USART1_CLKSOURCE_PCLK1      (uint32_t)((RCC_POSITION_USART1SW << 24) | RCC_CFGR3_USA
 319:Drivers/STM32F0xx_HAL_Driver/Inc/stm32f0xx_ll_rcc.h **** #define LL_RCC_USART1_CLKSOURCE_SYSCLK     (uint32_t)((RCC_POSITION_USART1SW << 24) | RCC_CFGR3_USA
 320:Drivers/STM32F0xx_HAL_Driver/Inc/stm32f0xx_ll_rcc.h **** #define LL_RCC_USART1_CLKSOURCE_LSE        (uint32_t)((RCC_POSITION_USART1SW << 24) | RCC_CFGR3_USA
 321:Drivers/STM32F0xx_HAL_Driver/Inc/stm32f0xx_ll_rcc.h **** #define LL_RCC_USART1_CLKSOURCE_HSI        (uint32_t)((RCC_POSITION_USART1SW << 24) | RCC_CFGR3_USA
 322:Drivers/STM32F0xx_HAL_Driver/Inc/stm32f0xx_ll_rcc.h **** #if defined(RCC_CFGR3_USART2SW)
 323:Drivers/STM32F0xx_HAL_Driver/Inc/stm32f0xx_ll_rcc.h **** #define LL_RCC_USART2_CLKSOURCE_PCLK1      (uint32_t)((RCC_POSITION_USART2SW << 24) | RCC_CFGR3_USA
 324:Drivers/STM32F0xx_HAL_Driver/Inc/stm32f0xx_ll_rcc.h **** #define LL_RCC_USART2_CLKSOURCE_SYSCLK     (uint32_t)((RCC_POSITION_USART2SW << 24) | RCC_CFGR3_USA
 325:Drivers/STM32F0xx_HAL_Driver/Inc/stm32f0xx_ll_rcc.h **** #define LL_RCC_USART2_CLKSOURCE_LSE        (uint32_t)((RCC_POSITION_USART2SW << 24) | RCC_CFGR3_USA
 326:Drivers/STM32F0xx_HAL_Driver/Inc/stm32f0xx_ll_rcc.h **** #define LL_RCC_USART2_CLKSOURCE_HSI        (uint32_t)((RCC_POSITION_USART2SW << 24) | RCC_CFGR3_USA
 327:Drivers/STM32F0xx_HAL_Driver/Inc/stm32f0xx_ll_rcc.h **** #endif /* RCC_CFGR3_USART2SW */
 328:Drivers/STM32F0xx_HAL_Driver/Inc/stm32f0xx_ll_rcc.h **** #if defined(RCC_CFGR3_USART3SW)
 329:Drivers/STM32F0xx_HAL_Driver/Inc/stm32f0xx_ll_rcc.h **** #define LL_RCC_USART3_CLKSOURCE_PCLK1      (uint32_t)((RCC_POSITION_USART3SW << 24) | RCC_CFGR3_USA
 330:Drivers/STM32F0xx_HAL_Driver/Inc/stm32f0xx_ll_rcc.h **** #define LL_RCC_USART3_CLKSOURCE_SYSCLK     (uint32_t)((RCC_POSITION_USART3SW << 24) | RCC_CFGR3_USA
 331:Drivers/STM32F0xx_HAL_Driver/Inc/stm32f0xx_ll_rcc.h **** #define LL_RCC_USART3_CLKSOURCE_LSE        (uint32_t)((RCC_POSITION_USART3SW << 24) | RCC_CFGR3_USA
 332:Drivers/STM32F0xx_HAL_Driver/Inc/stm32f0xx_ll_rcc.h **** #define LL_RCC_USART3_CLKSOURCE_HSI        (uint32_t)((RCC_POSITION_USART3SW << 24) | RCC_CFGR3_USA
 333:Drivers/STM32F0xx_HAL_Driver/Inc/stm32f0xx_ll_rcc.h **** #endif /* RCC_CFGR3_USART3SW */
 334:Drivers/STM32F0xx_HAL_Driver/Inc/stm32f0xx_ll_rcc.h **** /**
 335:Drivers/STM32F0xx_HAL_Driver/Inc/stm32f0xx_ll_rcc.h ****   * @}
 336:Drivers/STM32F0xx_HAL_Driver/Inc/stm32f0xx_ll_rcc.h ****   */
 337:Drivers/STM32F0xx_HAL_Driver/Inc/stm32f0xx_ll_rcc.h **** 
 338:Drivers/STM32F0xx_HAL_Driver/Inc/stm32f0xx_ll_rcc.h **** /** @defgroup RCC_LL_EC_I2C1_CLKSOURCE Peripheral I2C clock source selection
 339:Drivers/STM32F0xx_HAL_Driver/Inc/stm32f0xx_ll_rcc.h ****   * @{
 340:Drivers/STM32F0xx_HAL_Driver/Inc/stm32f0xx_ll_rcc.h ****   */
 341:Drivers/STM32F0xx_HAL_Driver/Inc/stm32f0xx_ll_rcc.h **** #define LL_RCC_I2C1_CLKSOURCE_HSI          RCC_CFGR3_I2C1SW_HSI    /*!< HSI oscillator clock used a
 342:Drivers/STM32F0xx_HAL_Driver/Inc/stm32f0xx_ll_rcc.h **** #define LL_RCC_I2C1_CLKSOURCE_SYSCLK       RCC_CFGR3_I2C1SW_SYSCLK /*!< System clock selected as I2
 343:Drivers/STM32F0xx_HAL_Driver/Inc/stm32f0xx_ll_rcc.h **** /**
 344:Drivers/STM32F0xx_HAL_Driver/Inc/stm32f0xx_ll_rcc.h ****   * @}
 345:Drivers/STM32F0xx_HAL_Driver/Inc/stm32f0xx_ll_rcc.h ****   */
 346:Drivers/STM32F0xx_HAL_Driver/Inc/stm32f0xx_ll_rcc.h **** 
 347:Drivers/STM32F0xx_HAL_Driver/Inc/stm32f0xx_ll_rcc.h **** #if defined(CEC)
 348:Drivers/STM32F0xx_HAL_Driver/Inc/stm32f0xx_ll_rcc.h **** /** @defgroup RCC_LL_EC_CEC_CLKSOURCE Peripheral CEC clock source selection
 349:Drivers/STM32F0xx_HAL_Driver/Inc/stm32f0xx_ll_rcc.h ****   * @{
 350:Drivers/STM32F0xx_HAL_Driver/Inc/stm32f0xx_ll_rcc.h ****   */
 351:Drivers/STM32F0xx_HAL_Driver/Inc/stm32f0xx_ll_rcc.h **** #define LL_RCC_CEC_CLKSOURCE_HSI_DIV244    RCC_CFGR3_CECSW_HSI_DIV244 /*!< HSI clock divided by 244
 352:Drivers/STM32F0xx_HAL_Driver/Inc/stm32f0xx_ll_rcc.h **** #define LL_RCC_CEC_CLKSOURCE_LSE           RCC_CFGR3_CECSW_LSE        /*!< LSE clock selected as HD
 353:Drivers/STM32F0xx_HAL_Driver/Inc/stm32f0xx_ll_rcc.h **** /**
 354:Drivers/STM32F0xx_HAL_Driver/Inc/stm32f0xx_ll_rcc.h ****   * @}
 355:Drivers/STM32F0xx_HAL_Driver/Inc/stm32f0xx_ll_rcc.h ****   */
 356:Drivers/STM32F0xx_HAL_Driver/Inc/stm32f0xx_ll_rcc.h **** 
 357:Drivers/STM32F0xx_HAL_Driver/Inc/stm32f0xx_ll_rcc.h **** #endif /* CEC */
 358:Drivers/STM32F0xx_HAL_Driver/Inc/stm32f0xx_ll_rcc.h **** 
 359:Drivers/STM32F0xx_HAL_Driver/Inc/stm32f0xx_ll_rcc.h **** #if defined(USB)
 360:Drivers/STM32F0xx_HAL_Driver/Inc/stm32f0xx_ll_rcc.h **** /** @defgroup RCC_LL_EC_USB_CLKSOURCE Peripheral USB clock source selection
 361:Drivers/STM32F0xx_HAL_Driver/Inc/stm32f0xx_ll_rcc.h ****   * @{
 362:Drivers/STM32F0xx_HAL_Driver/Inc/stm32f0xx_ll_rcc.h ****   */
 363:Drivers/STM32F0xx_HAL_Driver/Inc/stm32f0xx_ll_rcc.h **** #if defined(RCC_CFGR3_USBSW_HSI48)
 364:Drivers/STM32F0xx_HAL_Driver/Inc/stm32f0xx_ll_rcc.h **** #define LL_RCC_USB_CLKSOURCE_HSI48         RCC_CFGR3_USBSW_HSI48   /*!< HSI48 oscillator clock used
 365:Drivers/STM32F0xx_HAL_Driver/Inc/stm32f0xx_ll_rcc.h **** #else
 366:Drivers/STM32F0xx_HAL_Driver/Inc/stm32f0xx_ll_rcc.h **** #define LL_RCC_USB_CLKSOURCE_NONE          ((uint32_t)0x00000000)  /*!< USB Clock disabled */
 367:Drivers/STM32F0xx_HAL_Driver/Inc/stm32f0xx_ll_rcc.h **** #endif /*RCC_CFGR3_USBSW_HSI48*/
 368:Drivers/STM32F0xx_HAL_Driver/Inc/stm32f0xx_ll_rcc.h **** #define LL_RCC_USB_CLKSOURCE_PLL           RCC_CFGR3_USBSW_PLLCLK  /*!< PLL selected as USB clock s
 369:Drivers/STM32F0xx_HAL_Driver/Inc/stm32f0xx_ll_rcc.h **** /**
 370:Drivers/STM32F0xx_HAL_Driver/Inc/stm32f0xx_ll_rcc.h ****   * @}
 371:Drivers/STM32F0xx_HAL_Driver/Inc/stm32f0xx_ll_rcc.h ****   */
 372:Drivers/STM32F0xx_HAL_Driver/Inc/stm32f0xx_ll_rcc.h **** 
ARM GAS  C:\Users\three\AppData\Local\Temp\cc3mDhxh.s 			page 71


 373:Drivers/STM32F0xx_HAL_Driver/Inc/stm32f0xx_ll_rcc.h **** #endif /* USB */
 374:Drivers/STM32F0xx_HAL_Driver/Inc/stm32f0xx_ll_rcc.h **** 
 375:Drivers/STM32F0xx_HAL_Driver/Inc/stm32f0xx_ll_rcc.h **** /** @defgroup RCC_LL_EC_USART1 Peripheral USART get clock source
 376:Drivers/STM32F0xx_HAL_Driver/Inc/stm32f0xx_ll_rcc.h ****   * @{
 377:Drivers/STM32F0xx_HAL_Driver/Inc/stm32f0xx_ll_rcc.h ****   */
 378:Drivers/STM32F0xx_HAL_Driver/Inc/stm32f0xx_ll_rcc.h **** #define LL_RCC_USART1_CLKSOURCE            RCC_POSITION_USART1SW /*!< USART1 Clock source selection
 379:Drivers/STM32F0xx_HAL_Driver/Inc/stm32f0xx_ll_rcc.h **** #if defined(RCC_CFGR3_USART2SW)
 380:Drivers/STM32F0xx_HAL_Driver/Inc/stm32f0xx_ll_rcc.h **** #define LL_RCC_USART2_CLKSOURCE            RCC_POSITION_USART2SW /*!< USART2 Clock source selection
 381:Drivers/STM32F0xx_HAL_Driver/Inc/stm32f0xx_ll_rcc.h **** #endif /* RCC_CFGR3_USART2SW */
 382:Drivers/STM32F0xx_HAL_Driver/Inc/stm32f0xx_ll_rcc.h **** #if defined(RCC_CFGR3_USART3SW)
 383:Drivers/STM32F0xx_HAL_Driver/Inc/stm32f0xx_ll_rcc.h **** #define LL_RCC_USART3_CLKSOURCE            RCC_POSITION_USART3SW /*!< USART3 Clock source selection
 384:Drivers/STM32F0xx_HAL_Driver/Inc/stm32f0xx_ll_rcc.h **** #endif /* RCC_CFGR3_USART3SW */
 385:Drivers/STM32F0xx_HAL_Driver/Inc/stm32f0xx_ll_rcc.h **** /**
 386:Drivers/STM32F0xx_HAL_Driver/Inc/stm32f0xx_ll_rcc.h ****   * @}
 387:Drivers/STM32F0xx_HAL_Driver/Inc/stm32f0xx_ll_rcc.h ****   */
 388:Drivers/STM32F0xx_HAL_Driver/Inc/stm32f0xx_ll_rcc.h **** 
 389:Drivers/STM32F0xx_HAL_Driver/Inc/stm32f0xx_ll_rcc.h **** /** @defgroup RCC_LL_EC_I2C1 Peripheral I2C get clock source
 390:Drivers/STM32F0xx_HAL_Driver/Inc/stm32f0xx_ll_rcc.h ****   * @{
 391:Drivers/STM32F0xx_HAL_Driver/Inc/stm32f0xx_ll_rcc.h ****   */
 392:Drivers/STM32F0xx_HAL_Driver/Inc/stm32f0xx_ll_rcc.h **** #define LL_RCC_I2C1_CLKSOURCE              RCC_CFGR3_I2C1SW     /*!< I2C1 Clock source selection */
 393:Drivers/STM32F0xx_HAL_Driver/Inc/stm32f0xx_ll_rcc.h **** /**
 394:Drivers/STM32F0xx_HAL_Driver/Inc/stm32f0xx_ll_rcc.h ****   * @}
 395:Drivers/STM32F0xx_HAL_Driver/Inc/stm32f0xx_ll_rcc.h ****   */
 396:Drivers/STM32F0xx_HAL_Driver/Inc/stm32f0xx_ll_rcc.h **** 
 397:Drivers/STM32F0xx_HAL_Driver/Inc/stm32f0xx_ll_rcc.h **** #if defined(CEC)
 398:Drivers/STM32F0xx_HAL_Driver/Inc/stm32f0xx_ll_rcc.h **** /** @defgroup RCC_LL_EC_CEC Peripheral CEC get clock source
 399:Drivers/STM32F0xx_HAL_Driver/Inc/stm32f0xx_ll_rcc.h ****   * @{
 400:Drivers/STM32F0xx_HAL_Driver/Inc/stm32f0xx_ll_rcc.h ****   */
 401:Drivers/STM32F0xx_HAL_Driver/Inc/stm32f0xx_ll_rcc.h **** #define LL_RCC_CEC_CLKSOURCE               RCC_CFGR3_CECSW            /*!< CEC Clock source selecti
 402:Drivers/STM32F0xx_HAL_Driver/Inc/stm32f0xx_ll_rcc.h **** /**
 403:Drivers/STM32F0xx_HAL_Driver/Inc/stm32f0xx_ll_rcc.h ****   * @}
 404:Drivers/STM32F0xx_HAL_Driver/Inc/stm32f0xx_ll_rcc.h ****   */
 405:Drivers/STM32F0xx_HAL_Driver/Inc/stm32f0xx_ll_rcc.h **** #endif /* CEC */
 406:Drivers/STM32F0xx_HAL_Driver/Inc/stm32f0xx_ll_rcc.h **** 
 407:Drivers/STM32F0xx_HAL_Driver/Inc/stm32f0xx_ll_rcc.h **** #if defined(USB)
 408:Drivers/STM32F0xx_HAL_Driver/Inc/stm32f0xx_ll_rcc.h **** /** @defgroup RCC_LL_EC_USB Peripheral USB get clock source
 409:Drivers/STM32F0xx_HAL_Driver/Inc/stm32f0xx_ll_rcc.h ****   * @{
 410:Drivers/STM32F0xx_HAL_Driver/Inc/stm32f0xx_ll_rcc.h ****   */
 411:Drivers/STM32F0xx_HAL_Driver/Inc/stm32f0xx_ll_rcc.h **** #define LL_RCC_USB_CLKSOURCE               RCC_CFGR3_USBSW         /*!< USB Clock source selection 
 412:Drivers/STM32F0xx_HAL_Driver/Inc/stm32f0xx_ll_rcc.h **** /**
 413:Drivers/STM32F0xx_HAL_Driver/Inc/stm32f0xx_ll_rcc.h ****   * @}
 414:Drivers/STM32F0xx_HAL_Driver/Inc/stm32f0xx_ll_rcc.h ****   */
 415:Drivers/STM32F0xx_HAL_Driver/Inc/stm32f0xx_ll_rcc.h **** #endif /* USB */
 416:Drivers/STM32F0xx_HAL_Driver/Inc/stm32f0xx_ll_rcc.h **** 
 417:Drivers/STM32F0xx_HAL_Driver/Inc/stm32f0xx_ll_rcc.h **** /** @defgroup RCC_LL_EC_RTC_CLKSOURCE  RTC clock source selection
 418:Drivers/STM32F0xx_HAL_Driver/Inc/stm32f0xx_ll_rcc.h ****   * @{
 419:Drivers/STM32F0xx_HAL_Driver/Inc/stm32f0xx_ll_rcc.h ****   */
 420:Drivers/STM32F0xx_HAL_Driver/Inc/stm32f0xx_ll_rcc.h **** #define LL_RCC_RTC_CLKSOURCE_NONE          0x00000000U                   /*!< No clock used as RTC 
 421:Drivers/STM32F0xx_HAL_Driver/Inc/stm32f0xx_ll_rcc.h **** #define LL_RCC_RTC_CLKSOURCE_LSE           RCC_BDCR_RTCSEL_0       /*!< LSE oscillator clock used a
 422:Drivers/STM32F0xx_HAL_Driver/Inc/stm32f0xx_ll_rcc.h **** #define LL_RCC_RTC_CLKSOURCE_LSI           RCC_BDCR_RTCSEL_1       /*!< LSI oscillator clock used a
 423:Drivers/STM32F0xx_HAL_Driver/Inc/stm32f0xx_ll_rcc.h **** #define LL_RCC_RTC_CLKSOURCE_HSE_DIV32     RCC_BDCR_RTCSEL         /*!< HSE oscillator clock divide
 424:Drivers/STM32F0xx_HAL_Driver/Inc/stm32f0xx_ll_rcc.h **** /**
 425:Drivers/STM32F0xx_HAL_Driver/Inc/stm32f0xx_ll_rcc.h ****   * @}
 426:Drivers/STM32F0xx_HAL_Driver/Inc/stm32f0xx_ll_rcc.h ****   */
 427:Drivers/STM32F0xx_HAL_Driver/Inc/stm32f0xx_ll_rcc.h **** 
 428:Drivers/STM32F0xx_HAL_Driver/Inc/stm32f0xx_ll_rcc.h **** /** @defgroup RCC_LL_EC_PLL_MUL PLL Multiplicator factor
 429:Drivers/STM32F0xx_HAL_Driver/Inc/stm32f0xx_ll_rcc.h ****   * @{
ARM GAS  C:\Users\three\AppData\Local\Temp\cc3mDhxh.s 			page 72


 430:Drivers/STM32F0xx_HAL_Driver/Inc/stm32f0xx_ll_rcc.h ****   */
 431:Drivers/STM32F0xx_HAL_Driver/Inc/stm32f0xx_ll_rcc.h **** #define LL_RCC_PLL_MUL_2                   RCC_CFGR_PLLMUL2  /*!< PLL input clock*2 */
 432:Drivers/STM32F0xx_HAL_Driver/Inc/stm32f0xx_ll_rcc.h **** #define LL_RCC_PLL_MUL_3                   RCC_CFGR_PLLMUL3  /*!< PLL input clock*3 */
 433:Drivers/STM32F0xx_HAL_Driver/Inc/stm32f0xx_ll_rcc.h **** #define LL_RCC_PLL_MUL_4                   RCC_CFGR_PLLMUL4  /*!< PLL input clock*4 */
 434:Drivers/STM32F0xx_HAL_Driver/Inc/stm32f0xx_ll_rcc.h **** #define LL_RCC_PLL_MUL_5                   RCC_CFGR_PLLMUL5  /*!< PLL input clock*5 */
 435:Drivers/STM32F0xx_HAL_Driver/Inc/stm32f0xx_ll_rcc.h **** #define LL_RCC_PLL_MUL_6                   RCC_CFGR_PLLMUL6  /*!< PLL input clock*6 */
 436:Drivers/STM32F0xx_HAL_Driver/Inc/stm32f0xx_ll_rcc.h **** #define LL_RCC_PLL_MUL_7                   RCC_CFGR_PLLMUL7  /*!< PLL input clock*7 */
 437:Drivers/STM32F0xx_HAL_Driver/Inc/stm32f0xx_ll_rcc.h **** #define LL_RCC_PLL_MUL_8                   RCC_CFGR_PLLMUL8  /*!< PLL input clock*8 */
 438:Drivers/STM32F0xx_HAL_Driver/Inc/stm32f0xx_ll_rcc.h **** #define LL_RCC_PLL_MUL_9                   RCC_CFGR_PLLMUL9  /*!< PLL input clock*9 */
 439:Drivers/STM32F0xx_HAL_Driver/Inc/stm32f0xx_ll_rcc.h **** #define LL_RCC_PLL_MUL_10                  RCC_CFGR_PLLMUL10  /*!< PLL input clock*10 */
 440:Drivers/STM32F0xx_HAL_Driver/Inc/stm32f0xx_ll_rcc.h **** #define LL_RCC_PLL_MUL_11                  RCC_CFGR_PLLMUL11  /*!< PLL input clock*11 */
 441:Drivers/STM32F0xx_HAL_Driver/Inc/stm32f0xx_ll_rcc.h **** #define LL_RCC_PLL_MUL_12                  RCC_CFGR_PLLMUL12  /*!< PLL input clock*12 */
 442:Drivers/STM32F0xx_HAL_Driver/Inc/stm32f0xx_ll_rcc.h **** #define LL_RCC_PLL_MUL_13                  RCC_CFGR_PLLMUL13  /*!< PLL input clock*13 */
 443:Drivers/STM32F0xx_HAL_Driver/Inc/stm32f0xx_ll_rcc.h **** #define LL_RCC_PLL_MUL_14                  RCC_CFGR_PLLMUL14  /*!< PLL input clock*14 */
 444:Drivers/STM32F0xx_HAL_Driver/Inc/stm32f0xx_ll_rcc.h **** #define LL_RCC_PLL_MUL_15                  RCC_CFGR_PLLMUL15  /*!< PLL input clock*15 */
 445:Drivers/STM32F0xx_HAL_Driver/Inc/stm32f0xx_ll_rcc.h **** #define LL_RCC_PLL_MUL_16                  RCC_CFGR_PLLMUL16  /*!< PLL input clock*16 */
 446:Drivers/STM32F0xx_HAL_Driver/Inc/stm32f0xx_ll_rcc.h **** /**
 447:Drivers/STM32F0xx_HAL_Driver/Inc/stm32f0xx_ll_rcc.h ****   * @}
 448:Drivers/STM32F0xx_HAL_Driver/Inc/stm32f0xx_ll_rcc.h ****   */
 449:Drivers/STM32F0xx_HAL_Driver/Inc/stm32f0xx_ll_rcc.h **** 
 450:Drivers/STM32F0xx_HAL_Driver/Inc/stm32f0xx_ll_rcc.h **** /** @defgroup RCC_LL_EC_PLLSOURCE PLL SOURCE
 451:Drivers/STM32F0xx_HAL_Driver/Inc/stm32f0xx_ll_rcc.h ****   * @{
 452:Drivers/STM32F0xx_HAL_Driver/Inc/stm32f0xx_ll_rcc.h ****   */
 453:Drivers/STM32F0xx_HAL_Driver/Inc/stm32f0xx_ll_rcc.h **** #define LL_RCC_PLLSOURCE_NONE              0x00000000U                                   /*!< No cl
 454:Drivers/STM32F0xx_HAL_Driver/Inc/stm32f0xx_ll_rcc.h **** #define LL_RCC_PLLSOURCE_HSE               RCC_CFGR_PLLSRC_HSE_PREDIV                    /*!< HSE/P
 455:Drivers/STM32F0xx_HAL_Driver/Inc/stm32f0xx_ll_rcc.h **** #if defined(RCC_PLLSRC_PREDIV1_SUPPORT)
 456:Drivers/STM32F0xx_HAL_Driver/Inc/stm32f0xx_ll_rcc.h **** #define LL_RCC_PLLSOURCE_HSI               RCC_CFGR_PLLSRC_HSI_PREDIV                    /*!< HSI/P
 457:Drivers/STM32F0xx_HAL_Driver/Inc/stm32f0xx_ll_rcc.h **** #if defined(RCC_CFGR_SW_HSI48)
 458:Drivers/STM32F0xx_HAL_Driver/Inc/stm32f0xx_ll_rcc.h **** #define LL_RCC_PLLSOURCE_HSI48             RCC_CFGR_PLLSRC_HSI48_PREDIV                  /*!< HSI48
 459:Drivers/STM32F0xx_HAL_Driver/Inc/stm32f0xx_ll_rcc.h **** #endif /* RCC_CFGR_SW_HSI48 */
 460:Drivers/STM32F0xx_HAL_Driver/Inc/stm32f0xx_ll_rcc.h **** #else
 461:Drivers/STM32F0xx_HAL_Driver/Inc/stm32f0xx_ll_rcc.h **** #define LL_RCC_PLLSOURCE_HSI_DIV_2         RCC_CFGR_PLLSRC_HSI_DIV2                      /*!< HSI c
 462:Drivers/STM32F0xx_HAL_Driver/Inc/stm32f0xx_ll_rcc.h **** #define LL_RCC_PLLSOURCE_HSE_DIV_1         (RCC_CFGR_PLLSRC_HSE_PREDIV | RCC_CFGR2_PREDIV_DIV1)    
 463:Drivers/STM32F0xx_HAL_Driver/Inc/stm32f0xx_ll_rcc.h **** #define LL_RCC_PLLSOURCE_HSE_DIV_2         (RCC_CFGR_PLLSRC_HSE_PREDIV | RCC_CFGR2_PREDIV_DIV2)    
 464:Drivers/STM32F0xx_HAL_Driver/Inc/stm32f0xx_ll_rcc.h **** #define LL_RCC_PLLSOURCE_HSE_DIV_3         (RCC_CFGR_PLLSRC_HSE_PREDIV | RCC_CFGR2_PREDIV_DIV3)    
 465:Drivers/STM32F0xx_HAL_Driver/Inc/stm32f0xx_ll_rcc.h **** #define LL_RCC_PLLSOURCE_HSE_DIV_4         (RCC_CFGR_PLLSRC_HSE_PREDIV | RCC_CFGR2_PREDIV_DIV4)    
 466:Drivers/STM32F0xx_HAL_Driver/Inc/stm32f0xx_ll_rcc.h **** #define LL_RCC_PLLSOURCE_HSE_DIV_5         (RCC_CFGR_PLLSRC_HSE_PREDIV | RCC_CFGR2_PREDIV_DIV5)    
 467:Drivers/STM32F0xx_HAL_Driver/Inc/stm32f0xx_ll_rcc.h **** #define LL_RCC_PLLSOURCE_HSE_DIV_6         (RCC_CFGR_PLLSRC_HSE_PREDIV | RCC_CFGR2_PREDIV_DIV6)    
 468:Drivers/STM32F0xx_HAL_Driver/Inc/stm32f0xx_ll_rcc.h **** #define LL_RCC_PLLSOURCE_HSE_DIV_7         (RCC_CFGR_PLLSRC_HSE_PREDIV | RCC_CFGR2_PREDIV_DIV7)    
 469:Drivers/STM32F0xx_HAL_Driver/Inc/stm32f0xx_ll_rcc.h **** #define LL_RCC_PLLSOURCE_HSE_DIV_8         (RCC_CFGR_PLLSRC_HSE_PREDIV | RCC_CFGR2_PREDIV_DIV8)    
 470:Drivers/STM32F0xx_HAL_Driver/Inc/stm32f0xx_ll_rcc.h **** #define LL_RCC_PLLSOURCE_HSE_DIV_9         (RCC_CFGR_PLLSRC_HSE_PREDIV | RCC_CFGR2_PREDIV_DIV9)    
 471:Drivers/STM32F0xx_HAL_Driver/Inc/stm32f0xx_ll_rcc.h **** #define LL_RCC_PLLSOURCE_HSE_DIV_10        (RCC_CFGR_PLLSRC_HSE_PREDIV | RCC_CFGR2_PREDIV_DIV10)   
 472:Drivers/STM32F0xx_HAL_Driver/Inc/stm32f0xx_ll_rcc.h **** #define LL_RCC_PLLSOURCE_HSE_DIV_11        (RCC_CFGR_PLLSRC_HSE_PREDIV | RCC_CFGR2_PREDIV_DIV11)   
 473:Drivers/STM32F0xx_HAL_Driver/Inc/stm32f0xx_ll_rcc.h **** #define LL_RCC_PLLSOURCE_HSE_DIV_12        (RCC_CFGR_PLLSRC_HSE_PREDIV | RCC_CFGR2_PREDIV_DIV12)   
 474:Drivers/STM32F0xx_HAL_Driver/Inc/stm32f0xx_ll_rcc.h **** #define LL_RCC_PLLSOURCE_HSE_DIV_13        (RCC_CFGR_PLLSRC_HSE_PREDIV | RCC_CFGR2_PREDIV_DIV13)   
 475:Drivers/STM32F0xx_HAL_Driver/Inc/stm32f0xx_ll_rcc.h **** #define LL_RCC_PLLSOURCE_HSE_DIV_14        (RCC_CFGR_PLLSRC_HSE_PREDIV | RCC_CFGR2_PREDIV_DIV14)   
 476:Drivers/STM32F0xx_HAL_Driver/Inc/stm32f0xx_ll_rcc.h **** #define LL_RCC_PLLSOURCE_HSE_DIV_15        (RCC_CFGR_PLLSRC_HSE_PREDIV | RCC_CFGR2_PREDIV_DIV15)   
 477:Drivers/STM32F0xx_HAL_Driver/Inc/stm32f0xx_ll_rcc.h **** #define LL_RCC_PLLSOURCE_HSE_DIV_16        (RCC_CFGR_PLLSRC_HSE_PREDIV | RCC_CFGR2_PREDIV_DIV16)   
 478:Drivers/STM32F0xx_HAL_Driver/Inc/stm32f0xx_ll_rcc.h **** #endif /* RCC_PLLSRC_PREDIV1_SUPPORT */
 479:Drivers/STM32F0xx_HAL_Driver/Inc/stm32f0xx_ll_rcc.h **** /**
 480:Drivers/STM32F0xx_HAL_Driver/Inc/stm32f0xx_ll_rcc.h ****   * @}
 481:Drivers/STM32F0xx_HAL_Driver/Inc/stm32f0xx_ll_rcc.h ****   */
 482:Drivers/STM32F0xx_HAL_Driver/Inc/stm32f0xx_ll_rcc.h **** 
 483:Drivers/STM32F0xx_HAL_Driver/Inc/stm32f0xx_ll_rcc.h **** /** @defgroup RCC_LL_EC_PREDIV_DIV PREDIV Division factor
 484:Drivers/STM32F0xx_HAL_Driver/Inc/stm32f0xx_ll_rcc.h ****   * @{
 485:Drivers/STM32F0xx_HAL_Driver/Inc/stm32f0xx_ll_rcc.h ****   */
 486:Drivers/STM32F0xx_HAL_Driver/Inc/stm32f0xx_ll_rcc.h **** #define LL_RCC_PREDIV_DIV_1                RCC_CFGR2_PREDIV_DIV1   /*!< PREDIV input clock not divi
ARM GAS  C:\Users\three\AppData\Local\Temp\cc3mDhxh.s 			page 73


 487:Drivers/STM32F0xx_HAL_Driver/Inc/stm32f0xx_ll_rcc.h **** #define LL_RCC_PREDIV_DIV_2                RCC_CFGR2_PREDIV_DIV2   /*!< PREDIV input clock divided 
 488:Drivers/STM32F0xx_HAL_Driver/Inc/stm32f0xx_ll_rcc.h **** #define LL_RCC_PREDIV_DIV_3                RCC_CFGR2_PREDIV_DIV3   /*!< PREDIV input clock divided 
 489:Drivers/STM32F0xx_HAL_Driver/Inc/stm32f0xx_ll_rcc.h **** #define LL_RCC_PREDIV_DIV_4                RCC_CFGR2_PREDIV_DIV4   /*!< PREDIV input clock divided 
 490:Drivers/STM32F0xx_HAL_Driver/Inc/stm32f0xx_ll_rcc.h **** #define LL_RCC_PREDIV_DIV_5                RCC_CFGR2_PREDIV_DIV5   /*!< PREDIV input clock divided 
 491:Drivers/STM32F0xx_HAL_Driver/Inc/stm32f0xx_ll_rcc.h **** #define LL_RCC_PREDIV_DIV_6                RCC_CFGR2_PREDIV_DIV6   /*!< PREDIV input clock divided 
 492:Drivers/STM32F0xx_HAL_Driver/Inc/stm32f0xx_ll_rcc.h **** #define LL_RCC_PREDIV_DIV_7                RCC_CFGR2_PREDIV_DIV7   /*!< PREDIV input clock divided 
 493:Drivers/STM32F0xx_HAL_Driver/Inc/stm32f0xx_ll_rcc.h **** #define LL_RCC_PREDIV_DIV_8                RCC_CFGR2_PREDIV_DIV8   /*!< PREDIV input clock divided 
 494:Drivers/STM32F0xx_HAL_Driver/Inc/stm32f0xx_ll_rcc.h **** #define LL_RCC_PREDIV_DIV_9                RCC_CFGR2_PREDIV_DIV9   /*!< PREDIV input clock divided 
 495:Drivers/STM32F0xx_HAL_Driver/Inc/stm32f0xx_ll_rcc.h **** #define LL_RCC_PREDIV_DIV_10               RCC_CFGR2_PREDIV_DIV10  /*!< PREDIV input clock divided 
 496:Drivers/STM32F0xx_HAL_Driver/Inc/stm32f0xx_ll_rcc.h **** #define LL_RCC_PREDIV_DIV_11               RCC_CFGR2_PREDIV_DIV11  /*!< PREDIV input clock divided 
 497:Drivers/STM32F0xx_HAL_Driver/Inc/stm32f0xx_ll_rcc.h **** #define LL_RCC_PREDIV_DIV_12               RCC_CFGR2_PREDIV_DIV12  /*!< PREDIV input clock divided 
 498:Drivers/STM32F0xx_HAL_Driver/Inc/stm32f0xx_ll_rcc.h **** #define LL_RCC_PREDIV_DIV_13               RCC_CFGR2_PREDIV_DIV13  /*!< PREDIV input clock divided 
 499:Drivers/STM32F0xx_HAL_Driver/Inc/stm32f0xx_ll_rcc.h **** #define LL_RCC_PREDIV_DIV_14               RCC_CFGR2_PREDIV_DIV14  /*!< PREDIV input clock divided 
 500:Drivers/STM32F0xx_HAL_Driver/Inc/stm32f0xx_ll_rcc.h **** #define LL_RCC_PREDIV_DIV_15               RCC_CFGR2_PREDIV_DIV15  /*!< PREDIV input clock divided 
 501:Drivers/STM32F0xx_HAL_Driver/Inc/stm32f0xx_ll_rcc.h **** #define LL_RCC_PREDIV_DIV_16               RCC_CFGR2_PREDIV_DIV16  /*!< PREDIV input clock divided 
 502:Drivers/STM32F0xx_HAL_Driver/Inc/stm32f0xx_ll_rcc.h **** /**
 503:Drivers/STM32F0xx_HAL_Driver/Inc/stm32f0xx_ll_rcc.h ****   * @}
 504:Drivers/STM32F0xx_HAL_Driver/Inc/stm32f0xx_ll_rcc.h ****   */
 505:Drivers/STM32F0xx_HAL_Driver/Inc/stm32f0xx_ll_rcc.h **** 
 506:Drivers/STM32F0xx_HAL_Driver/Inc/stm32f0xx_ll_rcc.h **** /**
 507:Drivers/STM32F0xx_HAL_Driver/Inc/stm32f0xx_ll_rcc.h ****   * @}
 508:Drivers/STM32F0xx_HAL_Driver/Inc/stm32f0xx_ll_rcc.h ****   */
 509:Drivers/STM32F0xx_HAL_Driver/Inc/stm32f0xx_ll_rcc.h **** 
 510:Drivers/STM32F0xx_HAL_Driver/Inc/stm32f0xx_ll_rcc.h **** /* Exported macro ------------------------------------------------------------*/
 511:Drivers/STM32F0xx_HAL_Driver/Inc/stm32f0xx_ll_rcc.h **** /** @defgroup RCC_LL_Exported_Macros RCC Exported Macros
 512:Drivers/STM32F0xx_HAL_Driver/Inc/stm32f0xx_ll_rcc.h ****   * @{
 513:Drivers/STM32F0xx_HAL_Driver/Inc/stm32f0xx_ll_rcc.h ****   */
 514:Drivers/STM32F0xx_HAL_Driver/Inc/stm32f0xx_ll_rcc.h **** 
 515:Drivers/STM32F0xx_HAL_Driver/Inc/stm32f0xx_ll_rcc.h **** /** @defgroup RCC_LL_EM_WRITE_READ Common Write and read registers Macros
 516:Drivers/STM32F0xx_HAL_Driver/Inc/stm32f0xx_ll_rcc.h ****   * @{
 517:Drivers/STM32F0xx_HAL_Driver/Inc/stm32f0xx_ll_rcc.h ****   */
 518:Drivers/STM32F0xx_HAL_Driver/Inc/stm32f0xx_ll_rcc.h **** 
 519:Drivers/STM32F0xx_HAL_Driver/Inc/stm32f0xx_ll_rcc.h **** /**
 520:Drivers/STM32F0xx_HAL_Driver/Inc/stm32f0xx_ll_rcc.h ****   * @brief  Write a value in RCC register
 521:Drivers/STM32F0xx_HAL_Driver/Inc/stm32f0xx_ll_rcc.h ****   * @param  __REG__ Register to be written
 522:Drivers/STM32F0xx_HAL_Driver/Inc/stm32f0xx_ll_rcc.h ****   * @param  __VALUE__ Value to be written in the register
 523:Drivers/STM32F0xx_HAL_Driver/Inc/stm32f0xx_ll_rcc.h ****   * @retval None
 524:Drivers/STM32F0xx_HAL_Driver/Inc/stm32f0xx_ll_rcc.h ****   */
 525:Drivers/STM32F0xx_HAL_Driver/Inc/stm32f0xx_ll_rcc.h **** #define LL_RCC_WriteReg(__REG__, __VALUE__) WRITE_REG(RCC->__REG__, (__VALUE__))
 526:Drivers/STM32F0xx_HAL_Driver/Inc/stm32f0xx_ll_rcc.h **** 
 527:Drivers/STM32F0xx_HAL_Driver/Inc/stm32f0xx_ll_rcc.h **** /**
 528:Drivers/STM32F0xx_HAL_Driver/Inc/stm32f0xx_ll_rcc.h ****   * @brief  Read a value in RCC register
 529:Drivers/STM32F0xx_HAL_Driver/Inc/stm32f0xx_ll_rcc.h ****   * @param  __REG__ Register to be read
 530:Drivers/STM32F0xx_HAL_Driver/Inc/stm32f0xx_ll_rcc.h ****   * @retval Register value
 531:Drivers/STM32F0xx_HAL_Driver/Inc/stm32f0xx_ll_rcc.h ****   */
 532:Drivers/STM32F0xx_HAL_Driver/Inc/stm32f0xx_ll_rcc.h **** #define LL_RCC_ReadReg(__REG__) READ_REG(RCC->__REG__)
 533:Drivers/STM32F0xx_HAL_Driver/Inc/stm32f0xx_ll_rcc.h **** /**
 534:Drivers/STM32F0xx_HAL_Driver/Inc/stm32f0xx_ll_rcc.h ****   * @}
 535:Drivers/STM32F0xx_HAL_Driver/Inc/stm32f0xx_ll_rcc.h ****   */
 536:Drivers/STM32F0xx_HAL_Driver/Inc/stm32f0xx_ll_rcc.h **** 
 537:Drivers/STM32F0xx_HAL_Driver/Inc/stm32f0xx_ll_rcc.h **** /** @defgroup RCC_LL_EM_CALC_FREQ Calculate frequencies
 538:Drivers/STM32F0xx_HAL_Driver/Inc/stm32f0xx_ll_rcc.h ****   * @{
 539:Drivers/STM32F0xx_HAL_Driver/Inc/stm32f0xx_ll_rcc.h ****   */
 540:Drivers/STM32F0xx_HAL_Driver/Inc/stm32f0xx_ll_rcc.h **** 
 541:Drivers/STM32F0xx_HAL_Driver/Inc/stm32f0xx_ll_rcc.h **** #if defined(RCC_PLLSRC_PREDIV1_SUPPORT)
 542:Drivers/STM32F0xx_HAL_Driver/Inc/stm32f0xx_ll_rcc.h **** /**
 543:Drivers/STM32F0xx_HAL_Driver/Inc/stm32f0xx_ll_rcc.h ****   * @brief  Helper macro to calculate the PLLCLK frequency
ARM GAS  C:\Users\three\AppData\Local\Temp\cc3mDhxh.s 			page 74


 544:Drivers/STM32F0xx_HAL_Driver/Inc/stm32f0xx_ll_rcc.h ****   * @note ex: @ref __LL_RCC_CALC_PLLCLK_FREQ (HSE_VALUE, @ref LL_RCC_PLL_GetMultiplicator()
 545:Drivers/STM32F0xx_HAL_Driver/Inc/stm32f0xx_ll_rcc.h ****   *             , @ref LL_RCC_PLL_GetPrediv());
 546:Drivers/STM32F0xx_HAL_Driver/Inc/stm32f0xx_ll_rcc.h ****   * @param  __INPUTFREQ__ PLL Input frequency (based on HSE/HSI/HSI48)
 547:Drivers/STM32F0xx_HAL_Driver/Inc/stm32f0xx_ll_rcc.h ****   * @param  __PLLMUL__ This parameter can be one of the following values:
 548:Drivers/STM32F0xx_HAL_Driver/Inc/stm32f0xx_ll_rcc.h ****   *         @arg @ref LL_RCC_PLL_MUL_2
 549:Drivers/STM32F0xx_HAL_Driver/Inc/stm32f0xx_ll_rcc.h ****   *         @arg @ref LL_RCC_PLL_MUL_3
 550:Drivers/STM32F0xx_HAL_Driver/Inc/stm32f0xx_ll_rcc.h ****   *         @arg @ref LL_RCC_PLL_MUL_4
 551:Drivers/STM32F0xx_HAL_Driver/Inc/stm32f0xx_ll_rcc.h ****   *         @arg @ref LL_RCC_PLL_MUL_5
 552:Drivers/STM32F0xx_HAL_Driver/Inc/stm32f0xx_ll_rcc.h ****   *         @arg @ref LL_RCC_PLL_MUL_6
 553:Drivers/STM32F0xx_HAL_Driver/Inc/stm32f0xx_ll_rcc.h ****   *         @arg @ref LL_RCC_PLL_MUL_7
 554:Drivers/STM32F0xx_HAL_Driver/Inc/stm32f0xx_ll_rcc.h ****   *         @arg @ref LL_RCC_PLL_MUL_8
 555:Drivers/STM32F0xx_HAL_Driver/Inc/stm32f0xx_ll_rcc.h ****   *         @arg @ref LL_RCC_PLL_MUL_9
 556:Drivers/STM32F0xx_HAL_Driver/Inc/stm32f0xx_ll_rcc.h ****   *         @arg @ref LL_RCC_PLL_MUL_10
 557:Drivers/STM32F0xx_HAL_Driver/Inc/stm32f0xx_ll_rcc.h ****   *         @arg @ref LL_RCC_PLL_MUL_11
 558:Drivers/STM32F0xx_HAL_Driver/Inc/stm32f0xx_ll_rcc.h ****   *         @arg @ref LL_RCC_PLL_MUL_12
 559:Drivers/STM32F0xx_HAL_Driver/Inc/stm32f0xx_ll_rcc.h ****   *         @arg @ref LL_RCC_PLL_MUL_13
 560:Drivers/STM32F0xx_HAL_Driver/Inc/stm32f0xx_ll_rcc.h ****   *         @arg @ref LL_RCC_PLL_MUL_14
 561:Drivers/STM32F0xx_HAL_Driver/Inc/stm32f0xx_ll_rcc.h ****   *         @arg @ref LL_RCC_PLL_MUL_15
 562:Drivers/STM32F0xx_HAL_Driver/Inc/stm32f0xx_ll_rcc.h ****   *         @arg @ref LL_RCC_PLL_MUL_16
 563:Drivers/STM32F0xx_HAL_Driver/Inc/stm32f0xx_ll_rcc.h ****   * @param  __PLLPREDIV__ This parameter can be one of the following values:
 564:Drivers/STM32F0xx_HAL_Driver/Inc/stm32f0xx_ll_rcc.h ****   *         @arg @ref LL_RCC_PREDIV_DIV_1
 565:Drivers/STM32F0xx_HAL_Driver/Inc/stm32f0xx_ll_rcc.h ****   *         @arg @ref LL_RCC_PREDIV_DIV_2
 566:Drivers/STM32F0xx_HAL_Driver/Inc/stm32f0xx_ll_rcc.h ****   *         @arg @ref LL_RCC_PREDIV_DIV_3
 567:Drivers/STM32F0xx_HAL_Driver/Inc/stm32f0xx_ll_rcc.h ****   *         @arg @ref LL_RCC_PREDIV_DIV_4
 568:Drivers/STM32F0xx_HAL_Driver/Inc/stm32f0xx_ll_rcc.h ****   *         @arg @ref LL_RCC_PREDIV_DIV_5
 569:Drivers/STM32F0xx_HAL_Driver/Inc/stm32f0xx_ll_rcc.h ****   *         @arg @ref LL_RCC_PREDIV_DIV_6
 570:Drivers/STM32F0xx_HAL_Driver/Inc/stm32f0xx_ll_rcc.h ****   *         @arg @ref LL_RCC_PREDIV_DIV_7
 571:Drivers/STM32F0xx_HAL_Driver/Inc/stm32f0xx_ll_rcc.h ****   *         @arg @ref LL_RCC_PREDIV_DIV_8
 572:Drivers/STM32F0xx_HAL_Driver/Inc/stm32f0xx_ll_rcc.h ****   *         @arg @ref LL_RCC_PREDIV_DIV_9
 573:Drivers/STM32F0xx_HAL_Driver/Inc/stm32f0xx_ll_rcc.h ****   *         @arg @ref LL_RCC_PREDIV_DIV_10
 574:Drivers/STM32F0xx_HAL_Driver/Inc/stm32f0xx_ll_rcc.h ****   *         @arg @ref LL_RCC_PREDIV_DIV_11
 575:Drivers/STM32F0xx_HAL_Driver/Inc/stm32f0xx_ll_rcc.h ****   *         @arg @ref LL_RCC_PREDIV_DIV_12
 576:Drivers/STM32F0xx_HAL_Driver/Inc/stm32f0xx_ll_rcc.h ****   *         @arg @ref LL_RCC_PREDIV_DIV_13
 577:Drivers/STM32F0xx_HAL_Driver/Inc/stm32f0xx_ll_rcc.h ****   *         @arg @ref LL_RCC_PREDIV_DIV_14
 578:Drivers/STM32F0xx_HAL_Driver/Inc/stm32f0xx_ll_rcc.h ****   *         @arg @ref LL_RCC_PREDIV_DIV_15
 579:Drivers/STM32F0xx_HAL_Driver/Inc/stm32f0xx_ll_rcc.h ****   *         @arg @ref LL_RCC_PREDIV_DIV_16
 580:Drivers/STM32F0xx_HAL_Driver/Inc/stm32f0xx_ll_rcc.h ****   * @retval PLL clock frequency (in Hz)
 581:Drivers/STM32F0xx_HAL_Driver/Inc/stm32f0xx_ll_rcc.h ****   */
 582:Drivers/STM32F0xx_HAL_Driver/Inc/stm32f0xx_ll_rcc.h **** #define __LL_RCC_CALC_PLLCLK_FREQ(__INPUTFREQ__, __PLLMUL__, __PLLPREDIV__) \
 583:Drivers/STM32F0xx_HAL_Driver/Inc/stm32f0xx_ll_rcc.h ****           (((__INPUTFREQ__) / ((((__PLLPREDIV__) & RCC_CFGR2_PREDIV) + 1U))) * ((((__PLLMUL__) & RC
 584:Drivers/STM32F0xx_HAL_Driver/Inc/stm32f0xx_ll_rcc.h **** 
 585:Drivers/STM32F0xx_HAL_Driver/Inc/stm32f0xx_ll_rcc.h **** #else
 586:Drivers/STM32F0xx_HAL_Driver/Inc/stm32f0xx_ll_rcc.h **** /**
 587:Drivers/STM32F0xx_HAL_Driver/Inc/stm32f0xx_ll_rcc.h ****   * @brief  Helper macro to calculate the PLLCLK frequency
 588:Drivers/STM32F0xx_HAL_Driver/Inc/stm32f0xx_ll_rcc.h ****   * @note ex: @ref __LL_RCC_CALC_PLLCLK_FREQ (HSE_VALUE / (@ref LL_RCC_PLL_GetPrediv () + 1), @ref 
 589:Drivers/STM32F0xx_HAL_Driver/Inc/stm32f0xx_ll_rcc.h ****   * @param  __INPUTFREQ__ PLL Input frequency (based on HSE div Prediv / HSI div 2)
 590:Drivers/STM32F0xx_HAL_Driver/Inc/stm32f0xx_ll_rcc.h ****   * @param  __PLLMUL__ This parameter can be one of the following values:
 591:Drivers/STM32F0xx_HAL_Driver/Inc/stm32f0xx_ll_rcc.h ****   *         @arg @ref LL_RCC_PLL_MUL_2
 592:Drivers/STM32F0xx_HAL_Driver/Inc/stm32f0xx_ll_rcc.h ****   *         @arg @ref LL_RCC_PLL_MUL_3
 593:Drivers/STM32F0xx_HAL_Driver/Inc/stm32f0xx_ll_rcc.h ****   *         @arg @ref LL_RCC_PLL_MUL_4
 594:Drivers/STM32F0xx_HAL_Driver/Inc/stm32f0xx_ll_rcc.h ****   *         @arg @ref LL_RCC_PLL_MUL_5
 595:Drivers/STM32F0xx_HAL_Driver/Inc/stm32f0xx_ll_rcc.h ****   *         @arg @ref LL_RCC_PLL_MUL_6
 596:Drivers/STM32F0xx_HAL_Driver/Inc/stm32f0xx_ll_rcc.h ****   *         @arg @ref LL_RCC_PLL_MUL_7
 597:Drivers/STM32F0xx_HAL_Driver/Inc/stm32f0xx_ll_rcc.h ****   *         @arg @ref LL_RCC_PLL_MUL_8
 598:Drivers/STM32F0xx_HAL_Driver/Inc/stm32f0xx_ll_rcc.h ****   *         @arg @ref LL_RCC_PLL_MUL_9
 599:Drivers/STM32F0xx_HAL_Driver/Inc/stm32f0xx_ll_rcc.h ****   *         @arg @ref LL_RCC_PLL_MUL_10
 600:Drivers/STM32F0xx_HAL_Driver/Inc/stm32f0xx_ll_rcc.h ****   *         @arg @ref LL_RCC_PLL_MUL_11
ARM GAS  C:\Users\three\AppData\Local\Temp\cc3mDhxh.s 			page 75


 601:Drivers/STM32F0xx_HAL_Driver/Inc/stm32f0xx_ll_rcc.h ****   *         @arg @ref LL_RCC_PLL_MUL_12
 602:Drivers/STM32F0xx_HAL_Driver/Inc/stm32f0xx_ll_rcc.h ****   *         @arg @ref LL_RCC_PLL_MUL_13
 603:Drivers/STM32F0xx_HAL_Driver/Inc/stm32f0xx_ll_rcc.h ****   *         @arg @ref LL_RCC_PLL_MUL_14
 604:Drivers/STM32F0xx_HAL_Driver/Inc/stm32f0xx_ll_rcc.h ****   *         @arg @ref LL_RCC_PLL_MUL_15
 605:Drivers/STM32F0xx_HAL_Driver/Inc/stm32f0xx_ll_rcc.h ****   *         @arg @ref LL_RCC_PLL_MUL_16
 606:Drivers/STM32F0xx_HAL_Driver/Inc/stm32f0xx_ll_rcc.h ****   * @retval PLL clock frequency (in Hz)
 607:Drivers/STM32F0xx_HAL_Driver/Inc/stm32f0xx_ll_rcc.h ****   */
 608:Drivers/STM32F0xx_HAL_Driver/Inc/stm32f0xx_ll_rcc.h **** #define __LL_RCC_CALC_PLLCLK_FREQ(__INPUTFREQ__, __PLLMUL__) \
 609:Drivers/STM32F0xx_HAL_Driver/Inc/stm32f0xx_ll_rcc.h ****           ((__INPUTFREQ__) * ((((__PLLMUL__) & RCC_CFGR_PLLMUL) >> RCC_POSITION_PLLMUL) + 2U))
 610:Drivers/STM32F0xx_HAL_Driver/Inc/stm32f0xx_ll_rcc.h **** #endif /* RCC_PLLSRC_PREDIV1_SUPPORT */
 611:Drivers/STM32F0xx_HAL_Driver/Inc/stm32f0xx_ll_rcc.h **** /**
 612:Drivers/STM32F0xx_HAL_Driver/Inc/stm32f0xx_ll_rcc.h ****   * @brief  Helper macro to calculate the HCLK frequency
 613:Drivers/STM32F0xx_HAL_Driver/Inc/stm32f0xx_ll_rcc.h ****   * @note: __AHBPRESCALER__ be retrieved by @ref LL_RCC_GetAHBPrescaler
 614:Drivers/STM32F0xx_HAL_Driver/Inc/stm32f0xx_ll_rcc.h ****   *        ex: __LL_RCC_CALC_HCLK_FREQ(LL_RCC_GetAHBPrescaler())
 615:Drivers/STM32F0xx_HAL_Driver/Inc/stm32f0xx_ll_rcc.h ****   * @param  __SYSCLKFREQ__ SYSCLK frequency (based on HSE/HSI/PLLCLK)
 616:Drivers/STM32F0xx_HAL_Driver/Inc/stm32f0xx_ll_rcc.h ****   * @param  __AHBPRESCALER__ This parameter can be one of the following values:
 617:Drivers/STM32F0xx_HAL_Driver/Inc/stm32f0xx_ll_rcc.h ****   *         @arg @ref LL_RCC_SYSCLK_DIV_1
 618:Drivers/STM32F0xx_HAL_Driver/Inc/stm32f0xx_ll_rcc.h ****   *         @arg @ref LL_RCC_SYSCLK_DIV_2
 619:Drivers/STM32F0xx_HAL_Driver/Inc/stm32f0xx_ll_rcc.h ****   *         @arg @ref LL_RCC_SYSCLK_DIV_4
 620:Drivers/STM32F0xx_HAL_Driver/Inc/stm32f0xx_ll_rcc.h ****   *         @arg @ref LL_RCC_SYSCLK_DIV_8
 621:Drivers/STM32F0xx_HAL_Driver/Inc/stm32f0xx_ll_rcc.h ****   *         @arg @ref LL_RCC_SYSCLK_DIV_16
 622:Drivers/STM32F0xx_HAL_Driver/Inc/stm32f0xx_ll_rcc.h ****   *         @arg @ref LL_RCC_SYSCLK_DIV_64
 623:Drivers/STM32F0xx_HAL_Driver/Inc/stm32f0xx_ll_rcc.h ****   *         @arg @ref LL_RCC_SYSCLK_DIV_128
 624:Drivers/STM32F0xx_HAL_Driver/Inc/stm32f0xx_ll_rcc.h ****   *         @arg @ref LL_RCC_SYSCLK_DIV_256
 625:Drivers/STM32F0xx_HAL_Driver/Inc/stm32f0xx_ll_rcc.h ****   *         @arg @ref LL_RCC_SYSCLK_DIV_512
 626:Drivers/STM32F0xx_HAL_Driver/Inc/stm32f0xx_ll_rcc.h ****   * @retval HCLK clock frequency (in Hz)
 627:Drivers/STM32F0xx_HAL_Driver/Inc/stm32f0xx_ll_rcc.h ****   */
 628:Drivers/STM32F0xx_HAL_Driver/Inc/stm32f0xx_ll_rcc.h **** #define __LL_RCC_CALC_HCLK_FREQ(__SYSCLKFREQ__, __AHBPRESCALER__) ((__SYSCLKFREQ__) >> AHBPrescTabl
 629:Drivers/STM32F0xx_HAL_Driver/Inc/stm32f0xx_ll_rcc.h **** 
 630:Drivers/STM32F0xx_HAL_Driver/Inc/stm32f0xx_ll_rcc.h **** /**
 631:Drivers/STM32F0xx_HAL_Driver/Inc/stm32f0xx_ll_rcc.h ****   * @brief  Helper macro to calculate the PCLK1 frequency (ABP1)
 632:Drivers/STM32F0xx_HAL_Driver/Inc/stm32f0xx_ll_rcc.h ****   * @note: __APB1PRESCALER__ be retrieved by @ref LL_RCC_GetAPB1Prescaler
 633:Drivers/STM32F0xx_HAL_Driver/Inc/stm32f0xx_ll_rcc.h ****   *        ex: __LL_RCC_CALC_PCLK1_FREQ(LL_RCC_GetAPB1Prescaler())
 634:Drivers/STM32F0xx_HAL_Driver/Inc/stm32f0xx_ll_rcc.h ****   * @param  __HCLKFREQ__ HCLK frequency
 635:Drivers/STM32F0xx_HAL_Driver/Inc/stm32f0xx_ll_rcc.h ****   * @param  __APB1PRESCALER__ This parameter can be one of the following values:
 636:Drivers/STM32F0xx_HAL_Driver/Inc/stm32f0xx_ll_rcc.h ****   *         @arg @ref LL_RCC_APB1_DIV_1
 637:Drivers/STM32F0xx_HAL_Driver/Inc/stm32f0xx_ll_rcc.h ****   *         @arg @ref LL_RCC_APB1_DIV_2
 638:Drivers/STM32F0xx_HAL_Driver/Inc/stm32f0xx_ll_rcc.h ****   *         @arg @ref LL_RCC_APB1_DIV_4
 639:Drivers/STM32F0xx_HAL_Driver/Inc/stm32f0xx_ll_rcc.h ****   *         @arg @ref LL_RCC_APB1_DIV_8
 640:Drivers/STM32F0xx_HAL_Driver/Inc/stm32f0xx_ll_rcc.h ****   *         @arg @ref LL_RCC_APB1_DIV_16
 641:Drivers/STM32F0xx_HAL_Driver/Inc/stm32f0xx_ll_rcc.h ****   * @retval PCLK1 clock frequency (in Hz)
 642:Drivers/STM32F0xx_HAL_Driver/Inc/stm32f0xx_ll_rcc.h ****   */
 643:Drivers/STM32F0xx_HAL_Driver/Inc/stm32f0xx_ll_rcc.h **** #define __LL_RCC_CALC_PCLK1_FREQ(__HCLKFREQ__, __APB1PRESCALER__) ((__HCLKFREQ__) >> APBPrescTable[
 644:Drivers/STM32F0xx_HAL_Driver/Inc/stm32f0xx_ll_rcc.h **** 
 645:Drivers/STM32F0xx_HAL_Driver/Inc/stm32f0xx_ll_rcc.h **** /**
 646:Drivers/STM32F0xx_HAL_Driver/Inc/stm32f0xx_ll_rcc.h ****   * @}
 647:Drivers/STM32F0xx_HAL_Driver/Inc/stm32f0xx_ll_rcc.h ****   */
 648:Drivers/STM32F0xx_HAL_Driver/Inc/stm32f0xx_ll_rcc.h **** 
 649:Drivers/STM32F0xx_HAL_Driver/Inc/stm32f0xx_ll_rcc.h **** /**
 650:Drivers/STM32F0xx_HAL_Driver/Inc/stm32f0xx_ll_rcc.h ****   * @}
 651:Drivers/STM32F0xx_HAL_Driver/Inc/stm32f0xx_ll_rcc.h ****   */
 652:Drivers/STM32F0xx_HAL_Driver/Inc/stm32f0xx_ll_rcc.h **** 
 653:Drivers/STM32F0xx_HAL_Driver/Inc/stm32f0xx_ll_rcc.h **** /* Exported functions --------------------------------------------------------*/
 654:Drivers/STM32F0xx_HAL_Driver/Inc/stm32f0xx_ll_rcc.h **** /** @defgroup RCC_LL_Exported_Functions RCC Exported Functions
 655:Drivers/STM32F0xx_HAL_Driver/Inc/stm32f0xx_ll_rcc.h ****   * @{
 656:Drivers/STM32F0xx_HAL_Driver/Inc/stm32f0xx_ll_rcc.h ****   */
 657:Drivers/STM32F0xx_HAL_Driver/Inc/stm32f0xx_ll_rcc.h **** 
ARM GAS  C:\Users\three\AppData\Local\Temp\cc3mDhxh.s 			page 76


 658:Drivers/STM32F0xx_HAL_Driver/Inc/stm32f0xx_ll_rcc.h **** /** @defgroup RCC_LL_EF_HSE HSE
 659:Drivers/STM32F0xx_HAL_Driver/Inc/stm32f0xx_ll_rcc.h ****   * @{
 660:Drivers/STM32F0xx_HAL_Driver/Inc/stm32f0xx_ll_rcc.h ****   */
 661:Drivers/STM32F0xx_HAL_Driver/Inc/stm32f0xx_ll_rcc.h **** 
 662:Drivers/STM32F0xx_HAL_Driver/Inc/stm32f0xx_ll_rcc.h **** /**
 663:Drivers/STM32F0xx_HAL_Driver/Inc/stm32f0xx_ll_rcc.h ****   * @brief  Enable the Clock Security System.
 664:Drivers/STM32F0xx_HAL_Driver/Inc/stm32f0xx_ll_rcc.h ****   * @rmtoll CR           CSSON         LL_RCC_HSE_EnableCSS
 665:Drivers/STM32F0xx_HAL_Driver/Inc/stm32f0xx_ll_rcc.h ****   * @retval None
 666:Drivers/STM32F0xx_HAL_Driver/Inc/stm32f0xx_ll_rcc.h ****   */
 667:Drivers/STM32F0xx_HAL_Driver/Inc/stm32f0xx_ll_rcc.h **** __STATIC_INLINE void LL_RCC_HSE_EnableCSS(void)
 668:Drivers/STM32F0xx_HAL_Driver/Inc/stm32f0xx_ll_rcc.h **** {
 669:Drivers/STM32F0xx_HAL_Driver/Inc/stm32f0xx_ll_rcc.h ****   SET_BIT(RCC->CR, RCC_CR_CSSON);
 670:Drivers/STM32F0xx_HAL_Driver/Inc/stm32f0xx_ll_rcc.h **** }
 671:Drivers/STM32F0xx_HAL_Driver/Inc/stm32f0xx_ll_rcc.h **** 
 672:Drivers/STM32F0xx_HAL_Driver/Inc/stm32f0xx_ll_rcc.h **** /**
 673:Drivers/STM32F0xx_HAL_Driver/Inc/stm32f0xx_ll_rcc.h ****   * @brief  Disable the Clock Security System.
 674:Drivers/STM32F0xx_HAL_Driver/Inc/stm32f0xx_ll_rcc.h ****   * @note Cannot be disabled in HSE is ready (only by hardware)
 675:Drivers/STM32F0xx_HAL_Driver/Inc/stm32f0xx_ll_rcc.h ****   * @rmtoll CR           CSSON         LL_RCC_HSE_DisableCSS
 676:Drivers/STM32F0xx_HAL_Driver/Inc/stm32f0xx_ll_rcc.h ****   * @retval None
 677:Drivers/STM32F0xx_HAL_Driver/Inc/stm32f0xx_ll_rcc.h ****   */
 678:Drivers/STM32F0xx_HAL_Driver/Inc/stm32f0xx_ll_rcc.h **** __STATIC_INLINE void LL_RCC_HSE_DisableCSS(void)
 679:Drivers/STM32F0xx_HAL_Driver/Inc/stm32f0xx_ll_rcc.h **** {
 680:Drivers/STM32F0xx_HAL_Driver/Inc/stm32f0xx_ll_rcc.h ****   CLEAR_BIT(RCC->CR, RCC_CR_CSSON);
 681:Drivers/STM32F0xx_HAL_Driver/Inc/stm32f0xx_ll_rcc.h **** }
 682:Drivers/STM32F0xx_HAL_Driver/Inc/stm32f0xx_ll_rcc.h **** 
 683:Drivers/STM32F0xx_HAL_Driver/Inc/stm32f0xx_ll_rcc.h **** /**
 684:Drivers/STM32F0xx_HAL_Driver/Inc/stm32f0xx_ll_rcc.h ****   * @brief  Enable HSE external oscillator (HSE Bypass)
 685:Drivers/STM32F0xx_HAL_Driver/Inc/stm32f0xx_ll_rcc.h ****   * @rmtoll CR           HSEBYP        LL_RCC_HSE_EnableBypass
 686:Drivers/STM32F0xx_HAL_Driver/Inc/stm32f0xx_ll_rcc.h ****   * @retval None
 687:Drivers/STM32F0xx_HAL_Driver/Inc/stm32f0xx_ll_rcc.h ****   */
 688:Drivers/STM32F0xx_HAL_Driver/Inc/stm32f0xx_ll_rcc.h **** __STATIC_INLINE void LL_RCC_HSE_EnableBypass(void)
 689:Drivers/STM32F0xx_HAL_Driver/Inc/stm32f0xx_ll_rcc.h **** {
 690:Drivers/STM32F0xx_HAL_Driver/Inc/stm32f0xx_ll_rcc.h ****   SET_BIT(RCC->CR, RCC_CR_HSEBYP);
 691:Drivers/STM32F0xx_HAL_Driver/Inc/stm32f0xx_ll_rcc.h **** }
 692:Drivers/STM32F0xx_HAL_Driver/Inc/stm32f0xx_ll_rcc.h **** 
 693:Drivers/STM32F0xx_HAL_Driver/Inc/stm32f0xx_ll_rcc.h **** /**
 694:Drivers/STM32F0xx_HAL_Driver/Inc/stm32f0xx_ll_rcc.h ****   * @brief  Disable HSE external oscillator (HSE Bypass)
 695:Drivers/STM32F0xx_HAL_Driver/Inc/stm32f0xx_ll_rcc.h ****   * @rmtoll CR           HSEBYP        LL_RCC_HSE_DisableBypass
 696:Drivers/STM32F0xx_HAL_Driver/Inc/stm32f0xx_ll_rcc.h ****   * @retval None
 697:Drivers/STM32F0xx_HAL_Driver/Inc/stm32f0xx_ll_rcc.h ****   */
 698:Drivers/STM32F0xx_HAL_Driver/Inc/stm32f0xx_ll_rcc.h **** __STATIC_INLINE void LL_RCC_HSE_DisableBypass(void)
 699:Drivers/STM32F0xx_HAL_Driver/Inc/stm32f0xx_ll_rcc.h **** {
 700:Drivers/STM32F0xx_HAL_Driver/Inc/stm32f0xx_ll_rcc.h ****   CLEAR_BIT(RCC->CR, RCC_CR_HSEBYP);
 701:Drivers/STM32F0xx_HAL_Driver/Inc/stm32f0xx_ll_rcc.h **** }
 702:Drivers/STM32F0xx_HAL_Driver/Inc/stm32f0xx_ll_rcc.h **** 
 703:Drivers/STM32F0xx_HAL_Driver/Inc/stm32f0xx_ll_rcc.h **** /**
 704:Drivers/STM32F0xx_HAL_Driver/Inc/stm32f0xx_ll_rcc.h ****   * @brief  Enable HSE crystal oscillator (HSE ON)
 705:Drivers/STM32F0xx_HAL_Driver/Inc/stm32f0xx_ll_rcc.h ****   * @rmtoll CR           HSEON         LL_RCC_HSE_Enable
 706:Drivers/STM32F0xx_HAL_Driver/Inc/stm32f0xx_ll_rcc.h ****   * @retval None
 707:Drivers/STM32F0xx_HAL_Driver/Inc/stm32f0xx_ll_rcc.h ****   */
 708:Drivers/STM32F0xx_HAL_Driver/Inc/stm32f0xx_ll_rcc.h **** __STATIC_INLINE void LL_RCC_HSE_Enable(void)
 709:Drivers/STM32F0xx_HAL_Driver/Inc/stm32f0xx_ll_rcc.h **** {
 710:Drivers/STM32F0xx_HAL_Driver/Inc/stm32f0xx_ll_rcc.h ****   SET_BIT(RCC->CR, RCC_CR_HSEON);
 711:Drivers/STM32F0xx_HAL_Driver/Inc/stm32f0xx_ll_rcc.h **** }
 712:Drivers/STM32F0xx_HAL_Driver/Inc/stm32f0xx_ll_rcc.h **** 
 713:Drivers/STM32F0xx_HAL_Driver/Inc/stm32f0xx_ll_rcc.h **** /**
 714:Drivers/STM32F0xx_HAL_Driver/Inc/stm32f0xx_ll_rcc.h ****   * @brief  Disable HSE crystal oscillator (HSE ON)
ARM GAS  C:\Users\three\AppData\Local\Temp\cc3mDhxh.s 			page 77


 715:Drivers/STM32F0xx_HAL_Driver/Inc/stm32f0xx_ll_rcc.h ****   * @rmtoll CR           HSEON         LL_RCC_HSE_Disable
 716:Drivers/STM32F0xx_HAL_Driver/Inc/stm32f0xx_ll_rcc.h ****   * @retval None
 717:Drivers/STM32F0xx_HAL_Driver/Inc/stm32f0xx_ll_rcc.h ****   */
 718:Drivers/STM32F0xx_HAL_Driver/Inc/stm32f0xx_ll_rcc.h **** __STATIC_INLINE void LL_RCC_HSE_Disable(void)
 719:Drivers/STM32F0xx_HAL_Driver/Inc/stm32f0xx_ll_rcc.h **** {
 720:Drivers/STM32F0xx_HAL_Driver/Inc/stm32f0xx_ll_rcc.h ****   CLEAR_BIT(RCC->CR, RCC_CR_HSEON);
 721:Drivers/STM32F0xx_HAL_Driver/Inc/stm32f0xx_ll_rcc.h **** }
 722:Drivers/STM32F0xx_HAL_Driver/Inc/stm32f0xx_ll_rcc.h **** 
 723:Drivers/STM32F0xx_HAL_Driver/Inc/stm32f0xx_ll_rcc.h **** /**
 724:Drivers/STM32F0xx_HAL_Driver/Inc/stm32f0xx_ll_rcc.h ****   * @brief  Check if HSE oscillator Ready
 725:Drivers/STM32F0xx_HAL_Driver/Inc/stm32f0xx_ll_rcc.h ****   * @rmtoll CR           HSERDY        LL_RCC_HSE_IsReady
 726:Drivers/STM32F0xx_HAL_Driver/Inc/stm32f0xx_ll_rcc.h ****   * @retval State of bit (1 or 0).
 727:Drivers/STM32F0xx_HAL_Driver/Inc/stm32f0xx_ll_rcc.h ****   */
 728:Drivers/STM32F0xx_HAL_Driver/Inc/stm32f0xx_ll_rcc.h **** __STATIC_INLINE uint32_t LL_RCC_HSE_IsReady(void)
 729:Drivers/STM32F0xx_HAL_Driver/Inc/stm32f0xx_ll_rcc.h **** {
 730:Drivers/STM32F0xx_HAL_Driver/Inc/stm32f0xx_ll_rcc.h ****   return (READ_BIT(RCC->CR, RCC_CR_HSERDY) == (RCC_CR_HSERDY));
 731:Drivers/STM32F0xx_HAL_Driver/Inc/stm32f0xx_ll_rcc.h **** }
 732:Drivers/STM32F0xx_HAL_Driver/Inc/stm32f0xx_ll_rcc.h **** 
 733:Drivers/STM32F0xx_HAL_Driver/Inc/stm32f0xx_ll_rcc.h **** /**
 734:Drivers/STM32F0xx_HAL_Driver/Inc/stm32f0xx_ll_rcc.h ****   * @}
 735:Drivers/STM32F0xx_HAL_Driver/Inc/stm32f0xx_ll_rcc.h ****   */
 736:Drivers/STM32F0xx_HAL_Driver/Inc/stm32f0xx_ll_rcc.h **** 
 737:Drivers/STM32F0xx_HAL_Driver/Inc/stm32f0xx_ll_rcc.h **** /** @defgroup RCC_LL_EF_HSI HSI
 738:Drivers/STM32F0xx_HAL_Driver/Inc/stm32f0xx_ll_rcc.h ****   * @{
 739:Drivers/STM32F0xx_HAL_Driver/Inc/stm32f0xx_ll_rcc.h ****   */
 740:Drivers/STM32F0xx_HAL_Driver/Inc/stm32f0xx_ll_rcc.h **** 
 741:Drivers/STM32F0xx_HAL_Driver/Inc/stm32f0xx_ll_rcc.h **** /**
 742:Drivers/STM32F0xx_HAL_Driver/Inc/stm32f0xx_ll_rcc.h ****   * @brief  Enable HSI oscillator
 743:Drivers/STM32F0xx_HAL_Driver/Inc/stm32f0xx_ll_rcc.h ****   * @rmtoll CR           HSION         LL_RCC_HSI_Enable
 744:Drivers/STM32F0xx_HAL_Driver/Inc/stm32f0xx_ll_rcc.h ****   * @retval None
 745:Drivers/STM32F0xx_HAL_Driver/Inc/stm32f0xx_ll_rcc.h ****   */
 746:Drivers/STM32F0xx_HAL_Driver/Inc/stm32f0xx_ll_rcc.h **** __STATIC_INLINE void LL_RCC_HSI_Enable(void)
 720              		.loc 5 746 22 view .LVU172
 721              	.LBB37:
 747:Drivers/STM32F0xx_HAL_Driver/Inc/stm32f0xx_ll_rcc.h **** {
 748:Drivers/STM32F0xx_HAL_Driver/Inc/stm32f0xx_ll_rcc.h ****   SET_BIT(RCC->CR, RCC_CR_HSION);
 722              		.loc 5 748 3 view .LVU173
 723 0014 164A     		ldr	r2, .L49+4
 724 0016 1368     		ldr	r3, [r2]
 725 0018 0121     		movs	r1, #1
 726 001a 0B43     		orrs	r3, r1
 727 001c 1360     		str	r3, [r2]
 728              	.LBE37:
 729              	.LBE36:
 160:Core/Src/main.c **** 
 730              		.loc 1 160 5 view .LVU174
 731              	.L43:
 160:Core/Src/main.c **** 
 732              		.loc 1 160 39 discriminator 1 view .LVU175
 160:Core/Src/main.c **** 
 733              		.loc 1 160 32 discriminator 1 view .LVU176
 734              	.LBB38:
 735              	.LBI38:
 749:Drivers/STM32F0xx_HAL_Driver/Inc/stm32f0xx_ll_rcc.h **** }
 750:Drivers/STM32F0xx_HAL_Driver/Inc/stm32f0xx_ll_rcc.h **** 
 751:Drivers/STM32F0xx_HAL_Driver/Inc/stm32f0xx_ll_rcc.h **** /**
 752:Drivers/STM32F0xx_HAL_Driver/Inc/stm32f0xx_ll_rcc.h ****   * @brief  Disable HSI oscillator
ARM GAS  C:\Users\three\AppData\Local\Temp\cc3mDhxh.s 			page 78


 753:Drivers/STM32F0xx_HAL_Driver/Inc/stm32f0xx_ll_rcc.h ****   * @rmtoll CR           HSION         LL_RCC_HSI_Disable
 754:Drivers/STM32F0xx_HAL_Driver/Inc/stm32f0xx_ll_rcc.h ****   * @retval None
 755:Drivers/STM32F0xx_HAL_Driver/Inc/stm32f0xx_ll_rcc.h ****   */
 756:Drivers/STM32F0xx_HAL_Driver/Inc/stm32f0xx_ll_rcc.h **** __STATIC_INLINE void LL_RCC_HSI_Disable(void)
 757:Drivers/STM32F0xx_HAL_Driver/Inc/stm32f0xx_ll_rcc.h **** {
 758:Drivers/STM32F0xx_HAL_Driver/Inc/stm32f0xx_ll_rcc.h ****   CLEAR_BIT(RCC->CR, RCC_CR_HSION);
 759:Drivers/STM32F0xx_HAL_Driver/Inc/stm32f0xx_ll_rcc.h **** }
 760:Drivers/STM32F0xx_HAL_Driver/Inc/stm32f0xx_ll_rcc.h **** 
 761:Drivers/STM32F0xx_HAL_Driver/Inc/stm32f0xx_ll_rcc.h **** /**
 762:Drivers/STM32F0xx_HAL_Driver/Inc/stm32f0xx_ll_rcc.h ****   * @brief  Check if HSI clock is ready
 763:Drivers/STM32F0xx_HAL_Driver/Inc/stm32f0xx_ll_rcc.h ****   * @rmtoll CR           HSIRDY        LL_RCC_HSI_IsReady
 764:Drivers/STM32F0xx_HAL_Driver/Inc/stm32f0xx_ll_rcc.h ****   * @retval State of bit (1 or 0).
 765:Drivers/STM32F0xx_HAL_Driver/Inc/stm32f0xx_ll_rcc.h ****   */
 766:Drivers/STM32F0xx_HAL_Driver/Inc/stm32f0xx_ll_rcc.h **** __STATIC_INLINE uint32_t LL_RCC_HSI_IsReady(void)
 736              		.loc 5 766 26 view .LVU177
 737              	.LBB39:
 767:Drivers/STM32F0xx_HAL_Driver/Inc/stm32f0xx_ll_rcc.h **** {
 768:Drivers/STM32F0xx_HAL_Driver/Inc/stm32f0xx_ll_rcc.h ****   return (READ_BIT(RCC->CR, RCC_CR_HSIRDY) == (RCC_CR_HSIRDY));
 738              		.loc 5 768 3 view .LVU178
 739              		.loc 5 768 11 is_stmt 0 view .LVU179
 740 001e 144B     		ldr	r3, .L49+4
 741 0020 1B68     		ldr	r3, [r3]
 742              	.LBE39:
 743              	.LBE38:
 160:Core/Src/main.c **** 
 744              		.loc 1 160 32 discriminator 1 view .LVU180
 745 0022 9B07     		lsls	r3, r3, #30
 746 0024 FBD5     		bpl	.L43
 162:Core/Src/main.c ****     LL_RCC_SetAHBPrescaler(LL_RCC_SYSCLK_DIV_1);
 747              		.loc 1 162 5 is_stmt 1 view .LVU181
 748              	.LVL34:
 749              	.LBB40:
 750              	.LBI40:
 769:Drivers/STM32F0xx_HAL_Driver/Inc/stm32f0xx_ll_rcc.h **** }
 770:Drivers/STM32F0xx_HAL_Driver/Inc/stm32f0xx_ll_rcc.h **** 
 771:Drivers/STM32F0xx_HAL_Driver/Inc/stm32f0xx_ll_rcc.h **** /**
 772:Drivers/STM32F0xx_HAL_Driver/Inc/stm32f0xx_ll_rcc.h ****   * @brief  Get HSI Calibration value
 773:Drivers/STM32F0xx_HAL_Driver/Inc/stm32f0xx_ll_rcc.h ****   * @note When HSITRIM is written, HSICAL is updated with the sum of
 774:Drivers/STM32F0xx_HAL_Driver/Inc/stm32f0xx_ll_rcc.h ****   *       HSITRIM and the factory trim value
 775:Drivers/STM32F0xx_HAL_Driver/Inc/stm32f0xx_ll_rcc.h ****   * @rmtoll CR        HSICAL        LL_RCC_HSI_GetCalibration
 776:Drivers/STM32F0xx_HAL_Driver/Inc/stm32f0xx_ll_rcc.h ****   * @retval Between Min_Data = 0x00 and Max_Data = 0xFF
 777:Drivers/STM32F0xx_HAL_Driver/Inc/stm32f0xx_ll_rcc.h ****   */
 778:Drivers/STM32F0xx_HAL_Driver/Inc/stm32f0xx_ll_rcc.h **** __STATIC_INLINE uint32_t LL_RCC_HSI_GetCalibration(void)
 779:Drivers/STM32F0xx_HAL_Driver/Inc/stm32f0xx_ll_rcc.h **** {
 780:Drivers/STM32F0xx_HAL_Driver/Inc/stm32f0xx_ll_rcc.h ****   return (uint32_t)(READ_BIT(RCC->CR, RCC_CR_HSICAL) >> RCC_CR_HSICAL_Pos);
 781:Drivers/STM32F0xx_HAL_Driver/Inc/stm32f0xx_ll_rcc.h **** }
 782:Drivers/STM32F0xx_HAL_Driver/Inc/stm32f0xx_ll_rcc.h **** 
 783:Drivers/STM32F0xx_HAL_Driver/Inc/stm32f0xx_ll_rcc.h **** /**
 784:Drivers/STM32F0xx_HAL_Driver/Inc/stm32f0xx_ll_rcc.h ****   * @brief  Set HSI Calibration trimming
 785:Drivers/STM32F0xx_HAL_Driver/Inc/stm32f0xx_ll_rcc.h ****   * @note user-programmable trimming value that is added to the HSICAL
 786:Drivers/STM32F0xx_HAL_Driver/Inc/stm32f0xx_ll_rcc.h ****   * @note Default value is 16, which, when added to the HSICAL value,
 787:Drivers/STM32F0xx_HAL_Driver/Inc/stm32f0xx_ll_rcc.h ****   *       should trim the HSI to 16 MHz +/- 1 %
 788:Drivers/STM32F0xx_HAL_Driver/Inc/stm32f0xx_ll_rcc.h ****   * @rmtoll CR        HSITRIM       LL_RCC_HSI_SetCalibTrimming
 789:Drivers/STM32F0xx_HAL_Driver/Inc/stm32f0xx_ll_rcc.h ****   * @param  Value between Min_Data = 0x00 and Max_Data = 0x1F
 790:Drivers/STM32F0xx_HAL_Driver/Inc/stm32f0xx_ll_rcc.h ****   * @retval None
 791:Drivers/STM32F0xx_HAL_Driver/Inc/stm32f0xx_ll_rcc.h ****   */
 792:Drivers/STM32F0xx_HAL_Driver/Inc/stm32f0xx_ll_rcc.h **** __STATIC_INLINE void LL_RCC_HSI_SetCalibTrimming(uint32_t Value)
ARM GAS  C:\Users\three\AppData\Local\Temp\cc3mDhxh.s 			page 79


 751              		.loc 5 792 22 view .LVU182
 752              	.LBB41:
 793:Drivers/STM32F0xx_HAL_Driver/Inc/stm32f0xx_ll_rcc.h **** {
 794:Drivers/STM32F0xx_HAL_Driver/Inc/stm32f0xx_ll_rcc.h ****   MODIFY_REG(RCC->CR, RCC_CR_HSITRIM, Value << RCC_CR_HSITRIM_Pos);
 753              		.loc 5 794 3 view .LVU183
 754 0026 124B     		ldr	r3, .L49+4
 755 0028 1A68     		ldr	r2, [r3]
 756 002a F821     		movs	r1, #248
 757 002c 8A43     		bics	r2, r1
 758 002e 7839     		subs	r1, r1, #120
 759 0030 0A43     		orrs	r2, r1
 760 0032 1A60     		str	r2, [r3]
 761              	.LVL35:
 762              		.loc 5 794 3 is_stmt 0 view .LVU184
 763              	.LBE41:
 764              	.LBE40:
 163:Core/Src/main.c ****     LL_RCC_SetAPB1Prescaler(LL_RCC_APB1_DIV_1);
 765              		.loc 1 163 5 is_stmt 1 view .LVU185
 766              	.LBB42:
 767              	.LBI42:
 795:Drivers/STM32F0xx_HAL_Driver/Inc/stm32f0xx_ll_rcc.h **** }
 796:Drivers/STM32F0xx_HAL_Driver/Inc/stm32f0xx_ll_rcc.h **** 
 797:Drivers/STM32F0xx_HAL_Driver/Inc/stm32f0xx_ll_rcc.h **** /**
 798:Drivers/STM32F0xx_HAL_Driver/Inc/stm32f0xx_ll_rcc.h ****   * @brief  Get HSI Calibration trimming
 799:Drivers/STM32F0xx_HAL_Driver/Inc/stm32f0xx_ll_rcc.h ****   * @rmtoll CR        HSITRIM       LL_RCC_HSI_GetCalibTrimming
 800:Drivers/STM32F0xx_HAL_Driver/Inc/stm32f0xx_ll_rcc.h ****   * @retval Between Min_Data = 0x00 and Max_Data = 0x1F
 801:Drivers/STM32F0xx_HAL_Driver/Inc/stm32f0xx_ll_rcc.h ****   */
 802:Drivers/STM32F0xx_HAL_Driver/Inc/stm32f0xx_ll_rcc.h **** __STATIC_INLINE uint32_t LL_RCC_HSI_GetCalibTrimming(void)
 803:Drivers/STM32F0xx_HAL_Driver/Inc/stm32f0xx_ll_rcc.h **** {
 804:Drivers/STM32F0xx_HAL_Driver/Inc/stm32f0xx_ll_rcc.h ****   return (uint32_t)(READ_BIT(RCC->CR, RCC_CR_HSITRIM) >> RCC_CR_HSITRIM_Pos);
 805:Drivers/STM32F0xx_HAL_Driver/Inc/stm32f0xx_ll_rcc.h **** }
 806:Drivers/STM32F0xx_HAL_Driver/Inc/stm32f0xx_ll_rcc.h **** 
 807:Drivers/STM32F0xx_HAL_Driver/Inc/stm32f0xx_ll_rcc.h **** /**
 808:Drivers/STM32F0xx_HAL_Driver/Inc/stm32f0xx_ll_rcc.h ****   * @}
 809:Drivers/STM32F0xx_HAL_Driver/Inc/stm32f0xx_ll_rcc.h ****   */
 810:Drivers/STM32F0xx_HAL_Driver/Inc/stm32f0xx_ll_rcc.h **** 
 811:Drivers/STM32F0xx_HAL_Driver/Inc/stm32f0xx_ll_rcc.h **** #if defined(RCC_HSI48_SUPPORT)
 812:Drivers/STM32F0xx_HAL_Driver/Inc/stm32f0xx_ll_rcc.h **** /** @defgroup RCC_LL_EF_HSI48 HSI48
 813:Drivers/STM32F0xx_HAL_Driver/Inc/stm32f0xx_ll_rcc.h ****   * @{
 814:Drivers/STM32F0xx_HAL_Driver/Inc/stm32f0xx_ll_rcc.h ****   */
 815:Drivers/STM32F0xx_HAL_Driver/Inc/stm32f0xx_ll_rcc.h **** 
 816:Drivers/STM32F0xx_HAL_Driver/Inc/stm32f0xx_ll_rcc.h **** /**
 817:Drivers/STM32F0xx_HAL_Driver/Inc/stm32f0xx_ll_rcc.h ****   * @brief  Enable HSI48
 818:Drivers/STM32F0xx_HAL_Driver/Inc/stm32f0xx_ll_rcc.h ****   * @rmtoll CR2          HSI48ON       LL_RCC_HSI48_Enable
 819:Drivers/STM32F0xx_HAL_Driver/Inc/stm32f0xx_ll_rcc.h ****   * @retval None
 820:Drivers/STM32F0xx_HAL_Driver/Inc/stm32f0xx_ll_rcc.h ****   */
 821:Drivers/STM32F0xx_HAL_Driver/Inc/stm32f0xx_ll_rcc.h **** __STATIC_INLINE void LL_RCC_HSI48_Enable(void)
 822:Drivers/STM32F0xx_HAL_Driver/Inc/stm32f0xx_ll_rcc.h **** {
 823:Drivers/STM32F0xx_HAL_Driver/Inc/stm32f0xx_ll_rcc.h ****   SET_BIT(RCC->CR2, RCC_CR2_HSI48ON);
 824:Drivers/STM32F0xx_HAL_Driver/Inc/stm32f0xx_ll_rcc.h **** }
 825:Drivers/STM32F0xx_HAL_Driver/Inc/stm32f0xx_ll_rcc.h **** 
 826:Drivers/STM32F0xx_HAL_Driver/Inc/stm32f0xx_ll_rcc.h **** /**
 827:Drivers/STM32F0xx_HAL_Driver/Inc/stm32f0xx_ll_rcc.h ****   * @brief  Disable HSI48
 828:Drivers/STM32F0xx_HAL_Driver/Inc/stm32f0xx_ll_rcc.h ****   * @rmtoll CR2          HSI48ON       LL_RCC_HSI48_Disable
 829:Drivers/STM32F0xx_HAL_Driver/Inc/stm32f0xx_ll_rcc.h ****   * @retval None
 830:Drivers/STM32F0xx_HAL_Driver/Inc/stm32f0xx_ll_rcc.h ****   */
 831:Drivers/STM32F0xx_HAL_Driver/Inc/stm32f0xx_ll_rcc.h **** __STATIC_INLINE void LL_RCC_HSI48_Disable(void)
ARM GAS  C:\Users\three\AppData\Local\Temp\cc3mDhxh.s 			page 80


 832:Drivers/STM32F0xx_HAL_Driver/Inc/stm32f0xx_ll_rcc.h **** {
 833:Drivers/STM32F0xx_HAL_Driver/Inc/stm32f0xx_ll_rcc.h ****   CLEAR_BIT(RCC->CR2, RCC_CR2_HSI48ON);
 834:Drivers/STM32F0xx_HAL_Driver/Inc/stm32f0xx_ll_rcc.h **** }
 835:Drivers/STM32F0xx_HAL_Driver/Inc/stm32f0xx_ll_rcc.h **** 
 836:Drivers/STM32F0xx_HAL_Driver/Inc/stm32f0xx_ll_rcc.h **** /**
 837:Drivers/STM32F0xx_HAL_Driver/Inc/stm32f0xx_ll_rcc.h ****   * @brief  Check if HSI48 oscillator Ready
 838:Drivers/STM32F0xx_HAL_Driver/Inc/stm32f0xx_ll_rcc.h ****   * @rmtoll CR2          HSI48RDY      LL_RCC_HSI48_IsReady
 839:Drivers/STM32F0xx_HAL_Driver/Inc/stm32f0xx_ll_rcc.h ****   * @retval State of bit (1 or 0).
 840:Drivers/STM32F0xx_HAL_Driver/Inc/stm32f0xx_ll_rcc.h ****   */
 841:Drivers/STM32F0xx_HAL_Driver/Inc/stm32f0xx_ll_rcc.h **** __STATIC_INLINE uint32_t LL_RCC_HSI48_IsReady(void)
 842:Drivers/STM32F0xx_HAL_Driver/Inc/stm32f0xx_ll_rcc.h **** {
 843:Drivers/STM32F0xx_HAL_Driver/Inc/stm32f0xx_ll_rcc.h ****   return (READ_BIT(RCC->CR2, RCC_CR2_HSI48RDY) == (RCC_CR2_HSI48RDY));
 844:Drivers/STM32F0xx_HAL_Driver/Inc/stm32f0xx_ll_rcc.h **** }
 845:Drivers/STM32F0xx_HAL_Driver/Inc/stm32f0xx_ll_rcc.h **** 
 846:Drivers/STM32F0xx_HAL_Driver/Inc/stm32f0xx_ll_rcc.h **** /**
 847:Drivers/STM32F0xx_HAL_Driver/Inc/stm32f0xx_ll_rcc.h ****   * @brief  Get HSI48 Calibration value
 848:Drivers/STM32F0xx_HAL_Driver/Inc/stm32f0xx_ll_rcc.h ****   * @rmtoll CR2          HSI48CAL      LL_RCC_HSI48_GetCalibration
 849:Drivers/STM32F0xx_HAL_Driver/Inc/stm32f0xx_ll_rcc.h ****   * @retval Between Min_Data = 0x00 and Max_Data = 0xFF
 850:Drivers/STM32F0xx_HAL_Driver/Inc/stm32f0xx_ll_rcc.h ****   */
 851:Drivers/STM32F0xx_HAL_Driver/Inc/stm32f0xx_ll_rcc.h **** __STATIC_INLINE uint32_t LL_RCC_HSI48_GetCalibration(void)
 852:Drivers/STM32F0xx_HAL_Driver/Inc/stm32f0xx_ll_rcc.h **** {
 853:Drivers/STM32F0xx_HAL_Driver/Inc/stm32f0xx_ll_rcc.h ****   return (uint32_t)(READ_BIT(RCC->CR2, RCC_CR2_HSI48CAL) >> RCC_POSITION_HSI48CAL);
 854:Drivers/STM32F0xx_HAL_Driver/Inc/stm32f0xx_ll_rcc.h **** }
 855:Drivers/STM32F0xx_HAL_Driver/Inc/stm32f0xx_ll_rcc.h **** 
 856:Drivers/STM32F0xx_HAL_Driver/Inc/stm32f0xx_ll_rcc.h **** /**
 857:Drivers/STM32F0xx_HAL_Driver/Inc/stm32f0xx_ll_rcc.h ****   * @}
 858:Drivers/STM32F0xx_HAL_Driver/Inc/stm32f0xx_ll_rcc.h ****   */
 859:Drivers/STM32F0xx_HAL_Driver/Inc/stm32f0xx_ll_rcc.h **** 
 860:Drivers/STM32F0xx_HAL_Driver/Inc/stm32f0xx_ll_rcc.h **** #endif /* RCC_HSI48_SUPPORT */
 861:Drivers/STM32F0xx_HAL_Driver/Inc/stm32f0xx_ll_rcc.h **** 
 862:Drivers/STM32F0xx_HAL_Driver/Inc/stm32f0xx_ll_rcc.h **** /** @defgroup RCC_LL_EF_HSI14 HSI14
 863:Drivers/STM32F0xx_HAL_Driver/Inc/stm32f0xx_ll_rcc.h ****   * @{
 864:Drivers/STM32F0xx_HAL_Driver/Inc/stm32f0xx_ll_rcc.h ****   */
 865:Drivers/STM32F0xx_HAL_Driver/Inc/stm32f0xx_ll_rcc.h **** 
 866:Drivers/STM32F0xx_HAL_Driver/Inc/stm32f0xx_ll_rcc.h **** /**
 867:Drivers/STM32F0xx_HAL_Driver/Inc/stm32f0xx_ll_rcc.h ****   * @brief  Enable HSI14
 868:Drivers/STM32F0xx_HAL_Driver/Inc/stm32f0xx_ll_rcc.h ****   * @rmtoll CR2          HSI14ON       LL_RCC_HSI14_Enable
 869:Drivers/STM32F0xx_HAL_Driver/Inc/stm32f0xx_ll_rcc.h ****   * @retval None
 870:Drivers/STM32F0xx_HAL_Driver/Inc/stm32f0xx_ll_rcc.h ****   */
 871:Drivers/STM32F0xx_HAL_Driver/Inc/stm32f0xx_ll_rcc.h **** __STATIC_INLINE void LL_RCC_HSI14_Enable(void)
 872:Drivers/STM32F0xx_HAL_Driver/Inc/stm32f0xx_ll_rcc.h **** {
 873:Drivers/STM32F0xx_HAL_Driver/Inc/stm32f0xx_ll_rcc.h ****   SET_BIT(RCC->CR2, RCC_CR2_HSI14ON);
 874:Drivers/STM32F0xx_HAL_Driver/Inc/stm32f0xx_ll_rcc.h **** }
 875:Drivers/STM32F0xx_HAL_Driver/Inc/stm32f0xx_ll_rcc.h **** 
 876:Drivers/STM32F0xx_HAL_Driver/Inc/stm32f0xx_ll_rcc.h **** /**
 877:Drivers/STM32F0xx_HAL_Driver/Inc/stm32f0xx_ll_rcc.h ****   * @brief  Disable HSI14
 878:Drivers/STM32F0xx_HAL_Driver/Inc/stm32f0xx_ll_rcc.h ****   * @rmtoll CR2          HSI14ON       LL_RCC_HSI14_Disable
 879:Drivers/STM32F0xx_HAL_Driver/Inc/stm32f0xx_ll_rcc.h ****   * @retval None
 880:Drivers/STM32F0xx_HAL_Driver/Inc/stm32f0xx_ll_rcc.h ****   */
 881:Drivers/STM32F0xx_HAL_Driver/Inc/stm32f0xx_ll_rcc.h **** __STATIC_INLINE void LL_RCC_HSI14_Disable(void)
 882:Drivers/STM32F0xx_HAL_Driver/Inc/stm32f0xx_ll_rcc.h **** {
 883:Drivers/STM32F0xx_HAL_Driver/Inc/stm32f0xx_ll_rcc.h ****   CLEAR_BIT(RCC->CR2, RCC_CR2_HSI14ON);
 884:Drivers/STM32F0xx_HAL_Driver/Inc/stm32f0xx_ll_rcc.h **** }
 885:Drivers/STM32F0xx_HAL_Driver/Inc/stm32f0xx_ll_rcc.h **** 
 886:Drivers/STM32F0xx_HAL_Driver/Inc/stm32f0xx_ll_rcc.h **** /**
 887:Drivers/STM32F0xx_HAL_Driver/Inc/stm32f0xx_ll_rcc.h ****   * @brief  Check if HSI14 oscillator Ready
 888:Drivers/STM32F0xx_HAL_Driver/Inc/stm32f0xx_ll_rcc.h ****   * @rmtoll CR2          HSI14RDY      LL_RCC_HSI14_IsReady
ARM GAS  C:\Users\three\AppData\Local\Temp\cc3mDhxh.s 			page 81


 889:Drivers/STM32F0xx_HAL_Driver/Inc/stm32f0xx_ll_rcc.h ****   * @retval State of bit (1 or 0).
 890:Drivers/STM32F0xx_HAL_Driver/Inc/stm32f0xx_ll_rcc.h ****   */
 891:Drivers/STM32F0xx_HAL_Driver/Inc/stm32f0xx_ll_rcc.h **** __STATIC_INLINE uint32_t LL_RCC_HSI14_IsReady(void)
 892:Drivers/STM32F0xx_HAL_Driver/Inc/stm32f0xx_ll_rcc.h **** {
 893:Drivers/STM32F0xx_HAL_Driver/Inc/stm32f0xx_ll_rcc.h ****   return (READ_BIT(RCC->CR2, RCC_CR2_HSI14RDY) == (RCC_CR2_HSI14RDY));
 894:Drivers/STM32F0xx_HAL_Driver/Inc/stm32f0xx_ll_rcc.h **** }
 895:Drivers/STM32F0xx_HAL_Driver/Inc/stm32f0xx_ll_rcc.h **** 
 896:Drivers/STM32F0xx_HAL_Driver/Inc/stm32f0xx_ll_rcc.h **** /**
 897:Drivers/STM32F0xx_HAL_Driver/Inc/stm32f0xx_ll_rcc.h ****   * @brief  ADC interface can turn on the HSI14 oscillator
 898:Drivers/STM32F0xx_HAL_Driver/Inc/stm32f0xx_ll_rcc.h ****   * @rmtoll CR2          HSI14DIS      LL_RCC_HSI14_EnableADCControl
 899:Drivers/STM32F0xx_HAL_Driver/Inc/stm32f0xx_ll_rcc.h ****   * @retval None
 900:Drivers/STM32F0xx_HAL_Driver/Inc/stm32f0xx_ll_rcc.h ****   */
 901:Drivers/STM32F0xx_HAL_Driver/Inc/stm32f0xx_ll_rcc.h **** __STATIC_INLINE void LL_RCC_HSI14_EnableADCControl(void)
 902:Drivers/STM32F0xx_HAL_Driver/Inc/stm32f0xx_ll_rcc.h **** {
 903:Drivers/STM32F0xx_HAL_Driver/Inc/stm32f0xx_ll_rcc.h ****   CLEAR_BIT(RCC->CR2, RCC_CR2_HSI14DIS);
 904:Drivers/STM32F0xx_HAL_Driver/Inc/stm32f0xx_ll_rcc.h **** }
 905:Drivers/STM32F0xx_HAL_Driver/Inc/stm32f0xx_ll_rcc.h **** 
 906:Drivers/STM32F0xx_HAL_Driver/Inc/stm32f0xx_ll_rcc.h **** /**
 907:Drivers/STM32F0xx_HAL_Driver/Inc/stm32f0xx_ll_rcc.h ****   * @brief  ADC interface can not turn on the HSI14 oscillator
 908:Drivers/STM32F0xx_HAL_Driver/Inc/stm32f0xx_ll_rcc.h ****   * @rmtoll CR2          HSI14DIS      LL_RCC_HSI14_DisableADCControl
 909:Drivers/STM32F0xx_HAL_Driver/Inc/stm32f0xx_ll_rcc.h ****   * @retval None
 910:Drivers/STM32F0xx_HAL_Driver/Inc/stm32f0xx_ll_rcc.h ****   */
 911:Drivers/STM32F0xx_HAL_Driver/Inc/stm32f0xx_ll_rcc.h **** __STATIC_INLINE void LL_RCC_HSI14_DisableADCControl(void)
 912:Drivers/STM32F0xx_HAL_Driver/Inc/stm32f0xx_ll_rcc.h **** {
 913:Drivers/STM32F0xx_HAL_Driver/Inc/stm32f0xx_ll_rcc.h ****   SET_BIT(RCC->CR2, RCC_CR2_HSI14DIS);
 914:Drivers/STM32F0xx_HAL_Driver/Inc/stm32f0xx_ll_rcc.h **** }
 915:Drivers/STM32F0xx_HAL_Driver/Inc/stm32f0xx_ll_rcc.h **** 
 916:Drivers/STM32F0xx_HAL_Driver/Inc/stm32f0xx_ll_rcc.h **** /**
 917:Drivers/STM32F0xx_HAL_Driver/Inc/stm32f0xx_ll_rcc.h ****   * @brief  Set HSI14 Calibration trimming
 918:Drivers/STM32F0xx_HAL_Driver/Inc/stm32f0xx_ll_rcc.h ****   * @note user-programmable trimming value that is added to the HSI14CAL
 919:Drivers/STM32F0xx_HAL_Driver/Inc/stm32f0xx_ll_rcc.h ****   * @note Default value is 16, which, when added to the HSI14CAL value,
 920:Drivers/STM32F0xx_HAL_Driver/Inc/stm32f0xx_ll_rcc.h ****   *       should trim the HSI14 to 14 MHz +/- 1 %
 921:Drivers/STM32F0xx_HAL_Driver/Inc/stm32f0xx_ll_rcc.h ****   * @rmtoll CR2          HSI14TRIM     LL_RCC_HSI14_SetCalibTrimming
 922:Drivers/STM32F0xx_HAL_Driver/Inc/stm32f0xx_ll_rcc.h ****   * @param  Value between Min_Data = 0x00 and Max_Data = 0xFF
 923:Drivers/STM32F0xx_HAL_Driver/Inc/stm32f0xx_ll_rcc.h ****   * @retval None
 924:Drivers/STM32F0xx_HAL_Driver/Inc/stm32f0xx_ll_rcc.h ****   */
 925:Drivers/STM32F0xx_HAL_Driver/Inc/stm32f0xx_ll_rcc.h **** __STATIC_INLINE void LL_RCC_HSI14_SetCalibTrimming(uint32_t Value)
 926:Drivers/STM32F0xx_HAL_Driver/Inc/stm32f0xx_ll_rcc.h **** {
 927:Drivers/STM32F0xx_HAL_Driver/Inc/stm32f0xx_ll_rcc.h ****   MODIFY_REG(RCC->CR2, RCC_CR2_HSI14TRIM, Value << RCC_POSITION_HSI14TRIM);
 928:Drivers/STM32F0xx_HAL_Driver/Inc/stm32f0xx_ll_rcc.h **** }
 929:Drivers/STM32F0xx_HAL_Driver/Inc/stm32f0xx_ll_rcc.h **** 
 930:Drivers/STM32F0xx_HAL_Driver/Inc/stm32f0xx_ll_rcc.h **** /**
 931:Drivers/STM32F0xx_HAL_Driver/Inc/stm32f0xx_ll_rcc.h ****   * @brief  Get HSI14 Calibration value
 932:Drivers/STM32F0xx_HAL_Driver/Inc/stm32f0xx_ll_rcc.h ****   * @note When HSI14TRIM is written, HSI14CAL is updated with the sum of
 933:Drivers/STM32F0xx_HAL_Driver/Inc/stm32f0xx_ll_rcc.h ****   *       HSI14TRIM and the factory trim value
 934:Drivers/STM32F0xx_HAL_Driver/Inc/stm32f0xx_ll_rcc.h ****   * @rmtoll CR2          HSI14TRIM     LL_RCC_HSI14_GetCalibTrimming
 935:Drivers/STM32F0xx_HAL_Driver/Inc/stm32f0xx_ll_rcc.h ****   * @retval Between Min_Data = 0x00 and Max_Data = 0x1F
 936:Drivers/STM32F0xx_HAL_Driver/Inc/stm32f0xx_ll_rcc.h ****   */
 937:Drivers/STM32F0xx_HAL_Driver/Inc/stm32f0xx_ll_rcc.h **** __STATIC_INLINE uint32_t LL_RCC_HSI14_GetCalibTrimming(void)
 938:Drivers/STM32F0xx_HAL_Driver/Inc/stm32f0xx_ll_rcc.h **** {
 939:Drivers/STM32F0xx_HAL_Driver/Inc/stm32f0xx_ll_rcc.h ****   return (uint32_t)(READ_BIT(RCC->CR2, RCC_CR2_HSI14TRIM) >> RCC_POSITION_HSI14TRIM);
 940:Drivers/STM32F0xx_HAL_Driver/Inc/stm32f0xx_ll_rcc.h **** }
 941:Drivers/STM32F0xx_HAL_Driver/Inc/stm32f0xx_ll_rcc.h **** 
 942:Drivers/STM32F0xx_HAL_Driver/Inc/stm32f0xx_ll_rcc.h **** /**
 943:Drivers/STM32F0xx_HAL_Driver/Inc/stm32f0xx_ll_rcc.h ****   * @brief  Get HSI14 Calibration trimming
 944:Drivers/STM32F0xx_HAL_Driver/Inc/stm32f0xx_ll_rcc.h ****   * @rmtoll CR2          HSI14CAL      LL_RCC_HSI14_GetCalibration
 945:Drivers/STM32F0xx_HAL_Driver/Inc/stm32f0xx_ll_rcc.h ****   * @retval Between Min_Data = 0x00 and Max_Data = 0x1F
ARM GAS  C:\Users\three\AppData\Local\Temp\cc3mDhxh.s 			page 82


 946:Drivers/STM32F0xx_HAL_Driver/Inc/stm32f0xx_ll_rcc.h ****   */
 947:Drivers/STM32F0xx_HAL_Driver/Inc/stm32f0xx_ll_rcc.h **** __STATIC_INLINE uint32_t LL_RCC_HSI14_GetCalibration(void)
 948:Drivers/STM32F0xx_HAL_Driver/Inc/stm32f0xx_ll_rcc.h **** {
 949:Drivers/STM32F0xx_HAL_Driver/Inc/stm32f0xx_ll_rcc.h ****   return (uint32_t)(READ_BIT(RCC->CR2, RCC_CR2_HSI14CAL) >> RCC_POSITION_HSI14CAL);
 950:Drivers/STM32F0xx_HAL_Driver/Inc/stm32f0xx_ll_rcc.h **** }
 951:Drivers/STM32F0xx_HAL_Driver/Inc/stm32f0xx_ll_rcc.h **** 
 952:Drivers/STM32F0xx_HAL_Driver/Inc/stm32f0xx_ll_rcc.h **** /**
 953:Drivers/STM32F0xx_HAL_Driver/Inc/stm32f0xx_ll_rcc.h ****   * @}
 954:Drivers/STM32F0xx_HAL_Driver/Inc/stm32f0xx_ll_rcc.h ****   */
 955:Drivers/STM32F0xx_HAL_Driver/Inc/stm32f0xx_ll_rcc.h **** 
 956:Drivers/STM32F0xx_HAL_Driver/Inc/stm32f0xx_ll_rcc.h **** /** @defgroup RCC_LL_EF_LSE LSE
 957:Drivers/STM32F0xx_HAL_Driver/Inc/stm32f0xx_ll_rcc.h ****   * @{
 958:Drivers/STM32F0xx_HAL_Driver/Inc/stm32f0xx_ll_rcc.h ****   */
 959:Drivers/STM32F0xx_HAL_Driver/Inc/stm32f0xx_ll_rcc.h **** 
 960:Drivers/STM32F0xx_HAL_Driver/Inc/stm32f0xx_ll_rcc.h **** /**
 961:Drivers/STM32F0xx_HAL_Driver/Inc/stm32f0xx_ll_rcc.h ****   * @brief  Enable  Low Speed External (LSE) crystal.
 962:Drivers/STM32F0xx_HAL_Driver/Inc/stm32f0xx_ll_rcc.h ****   * @rmtoll BDCR         LSEON         LL_RCC_LSE_Enable
 963:Drivers/STM32F0xx_HAL_Driver/Inc/stm32f0xx_ll_rcc.h ****   * @retval None
 964:Drivers/STM32F0xx_HAL_Driver/Inc/stm32f0xx_ll_rcc.h ****   */
 965:Drivers/STM32F0xx_HAL_Driver/Inc/stm32f0xx_ll_rcc.h **** __STATIC_INLINE void LL_RCC_LSE_Enable(void)
 966:Drivers/STM32F0xx_HAL_Driver/Inc/stm32f0xx_ll_rcc.h **** {
 967:Drivers/STM32F0xx_HAL_Driver/Inc/stm32f0xx_ll_rcc.h ****   SET_BIT(RCC->BDCR, RCC_BDCR_LSEON);
 968:Drivers/STM32F0xx_HAL_Driver/Inc/stm32f0xx_ll_rcc.h **** }
 969:Drivers/STM32F0xx_HAL_Driver/Inc/stm32f0xx_ll_rcc.h **** 
 970:Drivers/STM32F0xx_HAL_Driver/Inc/stm32f0xx_ll_rcc.h **** /**
 971:Drivers/STM32F0xx_HAL_Driver/Inc/stm32f0xx_ll_rcc.h ****   * @brief  Disable  Low Speed External (LSE) crystal.
 972:Drivers/STM32F0xx_HAL_Driver/Inc/stm32f0xx_ll_rcc.h ****   * @rmtoll BDCR         LSEON         LL_RCC_LSE_Disable
 973:Drivers/STM32F0xx_HAL_Driver/Inc/stm32f0xx_ll_rcc.h ****   * @retval None
 974:Drivers/STM32F0xx_HAL_Driver/Inc/stm32f0xx_ll_rcc.h ****   */
 975:Drivers/STM32F0xx_HAL_Driver/Inc/stm32f0xx_ll_rcc.h **** __STATIC_INLINE void LL_RCC_LSE_Disable(void)
 976:Drivers/STM32F0xx_HAL_Driver/Inc/stm32f0xx_ll_rcc.h **** {
 977:Drivers/STM32F0xx_HAL_Driver/Inc/stm32f0xx_ll_rcc.h ****   CLEAR_BIT(RCC->BDCR, RCC_BDCR_LSEON);
 978:Drivers/STM32F0xx_HAL_Driver/Inc/stm32f0xx_ll_rcc.h **** }
 979:Drivers/STM32F0xx_HAL_Driver/Inc/stm32f0xx_ll_rcc.h **** 
 980:Drivers/STM32F0xx_HAL_Driver/Inc/stm32f0xx_ll_rcc.h **** /**
 981:Drivers/STM32F0xx_HAL_Driver/Inc/stm32f0xx_ll_rcc.h ****   * @brief  Enable external clock source (LSE bypass).
 982:Drivers/STM32F0xx_HAL_Driver/Inc/stm32f0xx_ll_rcc.h ****   * @rmtoll BDCR         LSEBYP        LL_RCC_LSE_EnableBypass
 983:Drivers/STM32F0xx_HAL_Driver/Inc/stm32f0xx_ll_rcc.h ****   * @retval None
 984:Drivers/STM32F0xx_HAL_Driver/Inc/stm32f0xx_ll_rcc.h ****   */
 985:Drivers/STM32F0xx_HAL_Driver/Inc/stm32f0xx_ll_rcc.h **** __STATIC_INLINE void LL_RCC_LSE_EnableBypass(void)
 986:Drivers/STM32F0xx_HAL_Driver/Inc/stm32f0xx_ll_rcc.h **** {
 987:Drivers/STM32F0xx_HAL_Driver/Inc/stm32f0xx_ll_rcc.h ****   SET_BIT(RCC->BDCR, RCC_BDCR_LSEBYP);
 988:Drivers/STM32F0xx_HAL_Driver/Inc/stm32f0xx_ll_rcc.h **** }
 989:Drivers/STM32F0xx_HAL_Driver/Inc/stm32f0xx_ll_rcc.h **** 
 990:Drivers/STM32F0xx_HAL_Driver/Inc/stm32f0xx_ll_rcc.h **** /**
 991:Drivers/STM32F0xx_HAL_Driver/Inc/stm32f0xx_ll_rcc.h ****   * @brief  Disable external clock source (LSE bypass).
 992:Drivers/STM32F0xx_HAL_Driver/Inc/stm32f0xx_ll_rcc.h ****   * @rmtoll BDCR         LSEBYP        LL_RCC_LSE_DisableBypass
 993:Drivers/STM32F0xx_HAL_Driver/Inc/stm32f0xx_ll_rcc.h ****   * @retval None
 994:Drivers/STM32F0xx_HAL_Driver/Inc/stm32f0xx_ll_rcc.h ****   */
 995:Drivers/STM32F0xx_HAL_Driver/Inc/stm32f0xx_ll_rcc.h **** __STATIC_INLINE void LL_RCC_LSE_DisableBypass(void)
 996:Drivers/STM32F0xx_HAL_Driver/Inc/stm32f0xx_ll_rcc.h **** {
 997:Drivers/STM32F0xx_HAL_Driver/Inc/stm32f0xx_ll_rcc.h ****   CLEAR_BIT(RCC->BDCR, RCC_BDCR_LSEBYP);
 998:Drivers/STM32F0xx_HAL_Driver/Inc/stm32f0xx_ll_rcc.h **** }
 999:Drivers/STM32F0xx_HAL_Driver/Inc/stm32f0xx_ll_rcc.h **** 
1000:Drivers/STM32F0xx_HAL_Driver/Inc/stm32f0xx_ll_rcc.h **** /**
1001:Drivers/STM32F0xx_HAL_Driver/Inc/stm32f0xx_ll_rcc.h ****   * @brief  Set LSE oscillator drive capability
1002:Drivers/STM32F0xx_HAL_Driver/Inc/stm32f0xx_ll_rcc.h ****   * @note The oscillator is in Xtal mode when it is not in bypass mode.
ARM GAS  C:\Users\three\AppData\Local\Temp\cc3mDhxh.s 			page 83


1003:Drivers/STM32F0xx_HAL_Driver/Inc/stm32f0xx_ll_rcc.h ****   * @rmtoll BDCR         LSEDRV        LL_RCC_LSE_SetDriveCapability
1004:Drivers/STM32F0xx_HAL_Driver/Inc/stm32f0xx_ll_rcc.h ****   * @param  LSEDrive This parameter can be one of the following values:
1005:Drivers/STM32F0xx_HAL_Driver/Inc/stm32f0xx_ll_rcc.h ****   *         @arg @ref LL_RCC_LSEDRIVE_LOW
1006:Drivers/STM32F0xx_HAL_Driver/Inc/stm32f0xx_ll_rcc.h ****   *         @arg @ref LL_RCC_LSEDRIVE_MEDIUMLOW
1007:Drivers/STM32F0xx_HAL_Driver/Inc/stm32f0xx_ll_rcc.h ****   *         @arg @ref LL_RCC_LSEDRIVE_MEDIUMHIGH
1008:Drivers/STM32F0xx_HAL_Driver/Inc/stm32f0xx_ll_rcc.h ****   *         @arg @ref LL_RCC_LSEDRIVE_HIGH
1009:Drivers/STM32F0xx_HAL_Driver/Inc/stm32f0xx_ll_rcc.h ****   * @retval None
1010:Drivers/STM32F0xx_HAL_Driver/Inc/stm32f0xx_ll_rcc.h ****   */
1011:Drivers/STM32F0xx_HAL_Driver/Inc/stm32f0xx_ll_rcc.h **** __STATIC_INLINE void LL_RCC_LSE_SetDriveCapability(uint32_t LSEDrive)
1012:Drivers/STM32F0xx_HAL_Driver/Inc/stm32f0xx_ll_rcc.h **** {
1013:Drivers/STM32F0xx_HAL_Driver/Inc/stm32f0xx_ll_rcc.h ****   MODIFY_REG(RCC->BDCR, RCC_BDCR_LSEDRV, LSEDrive);
1014:Drivers/STM32F0xx_HAL_Driver/Inc/stm32f0xx_ll_rcc.h **** }
1015:Drivers/STM32F0xx_HAL_Driver/Inc/stm32f0xx_ll_rcc.h **** 
1016:Drivers/STM32F0xx_HAL_Driver/Inc/stm32f0xx_ll_rcc.h **** /**
1017:Drivers/STM32F0xx_HAL_Driver/Inc/stm32f0xx_ll_rcc.h ****   * @brief  Get LSE oscillator drive capability
1018:Drivers/STM32F0xx_HAL_Driver/Inc/stm32f0xx_ll_rcc.h ****   * @rmtoll BDCR         LSEDRV        LL_RCC_LSE_GetDriveCapability
1019:Drivers/STM32F0xx_HAL_Driver/Inc/stm32f0xx_ll_rcc.h ****   * @retval Returned value can be one of the following values:
1020:Drivers/STM32F0xx_HAL_Driver/Inc/stm32f0xx_ll_rcc.h ****   *         @arg @ref LL_RCC_LSEDRIVE_LOW
1021:Drivers/STM32F0xx_HAL_Driver/Inc/stm32f0xx_ll_rcc.h ****   *         @arg @ref LL_RCC_LSEDRIVE_MEDIUMLOW
1022:Drivers/STM32F0xx_HAL_Driver/Inc/stm32f0xx_ll_rcc.h ****   *         @arg @ref LL_RCC_LSEDRIVE_MEDIUMHIGH
1023:Drivers/STM32F0xx_HAL_Driver/Inc/stm32f0xx_ll_rcc.h ****   *         @arg @ref LL_RCC_LSEDRIVE_HIGH
1024:Drivers/STM32F0xx_HAL_Driver/Inc/stm32f0xx_ll_rcc.h ****   */
1025:Drivers/STM32F0xx_HAL_Driver/Inc/stm32f0xx_ll_rcc.h **** __STATIC_INLINE uint32_t LL_RCC_LSE_GetDriveCapability(void)
1026:Drivers/STM32F0xx_HAL_Driver/Inc/stm32f0xx_ll_rcc.h **** {
1027:Drivers/STM32F0xx_HAL_Driver/Inc/stm32f0xx_ll_rcc.h ****   return (uint32_t)(READ_BIT(RCC->BDCR, RCC_BDCR_LSEDRV));
1028:Drivers/STM32F0xx_HAL_Driver/Inc/stm32f0xx_ll_rcc.h **** }
1029:Drivers/STM32F0xx_HAL_Driver/Inc/stm32f0xx_ll_rcc.h **** 
1030:Drivers/STM32F0xx_HAL_Driver/Inc/stm32f0xx_ll_rcc.h **** /**
1031:Drivers/STM32F0xx_HAL_Driver/Inc/stm32f0xx_ll_rcc.h ****   * @brief  Check if LSE oscillator Ready
1032:Drivers/STM32F0xx_HAL_Driver/Inc/stm32f0xx_ll_rcc.h ****   * @rmtoll BDCR         LSERDY        LL_RCC_LSE_IsReady
1033:Drivers/STM32F0xx_HAL_Driver/Inc/stm32f0xx_ll_rcc.h ****   * @retval State of bit (1 or 0).
1034:Drivers/STM32F0xx_HAL_Driver/Inc/stm32f0xx_ll_rcc.h ****   */
1035:Drivers/STM32F0xx_HAL_Driver/Inc/stm32f0xx_ll_rcc.h **** __STATIC_INLINE uint32_t LL_RCC_LSE_IsReady(void)
1036:Drivers/STM32F0xx_HAL_Driver/Inc/stm32f0xx_ll_rcc.h **** {
1037:Drivers/STM32F0xx_HAL_Driver/Inc/stm32f0xx_ll_rcc.h ****   return (READ_BIT(RCC->BDCR, RCC_BDCR_LSERDY) == (RCC_BDCR_LSERDY));
1038:Drivers/STM32F0xx_HAL_Driver/Inc/stm32f0xx_ll_rcc.h **** }
1039:Drivers/STM32F0xx_HAL_Driver/Inc/stm32f0xx_ll_rcc.h **** 
1040:Drivers/STM32F0xx_HAL_Driver/Inc/stm32f0xx_ll_rcc.h **** /**
1041:Drivers/STM32F0xx_HAL_Driver/Inc/stm32f0xx_ll_rcc.h ****   * @}
1042:Drivers/STM32F0xx_HAL_Driver/Inc/stm32f0xx_ll_rcc.h ****   */
1043:Drivers/STM32F0xx_HAL_Driver/Inc/stm32f0xx_ll_rcc.h **** 
1044:Drivers/STM32F0xx_HAL_Driver/Inc/stm32f0xx_ll_rcc.h **** /** @defgroup RCC_LL_EF_LSI LSI
1045:Drivers/STM32F0xx_HAL_Driver/Inc/stm32f0xx_ll_rcc.h ****   * @{
1046:Drivers/STM32F0xx_HAL_Driver/Inc/stm32f0xx_ll_rcc.h ****   */
1047:Drivers/STM32F0xx_HAL_Driver/Inc/stm32f0xx_ll_rcc.h **** 
1048:Drivers/STM32F0xx_HAL_Driver/Inc/stm32f0xx_ll_rcc.h **** /**
1049:Drivers/STM32F0xx_HAL_Driver/Inc/stm32f0xx_ll_rcc.h ****   * @brief  Enable LSI Oscillator
1050:Drivers/STM32F0xx_HAL_Driver/Inc/stm32f0xx_ll_rcc.h ****   * @rmtoll CSR          LSION         LL_RCC_LSI_Enable
1051:Drivers/STM32F0xx_HAL_Driver/Inc/stm32f0xx_ll_rcc.h ****   * @retval None
1052:Drivers/STM32F0xx_HAL_Driver/Inc/stm32f0xx_ll_rcc.h ****   */
1053:Drivers/STM32F0xx_HAL_Driver/Inc/stm32f0xx_ll_rcc.h **** __STATIC_INLINE void LL_RCC_LSI_Enable(void)
1054:Drivers/STM32F0xx_HAL_Driver/Inc/stm32f0xx_ll_rcc.h **** {
1055:Drivers/STM32F0xx_HAL_Driver/Inc/stm32f0xx_ll_rcc.h ****   SET_BIT(RCC->CSR, RCC_CSR_LSION);
1056:Drivers/STM32F0xx_HAL_Driver/Inc/stm32f0xx_ll_rcc.h **** }
1057:Drivers/STM32F0xx_HAL_Driver/Inc/stm32f0xx_ll_rcc.h **** 
1058:Drivers/STM32F0xx_HAL_Driver/Inc/stm32f0xx_ll_rcc.h **** /**
1059:Drivers/STM32F0xx_HAL_Driver/Inc/stm32f0xx_ll_rcc.h ****   * @brief  Disable LSI Oscillator
ARM GAS  C:\Users\three\AppData\Local\Temp\cc3mDhxh.s 			page 84


1060:Drivers/STM32F0xx_HAL_Driver/Inc/stm32f0xx_ll_rcc.h ****   * @rmtoll CSR          LSION         LL_RCC_LSI_Disable
1061:Drivers/STM32F0xx_HAL_Driver/Inc/stm32f0xx_ll_rcc.h ****   * @retval None
1062:Drivers/STM32F0xx_HAL_Driver/Inc/stm32f0xx_ll_rcc.h ****   */
1063:Drivers/STM32F0xx_HAL_Driver/Inc/stm32f0xx_ll_rcc.h **** __STATIC_INLINE void LL_RCC_LSI_Disable(void)
1064:Drivers/STM32F0xx_HAL_Driver/Inc/stm32f0xx_ll_rcc.h **** {
1065:Drivers/STM32F0xx_HAL_Driver/Inc/stm32f0xx_ll_rcc.h ****   CLEAR_BIT(RCC->CSR, RCC_CSR_LSION);
1066:Drivers/STM32F0xx_HAL_Driver/Inc/stm32f0xx_ll_rcc.h **** }
1067:Drivers/STM32F0xx_HAL_Driver/Inc/stm32f0xx_ll_rcc.h **** 
1068:Drivers/STM32F0xx_HAL_Driver/Inc/stm32f0xx_ll_rcc.h **** /**
1069:Drivers/STM32F0xx_HAL_Driver/Inc/stm32f0xx_ll_rcc.h ****   * @brief  Check if LSI is Ready
1070:Drivers/STM32F0xx_HAL_Driver/Inc/stm32f0xx_ll_rcc.h ****   * @rmtoll CSR          LSIRDY        LL_RCC_LSI_IsReady
1071:Drivers/STM32F0xx_HAL_Driver/Inc/stm32f0xx_ll_rcc.h ****   * @retval State of bit (1 or 0).
1072:Drivers/STM32F0xx_HAL_Driver/Inc/stm32f0xx_ll_rcc.h ****   */
1073:Drivers/STM32F0xx_HAL_Driver/Inc/stm32f0xx_ll_rcc.h **** __STATIC_INLINE uint32_t LL_RCC_LSI_IsReady(void)
1074:Drivers/STM32F0xx_HAL_Driver/Inc/stm32f0xx_ll_rcc.h **** {
1075:Drivers/STM32F0xx_HAL_Driver/Inc/stm32f0xx_ll_rcc.h ****   return (READ_BIT(RCC->CSR, RCC_CSR_LSIRDY) == (RCC_CSR_LSIRDY));
1076:Drivers/STM32F0xx_HAL_Driver/Inc/stm32f0xx_ll_rcc.h **** }
1077:Drivers/STM32F0xx_HAL_Driver/Inc/stm32f0xx_ll_rcc.h **** 
1078:Drivers/STM32F0xx_HAL_Driver/Inc/stm32f0xx_ll_rcc.h **** /**
1079:Drivers/STM32F0xx_HAL_Driver/Inc/stm32f0xx_ll_rcc.h ****   * @}
1080:Drivers/STM32F0xx_HAL_Driver/Inc/stm32f0xx_ll_rcc.h ****   */
1081:Drivers/STM32F0xx_HAL_Driver/Inc/stm32f0xx_ll_rcc.h **** 
1082:Drivers/STM32F0xx_HAL_Driver/Inc/stm32f0xx_ll_rcc.h **** /** @defgroup RCC_LL_EF_System System
1083:Drivers/STM32F0xx_HAL_Driver/Inc/stm32f0xx_ll_rcc.h ****   * @{
1084:Drivers/STM32F0xx_HAL_Driver/Inc/stm32f0xx_ll_rcc.h ****   */
1085:Drivers/STM32F0xx_HAL_Driver/Inc/stm32f0xx_ll_rcc.h **** 
1086:Drivers/STM32F0xx_HAL_Driver/Inc/stm32f0xx_ll_rcc.h **** /**
1087:Drivers/STM32F0xx_HAL_Driver/Inc/stm32f0xx_ll_rcc.h ****   * @brief  Configure the system clock source
1088:Drivers/STM32F0xx_HAL_Driver/Inc/stm32f0xx_ll_rcc.h ****   * @rmtoll CFGR         SW            LL_RCC_SetSysClkSource
1089:Drivers/STM32F0xx_HAL_Driver/Inc/stm32f0xx_ll_rcc.h ****   * @param  Source This parameter can be one of the following values:
1090:Drivers/STM32F0xx_HAL_Driver/Inc/stm32f0xx_ll_rcc.h ****   *         @arg @ref LL_RCC_SYS_CLKSOURCE_HSI
1091:Drivers/STM32F0xx_HAL_Driver/Inc/stm32f0xx_ll_rcc.h ****   *         @arg @ref LL_RCC_SYS_CLKSOURCE_HSE
1092:Drivers/STM32F0xx_HAL_Driver/Inc/stm32f0xx_ll_rcc.h ****   *         @arg @ref LL_RCC_SYS_CLKSOURCE_PLL
1093:Drivers/STM32F0xx_HAL_Driver/Inc/stm32f0xx_ll_rcc.h ****   *         @arg @ref LL_RCC_SYS_CLKSOURCE_HSI48 (*)
1094:Drivers/STM32F0xx_HAL_Driver/Inc/stm32f0xx_ll_rcc.h ****   *
1095:Drivers/STM32F0xx_HAL_Driver/Inc/stm32f0xx_ll_rcc.h ****   *         (*) value not defined in all devices
1096:Drivers/STM32F0xx_HAL_Driver/Inc/stm32f0xx_ll_rcc.h ****   * @retval None
1097:Drivers/STM32F0xx_HAL_Driver/Inc/stm32f0xx_ll_rcc.h ****   */
1098:Drivers/STM32F0xx_HAL_Driver/Inc/stm32f0xx_ll_rcc.h **** __STATIC_INLINE void LL_RCC_SetSysClkSource(uint32_t Source)
1099:Drivers/STM32F0xx_HAL_Driver/Inc/stm32f0xx_ll_rcc.h **** {
1100:Drivers/STM32F0xx_HAL_Driver/Inc/stm32f0xx_ll_rcc.h ****   MODIFY_REG(RCC->CFGR, RCC_CFGR_SW, Source);
1101:Drivers/STM32F0xx_HAL_Driver/Inc/stm32f0xx_ll_rcc.h **** }
1102:Drivers/STM32F0xx_HAL_Driver/Inc/stm32f0xx_ll_rcc.h **** 
1103:Drivers/STM32F0xx_HAL_Driver/Inc/stm32f0xx_ll_rcc.h **** /**
1104:Drivers/STM32F0xx_HAL_Driver/Inc/stm32f0xx_ll_rcc.h ****   * @brief  Get the system clock source
1105:Drivers/STM32F0xx_HAL_Driver/Inc/stm32f0xx_ll_rcc.h ****   * @rmtoll CFGR         SWS           LL_RCC_GetSysClkSource
1106:Drivers/STM32F0xx_HAL_Driver/Inc/stm32f0xx_ll_rcc.h ****   * @retval Returned value can be one of the following values:
1107:Drivers/STM32F0xx_HAL_Driver/Inc/stm32f0xx_ll_rcc.h ****   *         @arg @ref LL_RCC_SYS_CLKSOURCE_STATUS_HSI
1108:Drivers/STM32F0xx_HAL_Driver/Inc/stm32f0xx_ll_rcc.h ****   *         @arg @ref LL_RCC_SYS_CLKSOURCE_STATUS_HSE
1109:Drivers/STM32F0xx_HAL_Driver/Inc/stm32f0xx_ll_rcc.h ****   *         @arg @ref LL_RCC_SYS_CLKSOURCE_STATUS_PLL
1110:Drivers/STM32F0xx_HAL_Driver/Inc/stm32f0xx_ll_rcc.h ****   *         @arg @ref LL_RCC_SYS_CLKSOURCE_STATUS_HSI48 (*)
1111:Drivers/STM32F0xx_HAL_Driver/Inc/stm32f0xx_ll_rcc.h ****   *
1112:Drivers/STM32F0xx_HAL_Driver/Inc/stm32f0xx_ll_rcc.h ****   *         (*) value not defined in all devices
1113:Drivers/STM32F0xx_HAL_Driver/Inc/stm32f0xx_ll_rcc.h ****   */
1114:Drivers/STM32F0xx_HAL_Driver/Inc/stm32f0xx_ll_rcc.h **** __STATIC_INLINE uint32_t LL_RCC_GetSysClkSource(void)
1115:Drivers/STM32F0xx_HAL_Driver/Inc/stm32f0xx_ll_rcc.h **** {
1116:Drivers/STM32F0xx_HAL_Driver/Inc/stm32f0xx_ll_rcc.h ****   return (uint32_t)(READ_BIT(RCC->CFGR, RCC_CFGR_SWS));
ARM GAS  C:\Users\three\AppData\Local\Temp\cc3mDhxh.s 			page 85


1117:Drivers/STM32F0xx_HAL_Driver/Inc/stm32f0xx_ll_rcc.h **** }
1118:Drivers/STM32F0xx_HAL_Driver/Inc/stm32f0xx_ll_rcc.h **** 
1119:Drivers/STM32F0xx_HAL_Driver/Inc/stm32f0xx_ll_rcc.h **** /**
1120:Drivers/STM32F0xx_HAL_Driver/Inc/stm32f0xx_ll_rcc.h ****   * @brief  Set AHB prescaler
1121:Drivers/STM32F0xx_HAL_Driver/Inc/stm32f0xx_ll_rcc.h ****   * @rmtoll CFGR         HPRE          LL_RCC_SetAHBPrescaler
1122:Drivers/STM32F0xx_HAL_Driver/Inc/stm32f0xx_ll_rcc.h ****   * @param  Prescaler This parameter can be one of the following values:
1123:Drivers/STM32F0xx_HAL_Driver/Inc/stm32f0xx_ll_rcc.h ****   *         @arg @ref LL_RCC_SYSCLK_DIV_1
1124:Drivers/STM32F0xx_HAL_Driver/Inc/stm32f0xx_ll_rcc.h ****   *         @arg @ref LL_RCC_SYSCLK_DIV_2
1125:Drivers/STM32F0xx_HAL_Driver/Inc/stm32f0xx_ll_rcc.h ****   *         @arg @ref LL_RCC_SYSCLK_DIV_4
1126:Drivers/STM32F0xx_HAL_Driver/Inc/stm32f0xx_ll_rcc.h ****   *         @arg @ref LL_RCC_SYSCLK_DIV_8
1127:Drivers/STM32F0xx_HAL_Driver/Inc/stm32f0xx_ll_rcc.h ****   *         @arg @ref LL_RCC_SYSCLK_DIV_16
1128:Drivers/STM32F0xx_HAL_Driver/Inc/stm32f0xx_ll_rcc.h ****   *         @arg @ref LL_RCC_SYSCLK_DIV_64
1129:Drivers/STM32F0xx_HAL_Driver/Inc/stm32f0xx_ll_rcc.h ****   *         @arg @ref LL_RCC_SYSCLK_DIV_128
1130:Drivers/STM32F0xx_HAL_Driver/Inc/stm32f0xx_ll_rcc.h ****   *         @arg @ref LL_RCC_SYSCLK_DIV_256
1131:Drivers/STM32F0xx_HAL_Driver/Inc/stm32f0xx_ll_rcc.h ****   *         @arg @ref LL_RCC_SYSCLK_DIV_512
1132:Drivers/STM32F0xx_HAL_Driver/Inc/stm32f0xx_ll_rcc.h ****   * @retval None
1133:Drivers/STM32F0xx_HAL_Driver/Inc/stm32f0xx_ll_rcc.h ****   */
1134:Drivers/STM32F0xx_HAL_Driver/Inc/stm32f0xx_ll_rcc.h **** __STATIC_INLINE void LL_RCC_SetAHBPrescaler(uint32_t Prescaler)
 768              		.loc 5 1134 22 view .LVU186
 769              	.LBB43:
1135:Drivers/STM32F0xx_HAL_Driver/Inc/stm32f0xx_ll_rcc.h **** {
1136:Drivers/STM32F0xx_HAL_Driver/Inc/stm32f0xx_ll_rcc.h ****   MODIFY_REG(RCC->CFGR, RCC_CFGR_HPRE, Prescaler);
 770              		.loc 5 1136 3 view .LVU187
 771 0034 5A68     		ldr	r2, [r3, #4]
 772 0036 7031     		adds	r1, r1, #112
 773 0038 8A43     		bics	r2, r1
 774 003a 5A60     		str	r2, [r3, #4]
 775              	.LVL36:
 776              		.loc 5 1136 3 is_stmt 0 view .LVU188
 777              	.LBE43:
 778              	.LBE42:
 164:Core/Src/main.c ****     LL_RCC_SetSysClkSource(LL_RCC_SYS_CLKSOURCE_HSI);
 779              		.loc 1 164 5 is_stmt 1 view .LVU189
 780              	.LBB44:
 781              	.LBI44:
1137:Drivers/STM32F0xx_HAL_Driver/Inc/stm32f0xx_ll_rcc.h **** }
1138:Drivers/STM32F0xx_HAL_Driver/Inc/stm32f0xx_ll_rcc.h **** 
1139:Drivers/STM32F0xx_HAL_Driver/Inc/stm32f0xx_ll_rcc.h **** /**
1140:Drivers/STM32F0xx_HAL_Driver/Inc/stm32f0xx_ll_rcc.h ****   * @brief  Set APB1 prescaler
1141:Drivers/STM32F0xx_HAL_Driver/Inc/stm32f0xx_ll_rcc.h ****   * @rmtoll CFGR         PPRE         LL_RCC_SetAPB1Prescaler
1142:Drivers/STM32F0xx_HAL_Driver/Inc/stm32f0xx_ll_rcc.h ****   * @param  Prescaler This parameter can be one of the following values:
1143:Drivers/STM32F0xx_HAL_Driver/Inc/stm32f0xx_ll_rcc.h ****   *         @arg @ref LL_RCC_APB1_DIV_1
1144:Drivers/STM32F0xx_HAL_Driver/Inc/stm32f0xx_ll_rcc.h ****   *         @arg @ref LL_RCC_APB1_DIV_2
1145:Drivers/STM32F0xx_HAL_Driver/Inc/stm32f0xx_ll_rcc.h ****   *         @arg @ref LL_RCC_APB1_DIV_4
1146:Drivers/STM32F0xx_HAL_Driver/Inc/stm32f0xx_ll_rcc.h ****   *         @arg @ref LL_RCC_APB1_DIV_8
1147:Drivers/STM32F0xx_HAL_Driver/Inc/stm32f0xx_ll_rcc.h ****   *         @arg @ref LL_RCC_APB1_DIV_16
1148:Drivers/STM32F0xx_HAL_Driver/Inc/stm32f0xx_ll_rcc.h ****   * @retval None
1149:Drivers/STM32F0xx_HAL_Driver/Inc/stm32f0xx_ll_rcc.h ****   */
1150:Drivers/STM32F0xx_HAL_Driver/Inc/stm32f0xx_ll_rcc.h **** __STATIC_INLINE void LL_RCC_SetAPB1Prescaler(uint32_t Prescaler)
 782              		.loc 5 1150 22 view .LVU190
 783              	.LBB45:
1151:Drivers/STM32F0xx_HAL_Driver/Inc/stm32f0xx_ll_rcc.h **** {
1152:Drivers/STM32F0xx_HAL_Driver/Inc/stm32f0xx_ll_rcc.h ****   MODIFY_REG(RCC->CFGR, RCC_CFGR_PPRE, Prescaler);
 784              		.loc 5 1152 3 view .LVU191
 785 003c 5A68     		ldr	r2, [r3, #4]
 786 003e 0D49     		ldr	r1, .L49+8
 787 0040 0A40     		ands	r2, r1
ARM GAS  C:\Users\three\AppData\Local\Temp\cc3mDhxh.s 			page 86


 788 0042 5A60     		str	r2, [r3, #4]
 789              	.LVL37:
 790              		.loc 5 1152 3 is_stmt 0 view .LVU192
 791              	.LBE45:
 792              	.LBE44:
 165:Core/Src/main.c ****     while(LL_RCC_GetSysClkSource() != LL_RCC_SYS_CLKSOURCE_STATUS_HSI) {}
 793              		.loc 1 165 5 is_stmt 1 view .LVU193
 794              	.LBB46:
 795              	.LBI46:
1098:Drivers/STM32F0xx_HAL_Driver/Inc/stm32f0xx_ll_rcc.h **** {
 796              		.loc 5 1098 22 view .LVU194
 797              	.LBB47:
1100:Drivers/STM32F0xx_HAL_Driver/Inc/stm32f0xx_ll_rcc.h **** }
 798              		.loc 5 1100 3 view .LVU195
 799 0044 5A68     		ldr	r2, [r3, #4]
 800 0046 0321     		movs	r1, #3
 801 0048 8A43     		bics	r2, r1
 802 004a 5A60     		str	r2, [r3, #4]
 803              	.LVL38:
1100:Drivers/STM32F0xx_HAL_Driver/Inc/stm32f0xx_ll_rcc.h **** }
 804              		.loc 5 1100 3 is_stmt 0 view .LVU196
 805              	.LBE47:
 806              	.LBE46:
 166:Core/Src/main.c **** 
 807              		.loc 1 166 5 is_stmt 1 view .LVU197
 808              	.L44:
 166:Core/Src/main.c **** 
 809              		.loc 1 166 73 discriminator 1 view .LVU198
 166:Core/Src/main.c **** 
 810              		.loc 1 166 36 discriminator 1 view .LVU199
 811              	.LBB48:
 812              	.LBI48:
1114:Drivers/STM32F0xx_HAL_Driver/Inc/stm32f0xx_ll_rcc.h **** {
 813              		.loc 5 1114 26 view .LVU200
 814              	.LBB49:
1116:Drivers/STM32F0xx_HAL_Driver/Inc/stm32f0xx_ll_rcc.h **** }
 815              		.loc 5 1116 3 view .LVU201
1116:Drivers/STM32F0xx_HAL_Driver/Inc/stm32f0xx_ll_rcc.h **** }
 816              		.loc 5 1116 21 is_stmt 0 view .LVU202
 817 004c 084B     		ldr	r3, .L49+4
 818 004e 5B68     		ldr	r3, [r3, #4]
1116:Drivers/STM32F0xx_HAL_Driver/Inc/stm32f0xx_ll_rcc.h **** }
 819              		.loc 5 1116 10 view .LVU203
 820 0050 0C22     		movs	r2, #12
 821              	.LBE49:
 822              	.LBE48:
 166:Core/Src/main.c **** 
 823              		.loc 1 166 36 discriminator 1 view .LVU204
 824 0052 1A42     		tst	r2, r3
 825 0054 FAD1     		bne	.L44
 168:Core/Src/main.c **** 
 826              		.loc 1 168 5 is_stmt 1 view .LVU205
 827 0056 0848     		ldr	r0, .L49+12
 828 0058 FFF7FEFF 		bl	LL_SetSystemCoreClock
 829              	.LVL39:
 170:Core/Src/main.c ****         Error_Handler();
 830              		.loc 1 170 5 view .LVU206
ARM GAS  C:\Users\three\AppData\Local\Temp\cc3mDhxh.s 			page 87


 170:Core/Src/main.c ****         Error_Handler();
 831              		.loc 1 170 9 is_stmt 0 view .LVU207
 832 005c 0320     		movs	r0, #3
 833 005e FFF7FEFF 		bl	HAL_InitTick
 834              	.LVL40:
 170:Core/Src/main.c ****         Error_Handler();
 835              		.loc 1 170 8 discriminator 1 view .LVU208
 836 0062 0028     		cmp	r0, #0
 837 0064 00D1     		bne	.L48
 173:Core/Src/main.c **** 
 838              		.loc 1 173 1 view .LVU209
 839              		@ sp needed
 840 0066 10BD     		pop	{r4, pc}
 841              	.L48:
 171:Core/Src/main.c ****     }
 842              		.loc 1 171 9 is_stmt 1 view .LVU210
 843 0068 FFF7FEFF 		bl	Error_Handler
 844              	.LVL41:
 845              	.L50:
 846              		.align	2
 847              	.L49:
 848 006c 00200240 		.word	1073881088
 849 0070 00100240 		.word	1073876992
 850 0074 FFF8FFFF 		.word	-1793
 851 0078 00127A00 		.word	8000000
 852              		.cfi_endproc
 853              	.LFE348:
 855              		.section	.text.main,"ax",%progbits
 856              		.align	1
 857              		.global	main
 858              		.syntax unified
 859              		.code	16
 860              		.thumb_func
 862              	main:
 863              	.LFB347:
 120:Core/Src/main.c **** 	HAL_Init();
 864              		.loc 1 120 1 view -0
 865              		.cfi_startproc
 866              		@ Volatile: function does not return.
 867              		@ args = 0, pretend = 0, frame = 0
 868              		@ frame_needed = 0, uses_anonymous_args = 0
 869 0000 10B5     		push	{r4, lr}
 870              	.LCFI8:
 871              		.cfi_def_cfa_offset 8
 872              		.cfi_offset 4, -8
 873              		.cfi_offset 14, -4
 121:Core/Src/main.c **** 	SystemClock_Config();
 874              		.loc 1 121 2 view .LVU212
 875 0002 FFF7FEFF 		bl	HAL_Init
 876              	.LVL42:
 122:Core/Src/main.c **** 
 877              		.loc 1 122 2 view .LVU213
 878 0006 FFF7FEFF 		bl	SystemClock_Config
 879              	.LVL43:
 124:Core/Src/main.c **** 	MX_TIM16_Init();
 880              		.loc 1 124 2 view .LVU214
 881 000a FFF7FEFF 		bl	MX_GPIO_Init
ARM GAS  C:\Users\three\AppData\Local\Temp\cc3mDhxh.s 			page 88


 882              	.LVL44:
 125:Core/Src/main.c **** 
 883              		.loc 1 125 2 view .LVU215
 884 000e FFF7FEFF 		bl	MX_TIM16_Init
 885              	.LVL45:
 128:Core/Src/main.c **** 
 886              		.loc 1 128 2 view .LVU216
 887 0012 FFF7FEFF 		bl	turn_off_all_leds
 888              	.LVL46:
 131:Core/Src/main.c **** 	HAL_TIM_Base_Start_IT(&htim16);
 889              		.loc 1 131 2 view .LVU217
 890 0016 FA20     		movs	r0, #250
 891 0018 8000     		lsls	r0, r0, #2
 892 001a FFF7FEFF 		bl	change_timer_period
 893              	.LVL47:
 132:Core/Src/main.c **** 	/* USER CODE END 2 */
 894              		.loc 1 132 2 view .LVU218
 895 001e 0748     		ldr	r0, .L54
 896 0020 FFF7FEFF 		bl	HAL_TIM_Base_Start_IT
 897              	.LVL48:
 898              	.L52:
 135:Core/Src/main.c **** 	{
 899              		.loc 1 135 2 view .LVU219
 139:Core/Src/main.c **** 
 900              		.loc 1 139 3 view .LVU220
 901 0024 FFF7FEFF 		bl	handle_button_press
 902              	.LVL49:
 142:Core/Src/main.c **** 		  timer_event = 0;
 903              		.loc 1 142 3 view .LVU221
 142:Core/Src/main.c **** 		  timer_event = 0;
 904              		.loc 1 142 7 is_stmt 0 view .LVU222
 905 0028 054B     		ldr	r3, .L54+4
 906 002a 1B78     		ldrb	r3, [r3]
 142:Core/Src/main.c **** 		  timer_event = 0;
 907              		.loc 1 142 6 view .LVU223
 908 002c 002B     		cmp	r3, #0
 909 002e F9D0     		beq	.L52
 143:Core/Src/main.c **** 		  update_led_pattern();
 910              		.loc 1 143 5 is_stmt 1 view .LVU224
 143:Core/Src/main.c **** 		  update_led_pattern();
 911              		.loc 1 143 17 is_stmt 0 view .LVU225
 912 0030 034B     		ldr	r3, .L54+4
 913 0032 0022     		movs	r2, #0
 914 0034 1A70     		strb	r2, [r3]
 144:Core/Src/main.c **** 		}
 915              		.loc 1 144 5 is_stmt 1 view .LVU226
 916 0036 FFF7FEFF 		bl	update_led_pattern
 917              	.LVL50:
 918 003a F3E7     		b	.L52
 919              	.L55:
 920              		.align	2
 921              	.L54:
 922 003c 00000000 		.word	htim16
 923 0040 00000000 		.word	timer_event
 924              		.cfi_endproc
 925              	.LFE347:
 927              		.global	current_arr
ARM GAS  C:\Users\three\AppData\Local\Temp\cc3mDhxh.s 			page 89


 928              		.section	.data.current_arr,"aw"
 929              		.align	2
 932              	current_arr:
 933 0000 E7030000 		.word	999
 934              		.global	speed_state
 935              		.section	.bss.speed_state,"aw",%nobits
 938              	speed_state:
 939 0000 00       		.space	1
 940              		.global	status
 941              		.section	.data.status,"aw"
 944              	status:
 945 0000 02       		.byte	2
 946              		.global	last_update
 947              		.section	.bss.last_update,"aw",%nobits
 948              		.align	2
 951              	last_update:
 952 0000 00000000 		.space	4
 953              		.global	led_pins
 954              		.section	.data.led_pins,"aw"
 955              		.align	2
 958              	led_pins:
 959 0000 0100     		.short	1
 960 0002 0200     		.short	2
 961 0004 0400     		.short	4
 962 0006 0800     		.short	8
 963 0008 1000     		.short	16
 964 000a 2000     		.short	32
 965 000c 4000     		.short	64
 966 000e 8000     		.short	128
 967              		.global	led_ports
 968              		.section	.data.led_ports,"aw"
 969              		.align	2
 972              	led_ports:
 973 0000 00040048 		.word	1207960576
 974 0004 00040048 		.word	1207960576
 975 0008 00040048 		.word	1207960576
 976 000c 00040048 		.word	1207960576
 977 0010 00040048 		.word	1207960576
 978 0014 00040048 		.word	1207960576
 979 0018 00040048 		.word	1207960576
 980 001c 00040048 		.word	1207960576
 981              		.global	direction
 982              		.section	.data.direction,"aw"
 985              	direction:
 986 0000 01       		.byte	1
 987              		.global	current_led
 988              		.section	.bss.current_led,"aw",%nobits
 991              	current_led:
 992 0000 00       		.space	1
 993              		.global	timer_event
 994              		.section	.bss.timer_event,"aw",%nobits
 997              	timer_event:
 998 0000 00       		.space	1
 999              		.global	htim16
 1000              		.section	.bss.htim16,"aw",%nobits
 1001              		.align	2
 1004              	htim16:
ARM GAS  C:\Users\three\AppData\Local\Temp\cc3mDhxh.s 			page 90


 1005 0000 00000000 		.space	72
 1005      00000000 
 1005      00000000 
 1005      00000000 
 1005      00000000 
 1006              		.text
 1007              	.Letext0:
 1008              		.file 6 "Drivers/CMSIS/Device/ST/STM32F0xx/Include/stm32f051x8.h"
 1009              		.file 7 "C:\\ST\\STM32CubeIDE_2.2.0\\STM32CubeIDE\\plugins\\com.st.stm32cube.ide.mcu.externaltools
 1010              		.file 8 "C:\\ST\\STM32CubeIDE_2.2.0\\STM32CubeIDE\\plugins\\com.st.stm32cube.ide.mcu.externaltools
 1011              		.file 9 "Drivers/STM32F0xx_HAL_Driver/Inc/stm32f0xx_hal_def.h"
 1012              		.file 10 "Drivers/STM32F0xx_HAL_Driver/Inc/stm32f0xx_hal_gpio.h"
 1013              		.file 11 "Drivers/STM32F0xx_HAL_Driver/Inc/stm32f0xx_hal_dma.h"
 1014              		.file 12 "Drivers/STM32F0xx_HAL_Driver/Inc/stm32f0xx_hal_tim.h"
 1015              		.file 13 "Drivers/STM32F0xx_HAL_Driver/Inc/stm32f0xx_ll_utils.h"
 1016              		.file 14 "Drivers/STM32F0xx_HAL_Driver/Inc/stm32f0xx_hal.h"
 1017              		.file 15 "Drivers/STM32F0xx_HAL_Driver/Inc/stm32f0xx_ll_dma.h"
 1018              		.file 16 "<built-in>"
ARM GAS  C:\Users\three\AppData\Local\Temp\cc3mDhxh.s 			page 91


DEFINED SYMBOLS
                            *ABS*:00000000 main.c
C:\Users\three\AppData\Local\Temp\cc3mDhxh.s:19     .text.MX_GPIO_Init:00000000 $t
C:\Users\three\AppData\Local\Temp\cc3mDhxh.s:24     .text.MX_GPIO_Init:00000000 MX_GPIO_Init
C:\Users\three\AppData\Local\Temp\cc3mDhxh.s:148    .text.MX_GPIO_Init:00000074 $d
C:\Users\three\AppData\Local\Temp\cc3mDhxh.s:958    .data.led_pins:00000000 led_pins
C:\Users\three\AppData\Local\Temp\cc3mDhxh.s:972    .data.led_ports:00000000 led_ports
C:\Users\three\AppData\Local\Temp\cc3mDhxh.s:155    .text.turn_off_all_leds:00000000 $t
C:\Users\three\AppData\Local\Temp\cc3mDhxh.s:161    .text.turn_off_all_leds:00000000 turn_off_all_leds
C:\Users\three\AppData\Local\Temp\cc3mDhxh.s:208    .text.turn_off_all_leds:00000020 $d
C:\Users\three\AppData\Local\Temp\cc3mDhxh.s:214    .text.update_led_pattern:00000000 $t
C:\Users\three\AppData\Local\Temp\cc3mDhxh.s:220    .text.update_led_pattern:00000000 update_led_pattern
C:\Users\three\AppData\Local\Temp\cc3mDhxh.s:305    .text.update_led_pattern:00000060 $d
C:\Users\three\AppData\Local\Temp\cc3mDhxh.s:991    .bss.current_led:00000000 current_led
C:\Users\three\AppData\Local\Temp\cc3mDhxh.s:985    .data.direction:00000000 direction
C:\Users\three\AppData\Local\Temp\cc3mDhxh.s:313    .text.change_timer_period:00000000 $t
C:\Users\three\AppData\Local\Temp\cc3mDhxh.s:319    .text.change_timer_period:00000000 change_timer_period
C:\Users\three\AppData\Local\Temp\cc3mDhxh.s:349    .text.change_timer_period:00000010 $d
C:\Users\three\AppData\Local\Temp\cc3mDhxh.s:932    .data.current_arr:00000000 current_arr
C:\Users\three\AppData\Local\Temp\cc3mDhxh.s:355    .text.handle_button_press:00000000 $t
C:\Users\three\AppData\Local\Temp\cc3mDhxh.s:361    .text.handle_button_press:00000000 handle_button_press
C:\Users\three\AppData\Local\Temp\cc3mDhxh.s:494    .text.handle_button_press:00000084 $d
C:\Users\three\AppData\Local\Temp\cc3mDhxh.s:944    .data.status:00000000 status
C:\Users\three\AppData\Local\Temp\cc3mDhxh.s:938    .bss.speed_state:00000000 speed_state
C:\Users\three\AppData\Local\Temp\cc3mDhxh.s:951    .bss.last_update:00000000 last_update
C:\Users\three\AppData\Local\Temp\cc3mDhxh.s:502    .text.TIM16_IRQHandler:00000000 $t
C:\Users\three\AppData\Local\Temp\cc3mDhxh.s:508    .text.TIM16_IRQHandler:00000000 TIM16_IRQHandler
C:\Users\three\AppData\Local\Temp\cc3mDhxh.s:534    .text.TIM16_IRQHandler:00000010 $d
C:\Users\three\AppData\Local\Temp\cc3mDhxh.s:1004   .bss.htim16:00000000 htim16
C:\Users\three\AppData\Local\Temp\cc3mDhxh.s:997    .bss.timer_event:00000000 timer_event
C:\Users\three\AppData\Local\Temp\cc3mDhxh.s:540    .text.Error_Handler:00000000 $t
C:\Users\three\AppData\Local\Temp\cc3mDhxh.s:546    .text.Error_Handler:00000000 Error_Handler
C:\Users\three\AppData\Local\Temp\cc3mDhxh.s:578    .text.MX_TIM16_Init:00000000 $t
C:\Users\three\AppData\Local\Temp\cc3mDhxh.s:583    .text.MX_TIM16_Init:00000000 MX_TIM16_Init
C:\Users\three\AppData\Local\Temp\cc3mDhxh.s:656    .text.MX_TIM16_Init:00000034 $d
C:\Users\three\AppData\Local\Temp\cc3mDhxh.s:665    .text.SystemClock_Config:00000000 $t
C:\Users\three\AppData\Local\Temp\cc3mDhxh.s:671    .text.SystemClock_Config:00000000 SystemClock_Config
C:\Users\three\AppData\Local\Temp\cc3mDhxh.s:848    .text.SystemClock_Config:0000006c $d
C:\Users\three\AppData\Local\Temp\cc3mDhxh.s:856    .text.main:00000000 $t
C:\Users\three\AppData\Local\Temp\cc3mDhxh.s:862    .text.main:00000000 main
C:\Users\three\AppData\Local\Temp\cc3mDhxh.s:922    .text.main:0000003c $d
C:\Users\three\AppData\Local\Temp\cc3mDhxh.s:929    .data.current_arr:00000000 $d
C:\Users\three\AppData\Local\Temp\cc3mDhxh.s:939    .bss.speed_state:00000000 $d
C:\Users\three\AppData\Local\Temp\cc3mDhxh.s:948    .bss.last_update:00000000 $d
C:\Users\three\AppData\Local\Temp\cc3mDhxh.s:955    .data.led_pins:00000000 $d
C:\Users\three\AppData\Local\Temp\cc3mDhxh.s:969    .data.led_ports:00000000 $d
C:\Users\three\AppData\Local\Temp\cc3mDhxh.s:992    .bss.current_led:00000000 $d
C:\Users\three\AppData\Local\Temp\cc3mDhxh.s:998    .bss.timer_event:00000000 $d
C:\Users\three\AppData\Local\Temp\cc3mDhxh.s:1001   .bss.htim16:00000000 $d

UNDEFINED SYMBOLS
memset
HAL_GPIO_Init
HAL_GPIO_WritePin
HAL_GetTick
HAL_GPIO_ReadPin
HAL_TIM_IRQHandler
ARM GAS  C:\Users\three\AppData\Local\Temp\cc3mDhxh.s 			page 92


HAL_TIM_Base_Init
LL_SetSystemCoreClock
HAL_InitTick
HAL_Init
HAL_TIM_Base_Start_IT
