ARM GAS  C:\Users\three\AppData\Local\Temp\cc5zQioE.s 			page 1


   1              		.cpu cortex-m0
   2              		.arch armv6s-m
   3              		.fpu softvfp
   4              		.eabi_attribute 20, 1
   5              		.eabi_attribute 21, 1
   6              		.eabi_attribute 23, 3
   7              		.eabi_attribute 24, 1
   8              		.eabi_attribute 25, 1
   9              		.eabi_attribute 26, 1
  10              		.eabi_attribute 30, 1
  11              		.eabi_attribute 34, 0
  12              		.eabi_attribute 18, 4
  13              		.file	"stm32f0xx_hal_flash.c"
  14              		.text
  15              	.Ltext0:
  16              		.cfi_sections	.debug_frame
  17              		.file 1 "Drivers/STM32F0xx_HAL_Driver/Src/stm32f0xx_hal_flash.c"
  18              		.section	.text.FLASH_Program_HalfWord,"ax",%progbits
  19              		.align	1
  20              		.syntax unified
  21              		.code	16
  22              		.thumb_func
  24              	FLASH_Program_HalfWord:
  25              	.LVL0:
  26              	.LFB51:
   1:Drivers/STM32F0xx_HAL_Driver/Src/stm32f0xx_hal_flash.c **** /**
   2:Drivers/STM32F0xx_HAL_Driver/Src/stm32f0xx_hal_flash.c ****   ******************************************************************************
   3:Drivers/STM32F0xx_HAL_Driver/Src/stm32f0xx_hal_flash.c ****   * @file    stm32f0xx_hal_flash.c
   4:Drivers/STM32F0xx_HAL_Driver/Src/stm32f0xx_hal_flash.c ****   * @author  MCD Application Team
   5:Drivers/STM32F0xx_HAL_Driver/Src/stm32f0xx_hal_flash.c ****   * @brief   FLASH HAL module driver.
   6:Drivers/STM32F0xx_HAL_Driver/Src/stm32f0xx_hal_flash.c ****   *          This file provides firmware functions to manage the following 
   7:Drivers/STM32F0xx_HAL_Driver/Src/stm32f0xx_hal_flash.c ****   *          functionalities of the internal FLASH memory:
   8:Drivers/STM32F0xx_HAL_Driver/Src/stm32f0xx_hal_flash.c ****   *           + Program operations functions
   9:Drivers/STM32F0xx_HAL_Driver/Src/stm32f0xx_hal_flash.c ****   *           + Memory Control functions 
  10:Drivers/STM32F0xx_HAL_Driver/Src/stm32f0xx_hal_flash.c ****   *           + Peripheral State functions
  11:Drivers/STM32F0xx_HAL_Driver/Src/stm32f0xx_hal_flash.c ****   *         
  12:Drivers/STM32F0xx_HAL_Driver/Src/stm32f0xx_hal_flash.c ****   @verbatim
  13:Drivers/STM32F0xx_HAL_Driver/Src/stm32f0xx_hal_flash.c ****   ==============================================================================
  14:Drivers/STM32F0xx_HAL_Driver/Src/stm32f0xx_hal_flash.c ****                         ##### FLASH peripheral features #####
  15:Drivers/STM32F0xx_HAL_Driver/Src/stm32f0xx_hal_flash.c ****   ==============================================================================
  16:Drivers/STM32F0xx_HAL_Driver/Src/stm32f0xx_hal_flash.c ****   [..] The Flash memory interface manages CPU AHB I-Code and D-Code accesses 
  17:Drivers/STM32F0xx_HAL_Driver/Src/stm32f0xx_hal_flash.c ****        to the Flash memory. It implements the erase and program Flash memory operations 
  18:Drivers/STM32F0xx_HAL_Driver/Src/stm32f0xx_hal_flash.c ****        and the read and write protection mechanisms.
  19:Drivers/STM32F0xx_HAL_Driver/Src/stm32f0xx_hal_flash.c **** 
  20:Drivers/STM32F0xx_HAL_Driver/Src/stm32f0xx_hal_flash.c ****   [..] The Flash memory interface accelerates code execution with a system of instruction
  21:Drivers/STM32F0xx_HAL_Driver/Src/stm32f0xx_hal_flash.c ****       prefetch. 
  22:Drivers/STM32F0xx_HAL_Driver/Src/stm32f0xx_hal_flash.c **** 
  23:Drivers/STM32F0xx_HAL_Driver/Src/stm32f0xx_hal_flash.c ****   [..] The FLASH main features are:
  24:Drivers/STM32F0xx_HAL_Driver/Src/stm32f0xx_hal_flash.c ****       (+) Flash memory read operations
  25:Drivers/STM32F0xx_HAL_Driver/Src/stm32f0xx_hal_flash.c ****       (+) Flash memory program/erase operations
  26:Drivers/STM32F0xx_HAL_Driver/Src/stm32f0xx_hal_flash.c ****       (+) Read / write protections
  27:Drivers/STM32F0xx_HAL_Driver/Src/stm32f0xx_hal_flash.c ****       (+) Prefetch on I-Code
  28:Drivers/STM32F0xx_HAL_Driver/Src/stm32f0xx_hal_flash.c ****       (+) Option Bytes programming
  29:Drivers/STM32F0xx_HAL_Driver/Src/stm32f0xx_hal_flash.c **** 
  30:Drivers/STM32F0xx_HAL_Driver/Src/stm32f0xx_hal_flash.c **** 
  31:Drivers/STM32F0xx_HAL_Driver/Src/stm32f0xx_hal_flash.c ****                      ##### How to use this driver #####
  32:Drivers/STM32F0xx_HAL_Driver/Src/stm32f0xx_hal_flash.c ****   ==============================================================================
ARM GAS  C:\Users\three\AppData\Local\Temp\cc5zQioE.s 			page 2


  33:Drivers/STM32F0xx_HAL_Driver/Src/stm32f0xx_hal_flash.c ****   [..]                             
  34:Drivers/STM32F0xx_HAL_Driver/Src/stm32f0xx_hal_flash.c ****       This driver provides functions and macros to configure and program the FLASH 
  35:Drivers/STM32F0xx_HAL_Driver/Src/stm32f0xx_hal_flash.c ****       memory of all STM32F0xx devices.
  36:Drivers/STM32F0xx_HAL_Driver/Src/stm32f0xx_hal_flash.c ****     
  37:Drivers/STM32F0xx_HAL_Driver/Src/stm32f0xx_hal_flash.c ****       (#) FLASH Memory I/O Programming functions: this group includes all needed
  38:Drivers/STM32F0xx_HAL_Driver/Src/stm32f0xx_hal_flash.c ****           functions to erase and program the main memory:
  39:Drivers/STM32F0xx_HAL_Driver/Src/stm32f0xx_hal_flash.c ****         (++) Lock and Unlock the FLASH interface
  40:Drivers/STM32F0xx_HAL_Driver/Src/stm32f0xx_hal_flash.c ****         (++) Erase function: Erase page, erase all pages
  41:Drivers/STM32F0xx_HAL_Driver/Src/stm32f0xx_hal_flash.c ****         (++) Program functions: half word, word and doubleword
  42:Drivers/STM32F0xx_HAL_Driver/Src/stm32f0xx_hal_flash.c ****       (#) FLASH Option Bytes Programming functions: this group includes all needed
  43:Drivers/STM32F0xx_HAL_Driver/Src/stm32f0xx_hal_flash.c ****           functions to manage the Option Bytes:
  44:Drivers/STM32F0xx_HAL_Driver/Src/stm32f0xx_hal_flash.c ****         (++) Lock and Unlock the Option Bytes
  45:Drivers/STM32F0xx_HAL_Driver/Src/stm32f0xx_hal_flash.c ****         (++) Set/Reset the write protection
  46:Drivers/STM32F0xx_HAL_Driver/Src/stm32f0xx_hal_flash.c ****         (++) Set the Read protection Level
  47:Drivers/STM32F0xx_HAL_Driver/Src/stm32f0xx_hal_flash.c ****         (++) Program the user Option Bytes
  48:Drivers/STM32F0xx_HAL_Driver/Src/stm32f0xx_hal_flash.c ****         (++) Launch the Option Bytes loader
  49:Drivers/STM32F0xx_HAL_Driver/Src/stm32f0xx_hal_flash.c ****         (++) Erase Option Bytes
  50:Drivers/STM32F0xx_HAL_Driver/Src/stm32f0xx_hal_flash.c ****         (++) Program the data Option Bytes
  51:Drivers/STM32F0xx_HAL_Driver/Src/stm32f0xx_hal_flash.c ****         (++) Get the Write protection.
  52:Drivers/STM32F0xx_HAL_Driver/Src/stm32f0xx_hal_flash.c ****         (++) Get the user option bytes.
  53:Drivers/STM32F0xx_HAL_Driver/Src/stm32f0xx_hal_flash.c ****     
  54:Drivers/STM32F0xx_HAL_Driver/Src/stm32f0xx_hal_flash.c ****       (#) Interrupts and flags management functions : this group 
  55:Drivers/STM32F0xx_HAL_Driver/Src/stm32f0xx_hal_flash.c ****           includes all needed functions to:
  56:Drivers/STM32F0xx_HAL_Driver/Src/stm32f0xx_hal_flash.c ****         (++) Handle FLASH interrupts
  57:Drivers/STM32F0xx_HAL_Driver/Src/stm32f0xx_hal_flash.c ****         (++) Wait for last FLASH operation according to its status
  58:Drivers/STM32F0xx_HAL_Driver/Src/stm32f0xx_hal_flash.c ****         (++) Get error flag status
  59:Drivers/STM32F0xx_HAL_Driver/Src/stm32f0xx_hal_flash.c **** 
  60:Drivers/STM32F0xx_HAL_Driver/Src/stm32f0xx_hal_flash.c ****   [..] In addition to these function, this driver includes a set of macros allowing
  61:Drivers/STM32F0xx_HAL_Driver/Src/stm32f0xx_hal_flash.c ****        to handle the following operations:
  62:Drivers/STM32F0xx_HAL_Driver/Src/stm32f0xx_hal_flash.c ****       
  63:Drivers/STM32F0xx_HAL_Driver/Src/stm32f0xx_hal_flash.c ****       (+) Set/Get the latency
  64:Drivers/STM32F0xx_HAL_Driver/Src/stm32f0xx_hal_flash.c ****       (+) Enable/Disable the prefetch buffer
  65:Drivers/STM32F0xx_HAL_Driver/Src/stm32f0xx_hal_flash.c ****       (+) Enable/Disable the FLASH interrupts
  66:Drivers/STM32F0xx_HAL_Driver/Src/stm32f0xx_hal_flash.c ****       (+) Monitor the FLASH flags status
  67:Drivers/STM32F0xx_HAL_Driver/Src/stm32f0xx_hal_flash.c ****           
  68:Drivers/STM32F0xx_HAL_Driver/Src/stm32f0xx_hal_flash.c ****   @endverbatim
  69:Drivers/STM32F0xx_HAL_Driver/Src/stm32f0xx_hal_flash.c ****   ******************************************************************************
  70:Drivers/STM32F0xx_HAL_Driver/Src/stm32f0xx_hal_flash.c ****   * @attention
  71:Drivers/STM32F0xx_HAL_Driver/Src/stm32f0xx_hal_flash.c ****   *
  72:Drivers/STM32F0xx_HAL_Driver/Src/stm32f0xx_hal_flash.c ****   * Copyright (c) 2016 STMicroelectronics.
  73:Drivers/STM32F0xx_HAL_Driver/Src/stm32f0xx_hal_flash.c ****   * All rights reserved.
  74:Drivers/STM32F0xx_HAL_Driver/Src/stm32f0xx_hal_flash.c ****   *
  75:Drivers/STM32F0xx_HAL_Driver/Src/stm32f0xx_hal_flash.c ****   * This software is licensed under terms that can be found in the LICENSE file in
  76:Drivers/STM32F0xx_HAL_Driver/Src/stm32f0xx_hal_flash.c ****   * the root directory of this software component.
  77:Drivers/STM32F0xx_HAL_Driver/Src/stm32f0xx_hal_flash.c ****   * If no LICENSE file comes with this software, it is provided AS-IS.
  78:Drivers/STM32F0xx_HAL_Driver/Src/stm32f0xx_hal_flash.c ****   ******************************************************************************
  79:Drivers/STM32F0xx_HAL_Driver/Src/stm32f0xx_hal_flash.c ****   */
  80:Drivers/STM32F0xx_HAL_Driver/Src/stm32f0xx_hal_flash.c **** 
  81:Drivers/STM32F0xx_HAL_Driver/Src/stm32f0xx_hal_flash.c **** /* Includes ------------------------------------------------------------------*/
  82:Drivers/STM32F0xx_HAL_Driver/Src/stm32f0xx_hal_flash.c **** #include "stm32f0xx_hal.h"
  83:Drivers/STM32F0xx_HAL_Driver/Src/stm32f0xx_hal_flash.c **** 
  84:Drivers/STM32F0xx_HAL_Driver/Src/stm32f0xx_hal_flash.c **** /** @addtogroup STM32F0xx_HAL_Driver
  85:Drivers/STM32F0xx_HAL_Driver/Src/stm32f0xx_hal_flash.c ****   * @{
  86:Drivers/STM32F0xx_HAL_Driver/Src/stm32f0xx_hal_flash.c ****   */
  87:Drivers/STM32F0xx_HAL_Driver/Src/stm32f0xx_hal_flash.c **** 
  88:Drivers/STM32F0xx_HAL_Driver/Src/stm32f0xx_hal_flash.c **** #ifdef HAL_FLASH_MODULE_ENABLED
  89:Drivers/STM32F0xx_HAL_Driver/Src/stm32f0xx_hal_flash.c **** 
ARM GAS  C:\Users\three\AppData\Local\Temp\cc5zQioE.s 			page 3


  90:Drivers/STM32F0xx_HAL_Driver/Src/stm32f0xx_hal_flash.c **** /** @defgroup FLASH FLASH
  91:Drivers/STM32F0xx_HAL_Driver/Src/stm32f0xx_hal_flash.c ****   * @brief FLASH HAL module driver
  92:Drivers/STM32F0xx_HAL_Driver/Src/stm32f0xx_hal_flash.c ****   * @{
  93:Drivers/STM32F0xx_HAL_Driver/Src/stm32f0xx_hal_flash.c ****   */
  94:Drivers/STM32F0xx_HAL_Driver/Src/stm32f0xx_hal_flash.c **** 
  95:Drivers/STM32F0xx_HAL_Driver/Src/stm32f0xx_hal_flash.c **** /* Private typedef -----------------------------------------------------------*/
  96:Drivers/STM32F0xx_HAL_Driver/Src/stm32f0xx_hal_flash.c **** /* Private define ------------------------------------------------------------*/
  97:Drivers/STM32F0xx_HAL_Driver/Src/stm32f0xx_hal_flash.c **** /** @defgroup FLASH_Private_Constants FLASH Private Constants
  98:Drivers/STM32F0xx_HAL_Driver/Src/stm32f0xx_hal_flash.c ****   * @{
  99:Drivers/STM32F0xx_HAL_Driver/Src/stm32f0xx_hal_flash.c ****   */
 100:Drivers/STM32F0xx_HAL_Driver/Src/stm32f0xx_hal_flash.c **** /**
 101:Drivers/STM32F0xx_HAL_Driver/Src/stm32f0xx_hal_flash.c ****   * @}
 102:Drivers/STM32F0xx_HAL_Driver/Src/stm32f0xx_hal_flash.c ****   */
 103:Drivers/STM32F0xx_HAL_Driver/Src/stm32f0xx_hal_flash.c **** 
 104:Drivers/STM32F0xx_HAL_Driver/Src/stm32f0xx_hal_flash.c **** /* Private macro ---------------------------- ---------------------------------*/
 105:Drivers/STM32F0xx_HAL_Driver/Src/stm32f0xx_hal_flash.c **** /** @defgroup FLASH_Private_Macros FLASH Private Macros
 106:Drivers/STM32F0xx_HAL_Driver/Src/stm32f0xx_hal_flash.c ****   * @{
 107:Drivers/STM32F0xx_HAL_Driver/Src/stm32f0xx_hal_flash.c ****   */
 108:Drivers/STM32F0xx_HAL_Driver/Src/stm32f0xx_hal_flash.c ****  
 109:Drivers/STM32F0xx_HAL_Driver/Src/stm32f0xx_hal_flash.c **** /**
 110:Drivers/STM32F0xx_HAL_Driver/Src/stm32f0xx_hal_flash.c ****   * @}
 111:Drivers/STM32F0xx_HAL_Driver/Src/stm32f0xx_hal_flash.c ****   */
 112:Drivers/STM32F0xx_HAL_Driver/Src/stm32f0xx_hal_flash.c **** 
 113:Drivers/STM32F0xx_HAL_Driver/Src/stm32f0xx_hal_flash.c **** /* Private variables ---------------------------------------------------------*/
 114:Drivers/STM32F0xx_HAL_Driver/Src/stm32f0xx_hal_flash.c **** /** @defgroup FLASH_Private_Variables FLASH Private Variables
 115:Drivers/STM32F0xx_HAL_Driver/Src/stm32f0xx_hal_flash.c ****   * @{
 116:Drivers/STM32F0xx_HAL_Driver/Src/stm32f0xx_hal_flash.c ****   */
 117:Drivers/STM32F0xx_HAL_Driver/Src/stm32f0xx_hal_flash.c **** /* Variables used for Erase pages under interruption*/
 118:Drivers/STM32F0xx_HAL_Driver/Src/stm32f0xx_hal_flash.c **** FLASH_ProcessTypeDef pFlash;
 119:Drivers/STM32F0xx_HAL_Driver/Src/stm32f0xx_hal_flash.c **** /**
 120:Drivers/STM32F0xx_HAL_Driver/Src/stm32f0xx_hal_flash.c ****   * @}
 121:Drivers/STM32F0xx_HAL_Driver/Src/stm32f0xx_hal_flash.c ****   */
 122:Drivers/STM32F0xx_HAL_Driver/Src/stm32f0xx_hal_flash.c **** 
 123:Drivers/STM32F0xx_HAL_Driver/Src/stm32f0xx_hal_flash.c **** /* Private function prototypes -----------------------------------------------*/
 124:Drivers/STM32F0xx_HAL_Driver/Src/stm32f0xx_hal_flash.c **** /** @defgroup FLASH_Private_Functions FLASH Private Functions
 125:Drivers/STM32F0xx_HAL_Driver/Src/stm32f0xx_hal_flash.c ****   * @{
 126:Drivers/STM32F0xx_HAL_Driver/Src/stm32f0xx_hal_flash.c ****   */
 127:Drivers/STM32F0xx_HAL_Driver/Src/stm32f0xx_hal_flash.c **** static  void   FLASH_Program_HalfWord(uint32_t Address, uint16_t Data);
 128:Drivers/STM32F0xx_HAL_Driver/Src/stm32f0xx_hal_flash.c **** static  void   FLASH_SetErrorCode(void);
 129:Drivers/STM32F0xx_HAL_Driver/Src/stm32f0xx_hal_flash.c **** extern void    FLASH_PageErase(uint32_t PageAddress);
 130:Drivers/STM32F0xx_HAL_Driver/Src/stm32f0xx_hal_flash.c **** /**
 131:Drivers/STM32F0xx_HAL_Driver/Src/stm32f0xx_hal_flash.c ****   * @}
 132:Drivers/STM32F0xx_HAL_Driver/Src/stm32f0xx_hal_flash.c ****   */
 133:Drivers/STM32F0xx_HAL_Driver/Src/stm32f0xx_hal_flash.c **** 
 134:Drivers/STM32F0xx_HAL_Driver/Src/stm32f0xx_hal_flash.c **** /* Exported functions ---------------------------------------------------------*/
 135:Drivers/STM32F0xx_HAL_Driver/Src/stm32f0xx_hal_flash.c **** /** @defgroup FLASH_Exported_Functions FLASH Exported Functions
 136:Drivers/STM32F0xx_HAL_Driver/Src/stm32f0xx_hal_flash.c ****   * @{
 137:Drivers/STM32F0xx_HAL_Driver/Src/stm32f0xx_hal_flash.c ****   */
 138:Drivers/STM32F0xx_HAL_Driver/Src/stm32f0xx_hal_flash.c ****   
 139:Drivers/STM32F0xx_HAL_Driver/Src/stm32f0xx_hal_flash.c **** /** @defgroup FLASH_Exported_Functions_Group1 Programming operation functions 
 140:Drivers/STM32F0xx_HAL_Driver/Src/stm32f0xx_hal_flash.c ****   *  @brief   Programming operation functions 
 141:Drivers/STM32F0xx_HAL_Driver/Src/stm32f0xx_hal_flash.c ****   *
 142:Drivers/STM32F0xx_HAL_Driver/Src/stm32f0xx_hal_flash.c **** @verbatim   
 143:Drivers/STM32F0xx_HAL_Driver/Src/stm32f0xx_hal_flash.c **** @endverbatim
 144:Drivers/STM32F0xx_HAL_Driver/Src/stm32f0xx_hal_flash.c ****   * @{
 145:Drivers/STM32F0xx_HAL_Driver/Src/stm32f0xx_hal_flash.c ****   */
 146:Drivers/STM32F0xx_HAL_Driver/Src/stm32f0xx_hal_flash.c **** 
ARM GAS  C:\Users\three\AppData\Local\Temp\cc5zQioE.s 			page 4


 147:Drivers/STM32F0xx_HAL_Driver/Src/stm32f0xx_hal_flash.c **** /**
 148:Drivers/STM32F0xx_HAL_Driver/Src/stm32f0xx_hal_flash.c ****   * @brief  Program halfword, word or double word at a specified address
 149:Drivers/STM32F0xx_HAL_Driver/Src/stm32f0xx_hal_flash.c ****   * @note   The function HAL_FLASH_Unlock() should be called before to unlock the FLASH interface
 150:Drivers/STM32F0xx_HAL_Driver/Src/stm32f0xx_hal_flash.c ****   *         The function HAL_FLASH_Lock() should be called after to lock the FLASH interface
 151:Drivers/STM32F0xx_HAL_Driver/Src/stm32f0xx_hal_flash.c ****   *
 152:Drivers/STM32F0xx_HAL_Driver/Src/stm32f0xx_hal_flash.c ****   * @note   If an erase and a program operations are requested simultaneously,    
 153:Drivers/STM32F0xx_HAL_Driver/Src/stm32f0xx_hal_flash.c ****   *         the erase operation is performed before the program one.
 154:Drivers/STM32F0xx_HAL_Driver/Src/stm32f0xx_hal_flash.c ****   *  
 155:Drivers/STM32F0xx_HAL_Driver/Src/stm32f0xx_hal_flash.c ****   * @note   FLASH should be previously erased before new programming (only exception to this 
 156:Drivers/STM32F0xx_HAL_Driver/Src/stm32f0xx_hal_flash.c ****   *         is when 0x0000 is programmed)
 157:Drivers/STM32F0xx_HAL_Driver/Src/stm32f0xx_hal_flash.c ****   *
 158:Drivers/STM32F0xx_HAL_Driver/Src/stm32f0xx_hal_flash.c ****   * @param  TypeProgram   Indicate the way to program at a specified address.
 159:Drivers/STM32F0xx_HAL_Driver/Src/stm32f0xx_hal_flash.c ****   *                       This parameter can be a value of @ref FLASH_Type_Program
 160:Drivers/STM32F0xx_HAL_Driver/Src/stm32f0xx_hal_flash.c ****   * @param  Address       Specifie the address to be programmed.
 161:Drivers/STM32F0xx_HAL_Driver/Src/stm32f0xx_hal_flash.c ****   * @param  Data          Specifie the data to be programmed
 162:Drivers/STM32F0xx_HAL_Driver/Src/stm32f0xx_hal_flash.c ****   * 
 163:Drivers/STM32F0xx_HAL_Driver/Src/stm32f0xx_hal_flash.c ****   * @retval HAL_StatusTypeDef HAL Status
 164:Drivers/STM32F0xx_HAL_Driver/Src/stm32f0xx_hal_flash.c ****   */
 165:Drivers/STM32F0xx_HAL_Driver/Src/stm32f0xx_hal_flash.c **** HAL_StatusTypeDef HAL_FLASH_Program(uint32_t TypeProgram, uint32_t Address, uint64_t Data)
 166:Drivers/STM32F0xx_HAL_Driver/Src/stm32f0xx_hal_flash.c **** {
 167:Drivers/STM32F0xx_HAL_Driver/Src/stm32f0xx_hal_flash.c ****   HAL_StatusTypeDef status = HAL_ERROR;
 168:Drivers/STM32F0xx_HAL_Driver/Src/stm32f0xx_hal_flash.c ****   uint8_t index = 0U;
 169:Drivers/STM32F0xx_HAL_Driver/Src/stm32f0xx_hal_flash.c ****   uint8_t nbiterations = 0U;
 170:Drivers/STM32F0xx_HAL_Driver/Src/stm32f0xx_hal_flash.c ****   
 171:Drivers/STM32F0xx_HAL_Driver/Src/stm32f0xx_hal_flash.c ****   /* Process Locked */
 172:Drivers/STM32F0xx_HAL_Driver/Src/stm32f0xx_hal_flash.c ****   __HAL_LOCK(&pFlash);
 173:Drivers/STM32F0xx_HAL_Driver/Src/stm32f0xx_hal_flash.c **** 
 174:Drivers/STM32F0xx_HAL_Driver/Src/stm32f0xx_hal_flash.c ****   /* Check the parameters */
 175:Drivers/STM32F0xx_HAL_Driver/Src/stm32f0xx_hal_flash.c ****   assert_param(IS_FLASH_TYPEPROGRAM(TypeProgram));
 176:Drivers/STM32F0xx_HAL_Driver/Src/stm32f0xx_hal_flash.c ****   assert_param(IS_FLASH_PROGRAM_ADDRESS(Address));
 177:Drivers/STM32F0xx_HAL_Driver/Src/stm32f0xx_hal_flash.c **** 
 178:Drivers/STM32F0xx_HAL_Driver/Src/stm32f0xx_hal_flash.c ****     /* Wait for last operation to be completed */
 179:Drivers/STM32F0xx_HAL_Driver/Src/stm32f0xx_hal_flash.c ****     status = FLASH_WaitForLastOperation(FLASH_TIMEOUT_VALUE);
 180:Drivers/STM32F0xx_HAL_Driver/Src/stm32f0xx_hal_flash.c ****   
 181:Drivers/STM32F0xx_HAL_Driver/Src/stm32f0xx_hal_flash.c ****   if(status == HAL_OK)
 182:Drivers/STM32F0xx_HAL_Driver/Src/stm32f0xx_hal_flash.c ****   {
 183:Drivers/STM32F0xx_HAL_Driver/Src/stm32f0xx_hal_flash.c ****     if(TypeProgram == FLASH_TYPEPROGRAM_HALFWORD)
 184:Drivers/STM32F0xx_HAL_Driver/Src/stm32f0xx_hal_flash.c ****     {
 185:Drivers/STM32F0xx_HAL_Driver/Src/stm32f0xx_hal_flash.c ****       /* Program halfword (16-bit) at a specified address. */
 186:Drivers/STM32F0xx_HAL_Driver/Src/stm32f0xx_hal_flash.c ****       nbiterations = 1U;
 187:Drivers/STM32F0xx_HAL_Driver/Src/stm32f0xx_hal_flash.c ****     }
 188:Drivers/STM32F0xx_HAL_Driver/Src/stm32f0xx_hal_flash.c ****     else if(TypeProgram == FLASH_TYPEPROGRAM_WORD)
 189:Drivers/STM32F0xx_HAL_Driver/Src/stm32f0xx_hal_flash.c ****     {
 190:Drivers/STM32F0xx_HAL_Driver/Src/stm32f0xx_hal_flash.c ****       /* Program word (32-bit = 2*16-bit) at a specified address. */
 191:Drivers/STM32F0xx_HAL_Driver/Src/stm32f0xx_hal_flash.c ****       nbiterations = 2U;
 192:Drivers/STM32F0xx_HAL_Driver/Src/stm32f0xx_hal_flash.c ****     }
 193:Drivers/STM32F0xx_HAL_Driver/Src/stm32f0xx_hal_flash.c ****     else
 194:Drivers/STM32F0xx_HAL_Driver/Src/stm32f0xx_hal_flash.c ****     {
 195:Drivers/STM32F0xx_HAL_Driver/Src/stm32f0xx_hal_flash.c ****       /* Program double word (64-bit = 4*16-bit) at a specified address. */
 196:Drivers/STM32F0xx_HAL_Driver/Src/stm32f0xx_hal_flash.c ****       nbiterations = 4U;
 197:Drivers/STM32F0xx_HAL_Driver/Src/stm32f0xx_hal_flash.c ****     }
 198:Drivers/STM32F0xx_HAL_Driver/Src/stm32f0xx_hal_flash.c **** 
 199:Drivers/STM32F0xx_HAL_Driver/Src/stm32f0xx_hal_flash.c ****     for (index = 0U; index < nbiterations; index++)
 200:Drivers/STM32F0xx_HAL_Driver/Src/stm32f0xx_hal_flash.c ****     {
 201:Drivers/STM32F0xx_HAL_Driver/Src/stm32f0xx_hal_flash.c ****       FLASH_Program_HalfWord((Address + (2U*index)), (uint16_t)(Data >> (16U*index)));
 202:Drivers/STM32F0xx_HAL_Driver/Src/stm32f0xx_hal_flash.c **** 
 203:Drivers/STM32F0xx_HAL_Driver/Src/stm32f0xx_hal_flash.c ****         /* Wait for last operation to be completed */
ARM GAS  C:\Users\three\AppData\Local\Temp\cc5zQioE.s 			page 5


 204:Drivers/STM32F0xx_HAL_Driver/Src/stm32f0xx_hal_flash.c ****         status = FLASH_WaitForLastOperation(FLASH_TIMEOUT_VALUE);
 205:Drivers/STM32F0xx_HAL_Driver/Src/stm32f0xx_hal_flash.c ****     
 206:Drivers/STM32F0xx_HAL_Driver/Src/stm32f0xx_hal_flash.c ****         /* If the program operation is completed, disable the PG Bit */
 207:Drivers/STM32F0xx_HAL_Driver/Src/stm32f0xx_hal_flash.c ****         CLEAR_BIT(FLASH->CR, FLASH_CR_PG);
 208:Drivers/STM32F0xx_HAL_Driver/Src/stm32f0xx_hal_flash.c ****       /* In case of error, stop programming procedure */
 209:Drivers/STM32F0xx_HAL_Driver/Src/stm32f0xx_hal_flash.c ****       if (status != HAL_OK)
 210:Drivers/STM32F0xx_HAL_Driver/Src/stm32f0xx_hal_flash.c ****       {
 211:Drivers/STM32F0xx_HAL_Driver/Src/stm32f0xx_hal_flash.c ****         break;
 212:Drivers/STM32F0xx_HAL_Driver/Src/stm32f0xx_hal_flash.c ****       }
 213:Drivers/STM32F0xx_HAL_Driver/Src/stm32f0xx_hal_flash.c ****     }
 214:Drivers/STM32F0xx_HAL_Driver/Src/stm32f0xx_hal_flash.c ****   }
 215:Drivers/STM32F0xx_HAL_Driver/Src/stm32f0xx_hal_flash.c **** 
 216:Drivers/STM32F0xx_HAL_Driver/Src/stm32f0xx_hal_flash.c ****   /* Process Unlocked */
 217:Drivers/STM32F0xx_HAL_Driver/Src/stm32f0xx_hal_flash.c ****   __HAL_UNLOCK(&pFlash);
 218:Drivers/STM32F0xx_HAL_Driver/Src/stm32f0xx_hal_flash.c **** 
 219:Drivers/STM32F0xx_HAL_Driver/Src/stm32f0xx_hal_flash.c ****   return status;
 220:Drivers/STM32F0xx_HAL_Driver/Src/stm32f0xx_hal_flash.c **** }
 221:Drivers/STM32F0xx_HAL_Driver/Src/stm32f0xx_hal_flash.c **** 
 222:Drivers/STM32F0xx_HAL_Driver/Src/stm32f0xx_hal_flash.c **** /**
 223:Drivers/STM32F0xx_HAL_Driver/Src/stm32f0xx_hal_flash.c ****   * @brief  Program halfword, word or double word at a specified address  with interrupt enabled.
 224:Drivers/STM32F0xx_HAL_Driver/Src/stm32f0xx_hal_flash.c ****   * @note   The function HAL_FLASH_Unlock() should be called before to unlock the FLASH interface
 225:Drivers/STM32F0xx_HAL_Driver/Src/stm32f0xx_hal_flash.c ****   *         The function HAL_FLASH_Lock() should be called after to lock the FLASH interface
 226:Drivers/STM32F0xx_HAL_Driver/Src/stm32f0xx_hal_flash.c ****   *
 227:Drivers/STM32F0xx_HAL_Driver/Src/stm32f0xx_hal_flash.c ****   * @note   If an erase and a program operations are requested simultaneously,    
 228:Drivers/STM32F0xx_HAL_Driver/Src/stm32f0xx_hal_flash.c ****   *         the erase operation is performed before the program one.
 229:Drivers/STM32F0xx_HAL_Driver/Src/stm32f0xx_hal_flash.c ****   *
 230:Drivers/STM32F0xx_HAL_Driver/Src/stm32f0xx_hal_flash.c ****   * @param  TypeProgram  Indicate the way to program at a specified address.
 231:Drivers/STM32F0xx_HAL_Driver/Src/stm32f0xx_hal_flash.c ****   *                      This parameter can be a value of @ref FLASH_Type_Program
 232:Drivers/STM32F0xx_HAL_Driver/Src/stm32f0xx_hal_flash.c ****   * @param  Address      Specifie the address to be programmed.
 233:Drivers/STM32F0xx_HAL_Driver/Src/stm32f0xx_hal_flash.c ****   * @param  Data         Specifie the data to be programmed
 234:Drivers/STM32F0xx_HAL_Driver/Src/stm32f0xx_hal_flash.c ****   * 
 235:Drivers/STM32F0xx_HAL_Driver/Src/stm32f0xx_hal_flash.c ****   * @retval HAL_StatusTypeDef HAL Status
 236:Drivers/STM32F0xx_HAL_Driver/Src/stm32f0xx_hal_flash.c ****   */
 237:Drivers/STM32F0xx_HAL_Driver/Src/stm32f0xx_hal_flash.c **** HAL_StatusTypeDef HAL_FLASH_Program_IT(uint32_t TypeProgram, uint32_t Address, uint64_t Data)
 238:Drivers/STM32F0xx_HAL_Driver/Src/stm32f0xx_hal_flash.c **** {
 239:Drivers/STM32F0xx_HAL_Driver/Src/stm32f0xx_hal_flash.c ****   HAL_StatusTypeDef status = HAL_OK;
 240:Drivers/STM32F0xx_HAL_Driver/Src/stm32f0xx_hal_flash.c ****   
 241:Drivers/STM32F0xx_HAL_Driver/Src/stm32f0xx_hal_flash.c ****   /* Process Locked */
 242:Drivers/STM32F0xx_HAL_Driver/Src/stm32f0xx_hal_flash.c ****   __HAL_LOCK(&pFlash);
 243:Drivers/STM32F0xx_HAL_Driver/Src/stm32f0xx_hal_flash.c **** 
 244:Drivers/STM32F0xx_HAL_Driver/Src/stm32f0xx_hal_flash.c ****   /* Check the parameters */
 245:Drivers/STM32F0xx_HAL_Driver/Src/stm32f0xx_hal_flash.c ****   assert_param(IS_FLASH_TYPEPROGRAM(TypeProgram));
 246:Drivers/STM32F0xx_HAL_Driver/Src/stm32f0xx_hal_flash.c ****   assert_param(IS_FLASH_PROGRAM_ADDRESS(Address));
 247:Drivers/STM32F0xx_HAL_Driver/Src/stm32f0xx_hal_flash.c **** 
 248:Drivers/STM32F0xx_HAL_Driver/Src/stm32f0xx_hal_flash.c ****   /* Enable End of FLASH Operation and Error source interrupts */
 249:Drivers/STM32F0xx_HAL_Driver/Src/stm32f0xx_hal_flash.c ****   __HAL_FLASH_ENABLE_IT(FLASH_IT_EOP | FLASH_IT_ERR);
 250:Drivers/STM32F0xx_HAL_Driver/Src/stm32f0xx_hal_flash.c ****   
 251:Drivers/STM32F0xx_HAL_Driver/Src/stm32f0xx_hal_flash.c ****   pFlash.Address = Address;
 252:Drivers/STM32F0xx_HAL_Driver/Src/stm32f0xx_hal_flash.c ****   pFlash.Data = Data;
 253:Drivers/STM32F0xx_HAL_Driver/Src/stm32f0xx_hal_flash.c **** 
 254:Drivers/STM32F0xx_HAL_Driver/Src/stm32f0xx_hal_flash.c ****   if(TypeProgram == FLASH_TYPEPROGRAM_HALFWORD)
 255:Drivers/STM32F0xx_HAL_Driver/Src/stm32f0xx_hal_flash.c ****   {
 256:Drivers/STM32F0xx_HAL_Driver/Src/stm32f0xx_hal_flash.c ****     pFlash.ProcedureOnGoing = FLASH_PROC_PROGRAMHALFWORD;
 257:Drivers/STM32F0xx_HAL_Driver/Src/stm32f0xx_hal_flash.c ****     /* Program halfword (16-bit) at a specified address. */
 258:Drivers/STM32F0xx_HAL_Driver/Src/stm32f0xx_hal_flash.c ****     pFlash.DataRemaining = 1U;
 259:Drivers/STM32F0xx_HAL_Driver/Src/stm32f0xx_hal_flash.c ****   }
 260:Drivers/STM32F0xx_HAL_Driver/Src/stm32f0xx_hal_flash.c ****   else if(TypeProgram == FLASH_TYPEPROGRAM_WORD)
ARM GAS  C:\Users\three\AppData\Local\Temp\cc5zQioE.s 			page 6


 261:Drivers/STM32F0xx_HAL_Driver/Src/stm32f0xx_hal_flash.c ****   {
 262:Drivers/STM32F0xx_HAL_Driver/Src/stm32f0xx_hal_flash.c ****     pFlash.ProcedureOnGoing = FLASH_PROC_PROGRAMWORD;
 263:Drivers/STM32F0xx_HAL_Driver/Src/stm32f0xx_hal_flash.c ****     /* Program word (32-bit : 2*16-bit) at a specified address. */
 264:Drivers/STM32F0xx_HAL_Driver/Src/stm32f0xx_hal_flash.c ****     pFlash.DataRemaining = 2U;
 265:Drivers/STM32F0xx_HAL_Driver/Src/stm32f0xx_hal_flash.c ****   }
 266:Drivers/STM32F0xx_HAL_Driver/Src/stm32f0xx_hal_flash.c ****   else
 267:Drivers/STM32F0xx_HAL_Driver/Src/stm32f0xx_hal_flash.c ****   {
 268:Drivers/STM32F0xx_HAL_Driver/Src/stm32f0xx_hal_flash.c ****     pFlash.ProcedureOnGoing = FLASH_PROC_PROGRAMDOUBLEWORD;
 269:Drivers/STM32F0xx_HAL_Driver/Src/stm32f0xx_hal_flash.c ****     /* Program double word (64-bit : 4*16-bit) at a specified address. */
 270:Drivers/STM32F0xx_HAL_Driver/Src/stm32f0xx_hal_flash.c ****     pFlash.DataRemaining = 4U;
 271:Drivers/STM32F0xx_HAL_Driver/Src/stm32f0xx_hal_flash.c ****   }
 272:Drivers/STM32F0xx_HAL_Driver/Src/stm32f0xx_hal_flash.c **** 
 273:Drivers/STM32F0xx_HAL_Driver/Src/stm32f0xx_hal_flash.c ****   /* Program halfword (16-bit) at a specified address. */
 274:Drivers/STM32F0xx_HAL_Driver/Src/stm32f0xx_hal_flash.c ****   FLASH_Program_HalfWord(Address, (uint16_t)Data);
 275:Drivers/STM32F0xx_HAL_Driver/Src/stm32f0xx_hal_flash.c **** 
 276:Drivers/STM32F0xx_HAL_Driver/Src/stm32f0xx_hal_flash.c ****   return status;
 277:Drivers/STM32F0xx_HAL_Driver/Src/stm32f0xx_hal_flash.c **** }
 278:Drivers/STM32F0xx_HAL_Driver/Src/stm32f0xx_hal_flash.c **** 
 279:Drivers/STM32F0xx_HAL_Driver/Src/stm32f0xx_hal_flash.c **** /**
 280:Drivers/STM32F0xx_HAL_Driver/Src/stm32f0xx_hal_flash.c ****   * @brief This function handles FLASH interrupt request.
 281:Drivers/STM32F0xx_HAL_Driver/Src/stm32f0xx_hal_flash.c ****   * @retval None
 282:Drivers/STM32F0xx_HAL_Driver/Src/stm32f0xx_hal_flash.c ****   */
 283:Drivers/STM32F0xx_HAL_Driver/Src/stm32f0xx_hal_flash.c **** void HAL_FLASH_IRQHandler(void)
 284:Drivers/STM32F0xx_HAL_Driver/Src/stm32f0xx_hal_flash.c **** {
 285:Drivers/STM32F0xx_HAL_Driver/Src/stm32f0xx_hal_flash.c ****   uint32_t addresstmp = 0U;
 286:Drivers/STM32F0xx_HAL_Driver/Src/stm32f0xx_hal_flash.c ****   
 287:Drivers/STM32F0xx_HAL_Driver/Src/stm32f0xx_hal_flash.c ****   /* Check FLASH operation error flags */
 288:Drivers/STM32F0xx_HAL_Driver/Src/stm32f0xx_hal_flash.c ****   if(__HAL_FLASH_GET_FLAG(FLASH_FLAG_WRPERR) ||__HAL_FLASH_GET_FLAG(FLASH_FLAG_PGERR))
 289:Drivers/STM32F0xx_HAL_Driver/Src/stm32f0xx_hal_flash.c ****   {
 290:Drivers/STM32F0xx_HAL_Driver/Src/stm32f0xx_hal_flash.c ****     /* Return the faulty address */
 291:Drivers/STM32F0xx_HAL_Driver/Src/stm32f0xx_hal_flash.c ****     addresstmp = pFlash.Address;
 292:Drivers/STM32F0xx_HAL_Driver/Src/stm32f0xx_hal_flash.c ****     /* Reset address */
 293:Drivers/STM32F0xx_HAL_Driver/Src/stm32f0xx_hal_flash.c ****     pFlash.Address = 0xFFFFFFFFU;
 294:Drivers/STM32F0xx_HAL_Driver/Src/stm32f0xx_hal_flash.c ****   
 295:Drivers/STM32F0xx_HAL_Driver/Src/stm32f0xx_hal_flash.c ****     /* Save the Error code */
 296:Drivers/STM32F0xx_HAL_Driver/Src/stm32f0xx_hal_flash.c ****     FLASH_SetErrorCode();
 297:Drivers/STM32F0xx_HAL_Driver/Src/stm32f0xx_hal_flash.c ****     
 298:Drivers/STM32F0xx_HAL_Driver/Src/stm32f0xx_hal_flash.c ****     /* FLASH error interrupt user callback */
 299:Drivers/STM32F0xx_HAL_Driver/Src/stm32f0xx_hal_flash.c ****     HAL_FLASH_OperationErrorCallback(addresstmp);
 300:Drivers/STM32F0xx_HAL_Driver/Src/stm32f0xx_hal_flash.c **** 
 301:Drivers/STM32F0xx_HAL_Driver/Src/stm32f0xx_hal_flash.c ****     /* Stop the procedure ongoing */
 302:Drivers/STM32F0xx_HAL_Driver/Src/stm32f0xx_hal_flash.c ****     pFlash.ProcedureOnGoing = FLASH_PROC_NONE;
 303:Drivers/STM32F0xx_HAL_Driver/Src/stm32f0xx_hal_flash.c ****   }
 304:Drivers/STM32F0xx_HAL_Driver/Src/stm32f0xx_hal_flash.c **** 
 305:Drivers/STM32F0xx_HAL_Driver/Src/stm32f0xx_hal_flash.c ****   /* Check FLASH End of Operation flag  */
 306:Drivers/STM32F0xx_HAL_Driver/Src/stm32f0xx_hal_flash.c ****   if(__HAL_FLASH_GET_FLAG(FLASH_FLAG_EOP))
 307:Drivers/STM32F0xx_HAL_Driver/Src/stm32f0xx_hal_flash.c ****   {
 308:Drivers/STM32F0xx_HAL_Driver/Src/stm32f0xx_hal_flash.c ****     /* Clear FLASH End of Operation pending bit */
 309:Drivers/STM32F0xx_HAL_Driver/Src/stm32f0xx_hal_flash.c ****     __HAL_FLASH_CLEAR_FLAG(FLASH_FLAG_EOP);
 310:Drivers/STM32F0xx_HAL_Driver/Src/stm32f0xx_hal_flash.c ****     
 311:Drivers/STM32F0xx_HAL_Driver/Src/stm32f0xx_hal_flash.c ****     /* Process can continue only if no error detected */
 312:Drivers/STM32F0xx_HAL_Driver/Src/stm32f0xx_hal_flash.c ****     if(pFlash.ProcedureOnGoing != FLASH_PROC_NONE)
 313:Drivers/STM32F0xx_HAL_Driver/Src/stm32f0xx_hal_flash.c ****     {
 314:Drivers/STM32F0xx_HAL_Driver/Src/stm32f0xx_hal_flash.c ****       if(pFlash.ProcedureOnGoing == FLASH_PROC_PAGEERASE)
 315:Drivers/STM32F0xx_HAL_Driver/Src/stm32f0xx_hal_flash.c ****       {
 316:Drivers/STM32F0xx_HAL_Driver/Src/stm32f0xx_hal_flash.c ****         /* Nb of pages to erased can be decreased */
 317:Drivers/STM32F0xx_HAL_Driver/Src/stm32f0xx_hal_flash.c ****         pFlash.DataRemaining--;
ARM GAS  C:\Users\three\AppData\Local\Temp\cc5zQioE.s 			page 7


 318:Drivers/STM32F0xx_HAL_Driver/Src/stm32f0xx_hal_flash.c **** 
 319:Drivers/STM32F0xx_HAL_Driver/Src/stm32f0xx_hal_flash.c ****         /* Check if there are still pages to erase */
 320:Drivers/STM32F0xx_HAL_Driver/Src/stm32f0xx_hal_flash.c ****         if(pFlash.DataRemaining != 0U)
 321:Drivers/STM32F0xx_HAL_Driver/Src/stm32f0xx_hal_flash.c ****         {
 322:Drivers/STM32F0xx_HAL_Driver/Src/stm32f0xx_hal_flash.c ****           addresstmp = pFlash.Address;
 323:Drivers/STM32F0xx_HAL_Driver/Src/stm32f0xx_hal_flash.c ****           /*Indicate user which sector has been erased */
 324:Drivers/STM32F0xx_HAL_Driver/Src/stm32f0xx_hal_flash.c ****           HAL_FLASH_EndOfOperationCallback(addresstmp);
 325:Drivers/STM32F0xx_HAL_Driver/Src/stm32f0xx_hal_flash.c **** 
 326:Drivers/STM32F0xx_HAL_Driver/Src/stm32f0xx_hal_flash.c ****           /*Increment sector number*/
 327:Drivers/STM32F0xx_HAL_Driver/Src/stm32f0xx_hal_flash.c ****           addresstmp = pFlash.Address + FLASH_PAGE_SIZE;
 328:Drivers/STM32F0xx_HAL_Driver/Src/stm32f0xx_hal_flash.c ****           pFlash.Address = addresstmp;
 329:Drivers/STM32F0xx_HAL_Driver/Src/stm32f0xx_hal_flash.c **** 
 330:Drivers/STM32F0xx_HAL_Driver/Src/stm32f0xx_hal_flash.c ****           /* If the erase operation is completed, disable the PER Bit */
 331:Drivers/STM32F0xx_HAL_Driver/Src/stm32f0xx_hal_flash.c ****           CLEAR_BIT(FLASH->CR, FLASH_CR_PER);
 332:Drivers/STM32F0xx_HAL_Driver/Src/stm32f0xx_hal_flash.c **** 
 333:Drivers/STM32F0xx_HAL_Driver/Src/stm32f0xx_hal_flash.c ****           FLASH_PageErase(addresstmp);
 334:Drivers/STM32F0xx_HAL_Driver/Src/stm32f0xx_hal_flash.c ****         }
 335:Drivers/STM32F0xx_HAL_Driver/Src/stm32f0xx_hal_flash.c ****         else
 336:Drivers/STM32F0xx_HAL_Driver/Src/stm32f0xx_hal_flash.c ****         {
 337:Drivers/STM32F0xx_HAL_Driver/Src/stm32f0xx_hal_flash.c ****           /* No more pages to Erase, user callback can be called. */
 338:Drivers/STM32F0xx_HAL_Driver/Src/stm32f0xx_hal_flash.c ****           /* Reset Sector and stop Erase pages procedure */
 339:Drivers/STM32F0xx_HAL_Driver/Src/stm32f0xx_hal_flash.c ****           pFlash.Address = addresstmp = 0xFFFFFFFFU;
 340:Drivers/STM32F0xx_HAL_Driver/Src/stm32f0xx_hal_flash.c ****           pFlash.ProcedureOnGoing = FLASH_PROC_NONE;
 341:Drivers/STM32F0xx_HAL_Driver/Src/stm32f0xx_hal_flash.c ****           /* FLASH EOP interrupt user callback */
 342:Drivers/STM32F0xx_HAL_Driver/Src/stm32f0xx_hal_flash.c ****           HAL_FLASH_EndOfOperationCallback(addresstmp);
 343:Drivers/STM32F0xx_HAL_Driver/Src/stm32f0xx_hal_flash.c ****         }
 344:Drivers/STM32F0xx_HAL_Driver/Src/stm32f0xx_hal_flash.c ****       }
 345:Drivers/STM32F0xx_HAL_Driver/Src/stm32f0xx_hal_flash.c ****       else if(pFlash.ProcedureOnGoing == FLASH_PROC_MASSERASE)
 346:Drivers/STM32F0xx_HAL_Driver/Src/stm32f0xx_hal_flash.c ****       {
 347:Drivers/STM32F0xx_HAL_Driver/Src/stm32f0xx_hal_flash.c ****         /* Operation is completed, disable the MER Bit */
 348:Drivers/STM32F0xx_HAL_Driver/Src/stm32f0xx_hal_flash.c ****         CLEAR_BIT(FLASH->CR, FLASH_CR_MER);
 349:Drivers/STM32F0xx_HAL_Driver/Src/stm32f0xx_hal_flash.c **** 
 350:Drivers/STM32F0xx_HAL_Driver/Src/stm32f0xx_hal_flash.c ****           /* MassErase ended. Return the selected bank */
 351:Drivers/STM32F0xx_HAL_Driver/Src/stm32f0xx_hal_flash.c ****           /* FLASH EOP interrupt user callback */
 352:Drivers/STM32F0xx_HAL_Driver/Src/stm32f0xx_hal_flash.c ****           HAL_FLASH_EndOfOperationCallback(0);
 353:Drivers/STM32F0xx_HAL_Driver/Src/stm32f0xx_hal_flash.c **** 
 354:Drivers/STM32F0xx_HAL_Driver/Src/stm32f0xx_hal_flash.c ****           /* Stop Mass Erase procedure*/
 355:Drivers/STM32F0xx_HAL_Driver/Src/stm32f0xx_hal_flash.c ****           pFlash.ProcedureOnGoing = FLASH_PROC_NONE;
 356:Drivers/STM32F0xx_HAL_Driver/Src/stm32f0xx_hal_flash.c ****         }
 357:Drivers/STM32F0xx_HAL_Driver/Src/stm32f0xx_hal_flash.c ****       else
 358:Drivers/STM32F0xx_HAL_Driver/Src/stm32f0xx_hal_flash.c ****       {
 359:Drivers/STM32F0xx_HAL_Driver/Src/stm32f0xx_hal_flash.c ****         /* Nb of 16-bit data to program can be decreased */
 360:Drivers/STM32F0xx_HAL_Driver/Src/stm32f0xx_hal_flash.c ****         pFlash.DataRemaining--;
 361:Drivers/STM32F0xx_HAL_Driver/Src/stm32f0xx_hal_flash.c ****         
 362:Drivers/STM32F0xx_HAL_Driver/Src/stm32f0xx_hal_flash.c ****         /* Check if there are still 16-bit data to program */
 363:Drivers/STM32F0xx_HAL_Driver/Src/stm32f0xx_hal_flash.c ****         if(pFlash.DataRemaining != 0U)
 364:Drivers/STM32F0xx_HAL_Driver/Src/stm32f0xx_hal_flash.c ****         {
 365:Drivers/STM32F0xx_HAL_Driver/Src/stm32f0xx_hal_flash.c ****           /* Increment address to 16-bit */
 366:Drivers/STM32F0xx_HAL_Driver/Src/stm32f0xx_hal_flash.c ****           pFlash.Address += 2;
 367:Drivers/STM32F0xx_HAL_Driver/Src/stm32f0xx_hal_flash.c ****           addresstmp = pFlash.Address;
 368:Drivers/STM32F0xx_HAL_Driver/Src/stm32f0xx_hal_flash.c ****           
 369:Drivers/STM32F0xx_HAL_Driver/Src/stm32f0xx_hal_flash.c ****           /* Shift to have next 16-bit data */
 370:Drivers/STM32F0xx_HAL_Driver/Src/stm32f0xx_hal_flash.c ****           pFlash.Data = (pFlash.Data >> 16U);
 371:Drivers/STM32F0xx_HAL_Driver/Src/stm32f0xx_hal_flash.c ****           
 372:Drivers/STM32F0xx_HAL_Driver/Src/stm32f0xx_hal_flash.c ****           /* Operation is completed, disable the PG Bit */
 373:Drivers/STM32F0xx_HAL_Driver/Src/stm32f0xx_hal_flash.c ****           CLEAR_BIT(FLASH->CR, FLASH_CR_PG);
 374:Drivers/STM32F0xx_HAL_Driver/Src/stm32f0xx_hal_flash.c **** 
ARM GAS  C:\Users\three\AppData\Local\Temp\cc5zQioE.s 			page 8


 375:Drivers/STM32F0xx_HAL_Driver/Src/stm32f0xx_hal_flash.c ****           /*Program halfword (16-bit) at a specified address.*/
 376:Drivers/STM32F0xx_HAL_Driver/Src/stm32f0xx_hal_flash.c ****           FLASH_Program_HalfWord(addresstmp, (uint16_t)pFlash.Data);
 377:Drivers/STM32F0xx_HAL_Driver/Src/stm32f0xx_hal_flash.c ****         }
 378:Drivers/STM32F0xx_HAL_Driver/Src/stm32f0xx_hal_flash.c ****         else
 379:Drivers/STM32F0xx_HAL_Driver/Src/stm32f0xx_hal_flash.c ****         {
 380:Drivers/STM32F0xx_HAL_Driver/Src/stm32f0xx_hal_flash.c ****           /* Program ended. Return the selected address */
 381:Drivers/STM32F0xx_HAL_Driver/Src/stm32f0xx_hal_flash.c ****           /* FLASH EOP interrupt user callback */
 382:Drivers/STM32F0xx_HAL_Driver/Src/stm32f0xx_hal_flash.c ****           if (pFlash.ProcedureOnGoing == FLASH_PROC_PROGRAMHALFWORD)
 383:Drivers/STM32F0xx_HAL_Driver/Src/stm32f0xx_hal_flash.c ****           {
 384:Drivers/STM32F0xx_HAL_Driver/Src/stm32f0xx_hal_flash.c ****             HAL_FLASH_EndOfOperationCallback(pFlash.Address);
 385:Drivers/STM32F0xx_HAL_Driver/Src/stm32f0xx_hal_flash.c ****           }
 386:Drivers/STM32F0xx_HAL_Driver/Src/stm32f0xx_hal_flash.c ****           else if (pFlash.ProcedureOnGoing == FLASH_PROC_PROGRAMWORD)
 387:Drivers/STM32F0xx_HAL_Driver/Src/stm32f0xx_hal_flash.c ****           {
 388:Drivers/STM32F0xx_HAL_Driver/Src/stm32f0xx_hal_flash.c ****             HAL_FLASH_EndOfOperationCallback(pFlash.Address - 2U);
 389:Drivers/STM32F0xx_HAL_Driver/Src/stm32f0xx_hal_flash.c ****           }
 390:Drivers/STM32F0xx_HAL_Driver/Src/stm32f0xx_hal_flash.c ****           else 
 391:Drivers/STM32F0xx_HAL_Driver/Src/stm32f0xx_hal_flash.c ****           {
 392:Drivers/STM32F0xx_HAL_Driver/Src/stm32f0xx_hal_flash.c ****             HAL_FLASH_EndOfOperationCallback(pFlash.Address - 6U);
 393:Drivers/STM32F0xx_HAL_Driver/Src/stm32f0xx_hal_flash.c ****           }
 394:Drivers/STM32F0xx_HAL_Driver/Src/stm32f0xx_hal_flash.c ****         
 395:Drivers/STM32F0xx_HAL_Driver/Src/stm32f0xx_hal_flash.c ****           /* Reset Address and stop Program procedure */
 396:Drivers/STM32F0xx_HAL_Driver/Src/stm32f0xx_hal_flash.c ****           pFlash.Address = 0xFFFFFFFFU;
 397:Drivers/STM32F0xx_HAL_Driver/Src/stm32f0xx_hal_flash.c ****           pFlash.ProcedureOnGoing = FLASH_PROC_NONE;
 398:Drivers/STM32F0xx_HAL_Driver/Src/stm32f0xx_hal_flash.c ****         }
 399:Drivers/STM32F0xx_HAL_Driver/Src/stm32f0xx_hal_flash.c ****       }
 400:Drivers/STM32F0xx_HAL_Driver/Src/stm32f0xx_hal_flash.c ****     }
 401:Drivers/STM32F0xx_HAL_Driver/Src/stm32f0xx_hal_flash.c ****   }
 402:Drivers/STM32F0xx_HAL_Driver/Src/stm32f0xx_hal_flash.c ****   
 403:Drivers/STM32F0xx_HAL_Driver/Src/stm32f0xx_hal_flash.c **** 
 404:Drivers/STM32F0xx_HAL_Driver/Src/stm32f0xx_hal_flash.c ****   if(pFlash.ProcedureOnGoing == FLASH_PROC_NONE)
 405:Drivers/STM32F0xx_HAL_Driver/Src/stm32f0xx_hal_flash.c ****   {
 406:Drivers/STM32F0xx_HAL_Driver/Src/stm32f0xx_hal_flash.c ****     /* Operation is completed, disable the PG, PER and MER Bits */
 407:Drivers/STM32F0xx_HAL_Driver/Src/stm32f0xx_hal_flash.c ****     CLEAR_BIT(FLASH->CR, (FLASH_CR_PG | FLASH_CR_PER | FLASH_CR_MER));
 408:Drivers/STM32F0xx_HAL_Driver/Src/stm32f0xx_hal_flash.c **** 
 409:Drivers/STM32F0xx_HAL_Driver/Src/stm32f0xx_hal_flash.c ****     /* Disable End of FLASH Operation and Error source interrupts */
 410:Drivers/STM32F0xx_HAL_Driver/Src/stm32f0xx_hal_flash.c ****     __HAL_FLASH_DISABLE_IT(FLASH_IT_EOP | FLASH_IT_ERR);
 411:Drivers/STM32F0xx_HAL_Driver/Src/stm32f0xx_hal_flash.c **** 
 412:Drivers/STM32F0xx_HAL_Driver/Src/stm32f0xx_hal_flash.c ****     /* Process Unlocked */
 413:Drivers/STM32F0xx_HAL_Driver/Src/stm32f0xx_hal_flash.c ****     __HAL_UNLOCK(&pFlash);
 414:Drivers/STM32F0xx_HAL_Driver/Src/stm32f0xx_hal_flash.c ****   }
 415:Drivers/STM32F0xx_HAL_Driver/Src/stm32f0xx_hal_flash.c **** }
 416:Drivers/STM32F0xx_HAL_Driver/Src/stm32f0xx_hal_flash.c **** 
 417:Drivers/STM32F0xx_HAL_Driver/Src/stm32f0xx_hal_flash.c **** /**
 418:Drivers/STM32F0xx_HAL_Driver/Src/stm32f0xx_hal_flash.c ****   * @brief  FLASH end of operation interrupt callback
 419:Drivers/STM32F0xx_HAL_Driver/Src/stm32f0xx_hal_flash.c ****   * @param  ReturnValue The value saved in this parameter depends on the ongoing procedure
 420:Drivers/STM32F0xx_HAL_Driver/Src/stm32f0xx_hal_flash.c ****   *                 - Mass Erase: No return value expected
 421:Drivers/STM32F0xx_HAL_Driver/Src/stm32f0xx_hal_flash.c ****   *                 - Pages Erase: Address of the page which has been erased 
 422:Drivers/STM32F0xx_HAL_Driver/Src/stm32f0xx_hal_flash.c ****   *                    (if 0xFFFFFFFF, it means that all the selected pages have been erased)
 423:Drivers/STM32F0xx_HAL_Driver/Src/stm32f0xx_hal_flash.c ****   *                 - Program: Address which was selected for data program
 424:Drivers/STM32F0xx_HAL_Driver/Src/stm32f0xx_hal_flash.c ****   * @retval none
 425:Drivers/STM32F0xx_HAL_Driver/Src/stm32f0xx_hal_flash.c ****   */
 426:Drivers/STM32F0xx_HAL_Driver/Src/stm32f0xx_hal_flash.c **** __weak void HAL_FLASH_EndOfOperationCallback(uint32_t ReturnValue)
 427:Drivers/STM32F0xx_HAL_Driver/Src/stm32f0xx_hal_flash.c **** {
 428:Drivers/STM32F0xx_HAL_Driver/Src/stm32f0xx_hal_flash.c ****   /* Prevent unused argument(s) compilation warning */
 429:Drivers/STM32F0xx_HAL_Driver/Src/stm32f0xx_hal_flash.c ****   UNUSED(ReturnValue);
 430:Drivers/STM32F0xx_HAL_Driver/Src/stm32f0xx_hal_flash.c **** 
 431:Drivers/STM32F0xx_HAL_Driver/Src/stm32f0xx_hal_flash.c ****   /* NOTE : This function Should not be modified, when the callback is needed,
ARM GAS  C:\Users\three\AppData\Local\Temp\cc5zQioE.s 			page 9


 432:Drivers/STM32F0xx_HAL_Driver/Src/stm32f0xx_hal_flash.c ****             the HAL_FLASH_EndOfOperationCallback could be implemented in the user file
 433:Drivers/STM32F0xx_HAL_Driver/Src/stm32f0xx_hal_flash.c ****    */ 
 434:Drivers/STM32F0xx_HAL_Driver/Src/stm32f0xx_hal_flash.c **** }
 435:Drivers/STM32F0xx_HAL_Driver/Src/stm32f0xx_hal_flash.c **** 
 436:Drivers/STM32F0xx_HAL_Driver/Src/stm32f0xx_hal_flash.c **** /**
 437:Drivers/STM32F0xx_HAL_Driver/Src/stm32f0xx_hal_flash.c ****   * @brief  FLASH operation error interrupt callback
 438:Drivers/STM32F0xx_HAL_Driver/Src/stm32f0xx_hal_flash.c ****   * @param  ReturnValue The value saved in this parameter depends on the ongoing procedure
 439:Drivers/STM32F0xx_HAL_Driver/Src/stm32f0xx_hal_flash.c ****   *                 - Mass Erase: No return value expected
 440:Drivers/STM32F0xx_HAL_Driver/Src/stm32f0xx_hal_flash.c ****   *                 - Pages Erase: Address of the page which returned an error
 441:Drivers/STM32F0xx_HAL_Driver/Src/stm32f0xx_hal_flash.c ****   *                 - Program: Address which was selected for data program
 442:Drivers/STM32F0xx_HAL_Driver/Src/stm32f0xx_hal_flash.c ****   * @retval none
 443:Drivers/STM32F0xx_HAL_Driver/Src/stm32f0xx_hal_flash.c ****   */
 444:Drivers/STM32F0xx_HAL_Driver/Src/stm32f0xx_hal_flash.c **** __weak void HAL_FLASH_OperationErrorCallback(uint32_t ReturnValue)
 445:Drivers/STM32F0xx_HAL_Driver/Src/stm32f0xx_hal_flash.c **** {
 446:Drivers/STM32F0xx_HAL_Driver/Src/stm32f0xx_hal_flash.c ****   /* Prevent unused argument(s) compilation warning */
 447:Drivers/STM32F0xx_HAL_Driver/Src/stm32f0xx_hal_flash.c ****   UNUSED(ReturnValue);
 448:Drivers/STM32F0xx_HAL_Driver/Src/stm32f0xx_hal_flash.c **** 
 449:Drivers/STM32F0xx_HAL_Driver/Src/stm32f0xx_hal_flash.c ****   /* NOTE : This function Should not be modified, when the callback is needed,
 450:Drivers/STM32F0xx_HAL_Driver/Src/stm32f0xx_hal_flash.c ****             the HAL_FLASH_OperationErrorCallback could be implemented in the user file
 451:Drivers/STM32F0xx_HAL_Driver/Src/stm32f0xx_hal_flash.c ****    */ 
 452:Drivers/STM32F0xx_HAL_Driver/Src/stm32f0xx_hal_flash.c **** }
 453:Drivers/STM32F0xx_HAL_Driver/Src/stm32f0xx_hal_flash.c **** 
 454:Drivers/STM32F0xx_HAL_Driver/Src/stm32f0xx_hal_flash.c **** /**
 455:Drivers/STM32F0xx_HAL_Driver/Src/stm32f0xx_hal_flash.c ****   * @}
 456:Drivers/STM32F0xx_HAL_Driver/Src/stm32f0xx_hal_flash.c ****   */
 457:Drivers/STM32F0xx_HAL_Driver/Src/stm32f0xx_hal_flash.c **** 
 458:Drivers/STM32F0xx_HAL_Driver/Src/stm32f0xx_hal_flash.c **** /** @defgroup FLASH_Exported_Functions_Group2 Peripheral Control functions 
 459:Drivers/STM32F0xx_HAL_Driver/Src/stm32f0xx_hal_flash.c ****  *  @brief   management functions 
 460:Drivers/STM32F0xx_HAL_Driver/Src/stm32f0xx_hal_flash.c ****  *
 461:Drivers/STM32F0xx_HAL_Driver/Src/stm32f0xx_hal_flash.c **** @verbatim   
 462:Drivers/STM32F0xx_HAL_Driver/Src/stm32f0xx_hal_flash.c ****  ===============================================================================
 463:Drivers/STM32F0xx_HAL_Driver/Src/stm32f0xx_hal_flash.c ****                       ##### Peripheral Control functions #####
 464:Drivers/STM32F0xx_HAL_Driver/Src/stm32f0xx_hal_flash.c ****  ===============================================================================  
 465:Drivers/STM32F0xx_HAL_Driver/Src/stm32f0xx_hal_flash.c ****     [..]
 466:Drivers/STM32F0xx_HAL_Driver/Src/stm32f0xx_hal_flash.c ****     This subsection provides a set of functions allowing to control the FLASH 
 467:Drivers/STM32F0xx_HAL_Driver/Src/stm32f0xx_hal_flash.c ****     memory operations.
 468:Drivers/STM32F0xx_HAL_Driver/Src/stm32f0xx_hal_flash.c **** 
 469:Drivers/STM32F0xx_HAL_Driver/Src/stm32f0xx_hal_flash.c **** @endverbatim
 470:Drivers/STM32F0xx_HAL_Driver/Src/stm32f0xx_hal_flash.c ****   * @{
 471:Drivers/STM32F0xx_HAL_Driver/Src/stm32f0xx_hal_flash.c ****   */
 472:Drivers/STM32F0xx_HAL_Driver/Src/stm32f0xx_hal_flash.c **** 
 473:Drivers/STM32F0xx_HAL_Driver/Src/stm32f0xx_hal_flash.c **** /**
 474:Drivers/STM32F0xx_HAL_Driver/Src/stm32f0xx_hal_flash.c ****   * @brief  Unlock the FLASH control register access
 475:Drivers/STM32F0xx_HAL_Driver/Src/stm32f0xx_hal_flash.c ****   * @retval HAL Status
 476:Drivers/STM32F0xx_HAL_Driver/Src/stm32f0xx_hal_flash.c ****   */
 477:Drivers/STM32F0xx_HAL_Driver/Src/stm32f0xx_hal_flash.c **** HAL_StatusTypeDef HAL_FLASH_Unlock(void)
 478:Drivers/STM32F0xx_HAL_Driver/Src/stm32f0xx_hal_flash.c **** {
 479:Drivers/STM32F0xx_HAL_Driver/Src/stm32f0xx_hal_flash.c ****   HAL_StatusTypeDef status = HAL_OK;
 480:Drivers/STM32F0xx_HAL_Driver/Src/stm32f0xx_hal_flash.c **** 
 481:Drivers/STM32F0xx_HAL_Driver/Src/stm32f0xx_hal_flash.c ****   if(READ_BIT(FLASH->CR, FLASH_CR_LOCK) != RESET)
 482:Drivers/STM32F0xx_HAL_Driver/Src/stm32f0xx_hal_flash.c ****   {
 483:Drivers/STM32F0xx_HAL_Driver/Src/stm32f0xx_hal_flash.c ****     /* Authorize the FLASH Registers access */
 484:Drivers/STM32F0xx_HAL_Driver/Src/stm32f0xx_hal_flash.c ****     WRITE_REG(FLASH->KEYR, FLASH_KEY1);
 485:Drivers/STM32F0xx_HAL_Driver/Src/stm32f0xx_hal_flash.c ****     WRITE_REG(FLASH->KEYR, FLASH_KEY2);
 486:Drivers/STM32F0xx_HAL_Driver/Src/stm32f0xx_hal_flash.c **** 
 487:Drivers/STM32F0xx_HAL_Driver/Src/stm32f0xx_hal_flash.c ****     /* Verify Flash is unlocked */
 488:Drivers/STM32F0xx_HAL_Driver/Src/stm32f0xx_hal_flash.c ****     if(READ_BIT(FLASH->CR, FLASH_CR_LOCK) != RESET)
ARM GAS  C:\Users\three\AppData\Local\Temp\cc5zQioE.s 			page 10


 489:Drivers/STM32F0xx_HAL_Driver/Src/stm32f0xx_hal_flash.c ****     {
 490:Drivers/STM32F0xx_HAL_Driver/Src/stm32f0xx_hal_flash.c ****       status = HAL_ERROR;
 491:Drivers/STM32F0xx_HAL_Driver/Src/stm32f0xx_hal_flash.c ****     }
 492:Drivers/STM32F0xx_HAL_Driver/Src/stm32f0xx_hal_flash.c ****   }
 493:Drivers/STM32F0xx_HAL_Driver/Src/stm32f0xx_hal_flash.c **** 
 494:Drivers/STM32F0xx_HAL_Driver/Src/stm32f0xx_hal_flash.c ****   return status;
 495:Drivers/STM32F0xx_HAL_Driver/Src/stm32f0xx_hal_flash.c **** }
 496:Drivers/STM32F0xx_HAL_Driver/Src/stm32f0xx_hal_flash.c **** 
 497:Drivers/STM32F0xx_HAL_Driver/Src/stm32f0xx_hal_flash.c **** /**
 498:Drivers/STM32F0xx_HAL_Driver/Src/stm32f0xx_hal_flash.c ****   * @brief  Locks the FLASH control register access
 499:Drivers/STM32F0xx_HAL_Driver/Src/stm32f0xx_hal_flash.c ****   * @retval HAL Status
 500:Drivers/STM32F0xx_HAL_Driver/Src/stm32f0xx_hal_flash.c ****   */
 501:Drivers/STM32F0xx_HAL_Driver/Src/stm32f0xx_hal_flash.c **** HAL_StatusTypeDef HAL_FLASH_Lock(void)
 502:Drivers/STM32F0xx_HAL_Driver/Src/stm32f0xx_hal_flash.c **** {
 503:Drivers/STM32F0xx_HAL_Driver/Src/stm32f0xx_hal_flash.c ****   /* Set the LOCK Bit to lock the FLASH Registers access */
 504:Drivers/STM32F0xx_HAL_Driver/Src/stm32f0xx_hal_flash.c ****   SET_BIT(FLASH->CR, FLASH_CR_LOCK);
 505:Drivers/STM32F0xx_HAL_Driver/Src/stm32f0xx_hal_flash.c ****   
 506:Drivers/STM32F0xx_HAL_Driver/Src/stm32f0xx_hal_flash.c ****   return HAL_OK;  
 507:Drivers/STM32F0xx_HAL_Driver/Src/stm32f0xx_hal_flash.c **** }
 508:Drivers/STM32F0xx_HAL_Driver/Src/stm32f0xx_hal_flash.c **** 
 509:Drivers/STM32F0xx_HAL_Driver/Src/stm32f0xx_hal_flash.c **** /**
 510:Drivers/STM32F0xx_HAL_Driver/Src/stm32f0xx_hal_flash.c ****   * @brief  Unlock the FLASH Option Control Registers access.
 511:Drivers/STM32F0xx_HAL_Driver/Src/stm32f0xx_hal_flash.c ****   * @retval HAL Status
 512:Drivers/STM32F0xx_HAL_Driver/Src/stm32f0xx_hal_flash.c ****   */
 513:Drivers/STM32F0xx_HAL_Driver/Src/stm32f0xx_hal_flash.c **** HAL_StatusTypeDef HAL_FLASH_OB_Unlock(void)
 514:Drivers/STM32F0xx_HAL_Driver/Src/stm32f0xx_hal_flash.c **** {
 515:Drivers/STM32F0xx_HAL_Driver/Src/stm32f0xx_hal_flash.c ****   if (HAL_IS_BIT_CLR(FLASH->CR, FLASH_CR_OPTWRE))
 516:Drivers/STM32F0xx_HAL_Driver/Src/stm32f0xx_hal_flash.c ****   {
 517:Drivers/STM32F0xx_HAL_Driver/Src/stm32f0xx_hal_flash.c ****     /* Authorizes the Option Byte register programming */
 518:Drivers/STM32F0xx_HAL_Driver/Src/stm32f0xx_hal_flash.c ****     WRITE_REG(FLASH->OPTKEYR, FLASH_OPTKEY1);
 519:Drivers/STM32F0xx_HAL_Driver/Src/stm32f0xx_hal_flash.c ****     WRITE_REG(FLASH->OPTKEYR, FLASH_OPTKEY2);
 520:Drivers/STM32F0xx_HAL_Driver/Src/stm32f0xx_hal_flash.c ****   }
 521:Drivers/STM32F0xx_HAL_Driver/Src/stm32f0xx_hal_flash.c ****   else
 522:Drivers/STM32F0xx_HAL_Driver/Src/stm32f0xx_hal_flash.c ****   {
 523:Drivers/STM32F0xx_HAL_Driver/Src/stm32f0xx_hal_flash.c ****     return HAL_ERROR;
 524:Drivers/STM32F0xx_HAL_Driver/Src/stm32f0xx_hal_flash.c ****   }  
 525:Drivers/STM32F0xx_HAL_Driver/Src/stm32f0xx_hal_flash.c ****   
 526:Drivers/STM32F0xx_HAL_Driver/Src/stm32f0xx_hal_flash.c ****   return HAL_OK;  
 527:Drivers/STM32F0xx_HAL_Driver/Src/stm32f0xx_hal_flash.c **** }
 528:Drivers/STM32F0xx_HAL_Driver/Src/stm32f0xx_hal_flash.c **** 
 529:Drivers/STM32F0xx_HAL_Driver/Src/stm32f0xx_hal_flash.c **** /**
 530:Drivers/STM32F0xx_HAL_Driver/Src/stm32f0xx_hal_flash.c ****   * @brief  Lock the FLASH Option Control Registers access.
 531:Drivers/STM32F0xx_HAL_Driver/Src/stm32f0xx_hal_flash.c ****   * @retval HAL Status 
 532:Drivers/STM32F0xx_HAL_Driver/Src/stm32f0xx_hal_flash.c ****   */
 533:Drivers/STM32F0xx_HAL_Driver/Src/stm32f0xx_hal_flash.c **** HAL_StatusTypeDef HAL_FLASH_OB_Lock(void)
 534:Drivers/STM32F0xx_HAL_Driver/Src/stm32f0xx_hal_flash.c **** {
 535:Drivers/STM32F0xx_HAL_Driver/Src/stm32f0xx_hal_flash.c ****   /* Clear the OPTWRE Bit to lock the FLASH Option Byte Registers access */
 536:Drivers/STM32F0xx_HAL_Driver/Src/stm32f0xx_hal_flash.c ****   CLEAR_BIT(FLASH->CR, FLASH_CR_OPTWRE);
 537:Drivers/STM32F0xx_HAL_Driver/Src/stm32f0xx_hal_flash.c ****   
 538:Drivers/STM32F0xx_HAL_Driver/Src/stm32f0xx_hal_flash.c ****   return HAL_OK;  
 539:Drivers/STM32F0xx_HAL_Driver/Src/stm32f0xx_hal_flash.c **** }
 540:Drivers/STM32F0xx_HAL_Driver/Src/stm32f0xx_hal_flash.c ****   
 541:Drivers/STM32F0xx_HAL_Driver/Src/stm32f0xx_hal_flash.c **** /**
 542:Drivers/STM32F0xx_HAL_Driver/Src/stm32f0xx_hal_flash.c ****   * @brief  Launch the option byte loading.
 543:Drivers/STM32F0xx_HAL_Driver/Src/stm32f0xx_hal_flash.c ****   * @note   This function will reset automatically the MCU.
 544:Drivers/STM32F0xx_HAL_Driver/Src/stm32f0xx_hal_flash.c ****   * @retval HAL Status
 545:Drivers/STM32F0xx_HAL_Driver/Src/stm32f0xx_hal_flash.c ****   */
ARM GAS  C:\Users\three\AppData\Local\Temp\cc5zQioE.s 			page 11


 546:Drivers/STM32F0xx_HAL_Driver/Src/stm32f0xx_hal_flash.c **** HAL_StatusTypeDef HAL_FLASH_OB_Launch(void)
 547:Drivers/STM32F0xx_HAL_Driver/Src/stm32f0xx_hal_flash.c **** {
 548:Drivers/STM32F0xx_HAL_Driver/Src/stm32f0xx_hal_flash.c ****   /* Set the OBL_Launch bit to launch the option byte loading */
 549:Drivers/STM32F0xx_HAL_Driver/Src/stm32f0xx_hal_flash.c ****   SET_BIT(FLASH->CR, FLASH_CR_OBL_LAUNCH);
 550:Drivers/STM32F0xx_HAL_Driver/Src/stm32f0xx_hal_flash.c ****   
 551:Drivers/STM32F0xx_HAL_Driver/Src/stm32f0xx_hal_flash.c ****   /* Wait for last operation to be completed */
 552:Drivers/STM32F0xx_HAL_Driver/Src/stm32f0xx_hal_flash.c ****   return(FLASH_WaitForLastOperation(FLASH_TIMEOUT_VALUE));
 553:Drivers/STM32F0xx_HAL_Driver/Src/stm32f0xx_hal_flash.c **** }
 554:Drivers/STM32F0xx_HAL_Driver/Src/stm32f0xx_hal_flash.c **** 
 555:Drivers/STM32F0xx_HAL_Driver/Src/stm32f0xx_hal_flash.c **** /**
 556:Drivers/STM32F0xx_HAL_Driver/Src/stm32f0xx_hal_flash.c ****   * @}
 557:Drivers/STM32F0xx_HAL_Driver/Src/stm32f0xx_hal_flash.c ****   */  
 558:Drivers/STM32F0xx_HAL_Driver/Src/stm32f0xx_hal_flash.c **** 
 559:Drivers/STM32F0xx_HAL_Driver/Src/stm32f0xx_hal_flash.c **** /** @defgroup FLASH_Exported_Functions_Group3 Peripheral errors functions 
 560:Drivers/STM32F0xx_HAL_Driver/Src/stm32f0xx_hal_flash.c ****  *  @brief    Peripheral errors functions 
 561:Drivers/STM32F0xx_HAL_Driver/Src/stm32f0xx_hal_flash.c ****  *
 562:Drivers/STM32F0xx_HAL_Driver/Src/stm32f0xx_hal_flash.c **** @verbatim   
 563:Drivers/STM32F0xx_HAL_Driver/Src/stm32f0xx_hal_flash.c ****  ===============================================================================
 564:Drivers/STM32F0xx_HAL_Driver/Src/stm32f0xx_hal_flash.c ****                       ##### Peripheral Errors functions #####
 565:Drivers/STM32F0xx_HAL_Driver/Src/stm32f0xx_hal_flash.c ****  ===============================================================================  
 566:Drivers/STM32F0xx_HAL_Driver/Src/stm32f0xx_hal_flash.c ****     [..]
 567:Drivers/STM32F0xx_HAL_Driver/Src/stm32f0xx_hal_flash.c ****     This subsection permit to get in run-time errors of  the FLASH peripheral.
 568:Drivers/STM32F0xx_HAL_Driver/Src/stm32f0xx_hal_flash.c **** 
 569:Drivers/STM32F0xx_HAL_Driver/Src/stm32f0xx_hal_flash.c **** @endverbatim
 570:Drivers/STM32F0xx_HAL_Driver/Src/stm32f0xx_hal_flash.c ****   * @{
 571:Drivers/STM32F0xx_HAL_Driver/Src/stm32f0xx_hal_flash.c ****   */
 572:Drivers/STM32F0xx_HAL_Driver/Src/stm32f0xx_hal_flash.c **** 
 573:Drivers/STM32F0xx_HAL_Driver/Src/stm32f0xx_hal_flash.c **** /**
 574:Drivers/STM32F0xx_HAL_Driver/Src/stm32f0xx_hal_flash.c ****   * @brief  Get the specific FLASH error flag.
 575:Drivers/STM32F0xx_HAL_Driver/Src/stm32f0xx_hal_flash.c ****   * @retval FLASH_ErrorCode The returned value can be:
 576:Drivers/STM32F0xx_HAL_Driver/Src/stm32f0xx_hal_flash.c ****   *            @ref FLASH_Error_Codes
 577:Drivers/STM32F0xx_HAL_Driver/Src/stm32f0xx_hal_flash.c ****   */
 578:Drivers/STM32F0xx_HAL_Driver/Src/stm32f0xx_hal_flash.c **** uint32_t HAL_FLASH_GetError(void)
 579:Drivers/STM32F0xx_HAL_Driver/Src/stm32f0xx_hal_flash.c **** {
 580:Drivers/STM32F0xx_HAL_Driver/Src/stm32f0xx_hal_flash.c ****    return pFlash.ErrorCode;
 581:Drivers/STM32F0xx_HAL_Driver/Src/stm32f0xx_hal_flash.c **** }
 582:Drivers/STM32F0xx_HAL_Driver/Src/stm32f0xx_hal_flash.c **** 
 583:Drivers/STM32F0xx_HAL_Driver/Src/stm32f0xx_hal_flash.c **** /**
 584:Drivers/STM32F0xx_HAL_Driver/Src/stm32f0xx_hal_flash.c ****   * @}
 585:Drivers/STM32F0xx_HAL_Driver/Src/stm32f0xx_hal_flash.c ****   */
 586:Drivers/STM32F0xx_HAL_Driver/Src/stm32f0xx_hal_flash.c **** 
 587:Drivers/STM32F0xx_HAL_Driver/Src/stm32f0xx_hal_flash.c **** /**
 588:Drivers/STM32F0xx_HAL_Driver/Src/stm32f0xx_hal_flash.c ****   * @}
 589:Drivers/STM32F0xx_HAL_Driver/Src/stm32f0xx_hal_flash.c ****   */
 590:Drivers/STM32F0xx_HAL_Driver/Src/stm32f0xx_hal_flash.c **** 
 591:Drivers/STM32F0xx_HAL_Driver/Src/stm32f0xx_hal_flash.c **** /** @addtogroup FLASH_Private_Functions
 592:Drivers/STM32F0xx_HAL_Driver/Src/stm32f0xx_hal_flash.c ****  * @{
 593:Drivers/STM32F0xx_HAL_Driver/Src/stm32f0xx_hal_flash.c ****  */
 594:Drivers/STM32F0xx_HAL_Driver/Src/stm32f0xx_hal_flash.c **** 
 595:Drivers/STM32F0xx_HAL_Driver/Src/stm32f0xx_hal_flash.c **** /**
 596:Drivers/STM32F0xx_HAL_Driver/Src/stm32f0xx_hal_flash.c ****   * @brief  Program a half-word (16-bit) at a specified address.
 597:Drivers/STM32F0xx_HAL_Driver/Src/stm32f0xx_hal_flash.c ****   * @param  Address specify the address to be programmed.
 598:Drivers/STM32F0xx_HAL_Driver/Src/stm32f0xx_hal_flash.c ****   * @param  Data    specify the data to be programmed.
 599:Drivers/STM32F0xx_HAL_Driver/Src/stm32f0xx_hal_flash.c ****   * @retval None
 600:Drivers/STM32F0xx_HAL_Driver/Src/stm32f0xx_hal_flash.c ****   */
 601:Drivers/STM32F0xx_HAL_Driver/Src/stm32f0xx_hal_flash.c **** static void FLASH_Program_HalfWord(uint32_t Address, uint16_t Data)
 602:Drivers/STM32F0xx_HAL_Driver/Src/stm32f0xx_hal_flash.c **** {
ARM GAS  C:\Users\three\AppData\Local\Temp\cc5zQioE.s 			page 12


  27              		.loc 1 602 1 view -0
  28              		.cfi_startproc
  29              		@ args = 0, pretend = 0, frame = 0
  30              		@ frame_needed = 0, uses_anonymous_args = 0
  31              		.loc 1 602 1 is_stmt 0 view .LVU1
  32 0000 10B5     		push	{r4, lr}
  33              	.LCFI0:
  34              		.cfi_def_cfa_offset 8
  35              		.cfi_offset 4, -8
  36              		.cfi_offset 14, -4
 603:Drivers/STM32F0xx_HAL_Driver/Src/stm32f0xx_hal_flash.c ****   /* Clean the error context */
 604:Drivers/STM32F0xx_HAL_Driver/Src/stm32f0xx_hal_flash.c ****   pFlash.ErrorCode = HAL_FLASH_ERROR_NONE;
  37              		.loc 1 604 3 is_stmt 1 view .LVU2
  38              		.loc 1 604 20 is_stmt 0 view .LVU3
  39 0002 054B     		ldr	r3, .L2
  40 0004 0022     		movs	r2, #0
  41 0006 DA61     		str	r2, [r3, #28]
 605:Drivers/STM32F0xx_HAL_Driver/Src/stm32f0xx_hal_flash.c ****   
 606:Drivers/STM32F0xx_HAL_Driver/Src/stm32f0xx_hal_flash.c ****     /* Proceed to program the new data */
 607:Drivers/STM32F0xx_HAL_Driver/Src/stm32f0xx_hal_flash.c ****     SET_BIT(FLASH->CR, FLASH_CR_PG);
  42              		.loc 1 607 5 is_stmt 1 view .LVU4
  43 0008 044A     		ldr	r2, .L2+4
  44 000a 1369     		ldr	r3, [r2, #16]
  45 000c 0124     		movs	r4, #1
  46 000e 2343     		orrs	r3, r4
  47 0010 1361     		str	r3, [r2, #16]
 608:Drivers/STM32F0xx_HAL_Driver/Src/stm32f0xx_hal_flash.c **** 
 609:Drivers/STM32F0xx_HAL_Driver/Src/stm32f0xx_hal_flash.c ****   /* Write data in the address */
 610:Drivers/STM32F0xx_HAL_Driver/Src/stm32f0xx_hal_flash.c ****   *(__IO uint16_t*)Address = Data;
  48              		.loc 1 610 3 view .LVU5
  49              		.loc 1 610 28 is_stmt 0 view .LVU6
  50 0012 0180     		strh	r1, [r0]
 611:Drivers/STM32F0xx_HAL_Driver/Src/stm32f0xx_hal_flash.c **** }
  51              		.loc 1 611 1 view .LVU7
  52              		@ sp needed
  53 0014 10BD     		pop	{r4, pc}
  54              	.L3:
  55 0016 C046     		.align	2
  56              	.L2:
  57 0018 00000000 		.word	pFlash
  58 001c 00200240 		.word	1073881088
  59              		.cfi_endproc
  60              	.LFE51:
  62              		.section	.text.FLASH_SetErrorCode,"ax",%progbits
  63              		.align	1
  64              		.syntax unified
  65              		.code	16
  66              		.thumb_func
  68              	FLASH_SetErrorCode:
  69              	.LFB53:
 612:Drivers/STM32F0xx_HAL_Driver/Src/stm32f0xx_hal_flash.c **** 
 613:Drivers/STM32F0xx_HAL_Driver/Src/stm32f0xx_hal_flash.c **** /**
 614:Drivers/STM32F0xx_HAL_Driver/Src/stm32f0xx_hal_flash.c ****   * @brief  Wait for a FLASH operation to complete.
 615:Drivers/STM32F0xx_HAL_Driver/Src/stm32f0xx_hal_flash.c ****   * @param  Timeout  maximum flash operation timeout
 616:Drivers/STM32F0xx_HAL_Driver/Src/stm32f0xx_hal_flash.c ****   * @retval HAL Status
 617:Drivers/STM32F0xx_HAL_Driver/Src/stm32f0xx_hal_flash.c ****   */
 618:Drivers/STM32F0xx_HAL_Driver/Src/stm32f0xx_hal_flash.c **** HAL_StatusTypeDef FLASH_WaitForLastOperation(uint32_t Timeout)
ARM GAS  C:\Users\three\AppData\Local\Temp\cc5zQioE.s 			page 13


 619:Drivers/STM32F0xx_HAL_Driver/Src/stm32f0xx_hal_flash.c **** {
 620:Drivers/STM32F0xx_HAL_Driver/Src/stm32f0xx_hal_flash.c ****   /* Wait for the FLASH operation to complete by polling on BUSY flag to be reset.
 621:Drivers/STM32F0xx_HAL_Driver/Src/stm32f0xx_hal_flash.c ****      Even if the FLASH operation fails, the BUSY flag will be reset and an error
 622:Drivers/STM32F0xx_HAL_Driver/Src/stm32f0xx_hal_flash.c ****      flag will be set */
 623:Drivers/STM32F0xx_HAL_Driver/Src/stm32f0xx_hal_flash.c ****      
 624:Drivers/STM32F0xx_HAL_Driver/Src/stm32f0xx_hal_flash.c ****   uint32_t tickstart = HAL_GetTick();
 625:Drivers/STM32F0xx_HAL_Driver/Src/stm32f0xx_hal_flash.c ****      
 626:Drivers/STM32F0xx_HAL_Driver/Src/stm32f0xx_hal_flash.c ****   while(__HAL_FLASH_GET_FLAG(FLASH_FLAG_BSY)) 
 627:Drivers/STM32F0xx_HAL_Driver/Src/stm32f0xx_hal_flash.c ****   { 
 628:Drivers/STM32F0xx_HAL_Driver/Src/stm32f0xx_hal_flash.c ****     if (Timeout != HAL_MAX_DELAY)
 629:Drivers/STM32F0xx_HAL_Driver/Src/stm32f0xx_hal_flash.c ****     {
 630:Drivers/STM32F0xx_HAL_Driver/Src/stm32f0xx_hal_flash.c ****       if((Timeout == 0U) || ((HAL_GetTick()-tickstart) > Timeout))
 631:Drivers/STM32F0xx_HAL_Driver/Src/stm32f0xx_hal_flash.c ****       {
 632:Drivers/STM32F0xx_HAL_Driver/Src/stm32f0xx_hal_flash.c ****         return HAL_TIMEOUT;
 633:Drivers/STM32F0xx_HAL_Driver/Src/stm32f0xx_hal_flash.c ****       }
 634:Drivers/STM32F0xx_HAL_Driver/Src/stm32f0xx_hal_flash.c ****     }
 635:Drivers/STM32F0xx_HAL_Driver/Src/stm32f0xx_hal_flash.c ****   }
 636:Drivers/STM32F0xx_HAL_Driver/Src/stm32f0xx_hal_flash.c ****   
 637:Drivers/STM32F0xx_HAL_Driver/Src/stm32f0xx_hal_flash.c ****   /* Check FLASH End of Operation flag  */
 638:Drivers/STM32F0xx_HAL_Driver/Src/stm32f0xx_hal_flash.c ****   if (__HAL_FLASH_GET_FLAG(FLASH_FLAG_EOP))
 639:Drivers/STM32F0xx_HAL_Driver/Src/stm32f0xx_hal_flash.c ****   {
 640:Drivers/STM32F0xx_HAL_Driver/Src/stm32f0xx_hal_flash.c ****     /* Clear FLASH End of Operation pending bit */
 641:Drivers/STM32F0xx_HAL_Driver/Src/stm32f0xx_hal_flash.c ****     __HAL_FLASH_CLEAR_FLAG(FLASH_FLAG_EOP);
 642:Drivers/STM32F0xx_HAL_Driver/Src/stm32f0xx_hal_flash.c ****   }
 643:Drivers/STM32F0xx_HAL_Driver/Src/stm32f0xx_hal_flash.c ****   
 644:Drivers/STM32F0xx_HAL_Driver/Src/stm32f0xx_hal_flash.c ****   if(__HAL_FLASH_GET_FLAG(FLASH_FLAG_WRPERR)  || 
 645:Drivers/STM32F0xx_HAL_Driver/Src/stm32f0xx_hal_flash.c ****      __HAL_FLASH_GET_FLAG(FLASH_FLAG_PGERR))
 646:Drivers/STM32F0xx_HAL_Driver/Src/stm32f0xx_hal_flash.c ****   {
 647:Drivers/STM32F0xx_HAL_Driver/Src/stm32f0xx_hal_flash.c ****     /*Save the error code*/
 648:Drivers/STM32F0xx_HAL_Driver/Src/stm32f0xx_hal_flash.c ****     FLASH_SetErrorCode();
 649:Drivers/STM32F0xx_HAL_Driver/Src/stm32f0xx_hal_flash.c ****     return HAL_ERROR;
 650:Drivers/STM32F0xx_HAL_Driver/Src/stm32f0xx_hal_flash.c ****   }
 651:Drivers/STM32F0xx_HAL_Driver/Src/stm32f0xx_hal_flash.c **** 
 652:Drivers/STM32F0xx_HAL_Driver/Src/stm32f0xx_hal_flash.c ****   /* There is no error flag set */
 653:Drivers/STM32F0xx_HAL_Driver/Src/stm32f0xx_hal_flash.c ****   return HAL_OK;
 654:Drivers/STM32F0xx_HAL_Driver/Src/stm32f0xx_hal_flash.c **** }
 655:Drivers/STM32F0xx_HAL_Driver/Src/stm32f0xx_hal_flash.c **** 
 656:Drivers/STM32F0xx_HAL_Driver/Src/stm32f0xx_hal_flash.c **** 
 657:Drivers/STM32F0xx_HAL_Driver/Src/stm32f0xx_hal_flash.c **** /**
 658:Drivers/STM32F0xx_HAL_Driver/Src/stm32f0xx_hal_flash.c ****   * @brief  Set the specific FLASH error flag.
 659:Drivers/STM32F0xx_HAL_Driver/Src/stm32f0xx_hal_flash.c ****   * @retval None
 660:Drivers/STM32F0xx_HAL_Driver/Src/stm32f0xx_hal_flash.c ****   */
 661:Drivers/STM32F0xx_HAL_Driver/Src/stm32f0xx_hal_flash.c **** static void FLASH_SetErrorCode(void)
 662:Drivers/STM32F0xx_HAL_Driver/Src/stm32f0xx_hal_flash.c **** {
  70              		.loc 1 662 1 is_stmt 1 view -0
  71              		.cfi_startproc
  72              		@ args = 0, pretend = 0, frame = 0
  73              		@ frame_needed = 0, uses_anonymous_args = 0
  74              		@ link register save eliminated.
 663:Drivers/STM32F0xx_HAL_Driver/Src/stm32f0xx_hal_flash.c ****   uint32_t flags = 0U;
  75              		.loc 1 663 3 view .LVU9
  76              	.LVL1:
 664:Drivers/STM32F0xx_HAL_Driver/Src/stm32f0xx_hal_flash.c ****   
 665:Drivers/STM32F0xx_HAL_Driver/Src/stm32f0xx_hal_flash.c ****   if(__HAL_FLASH_GET_FLAG(FLASH_FLAG_WRPERR))
  77              		.loc 1 665 3 view .LVU10
  78              		.loc 1 665 6 is_stmt 0 view .LVU11
  79 0000 0D4B     		ldr	r3, .L8
ARM GAS  C:\Users\three\AppData\Local\Temp\cc5zQioE.s 			page 14


  80 0002 DA68     		ldr	r2, [r3, #12]
  81 0004 1021     		movs	r1, #16
  82 0006 0B00     		movs	r3, r1
  83 0008 1340     		ands	r3, r2
  84              		.loc 1 665 5 view .LVU12
  85 000a 1142     		tst	r1, r2
  86 000c 05D0     		beq	.L5
 666:Drivers/STM32F0xx_HAL_Driver/Src/stm32f0xx_hal_flash.c ****   {
 667:Drivers/STM32F0xx_HAL_Driver/Src/stm32f0xx_hal_flash.c ****     pFlash.ErrorCode |= HAL_FLASH_ERROR_WRP;
  87              		.loc 1 667 5 is_stmt 1 view .LVU13
  88              		.loc 1 667 11 is_stmt 0 view .LVU14
  89 000e 0B4A     		ldr	r2, .L8+4
  90 0010 D369     		ldr	r3, [r2, #28]
  91              		.loc 1 667 22 view .LVU15
  92 0012 0E39     		subs	r1, r1, #14
  93 0014 0B43     		orrs	r3, r1
  94 0016 D361     		str	r3, [r2, #28]
 668:Drivers/STM32F0xx_HAL_Driver/Src/stm32f0xx_hal_flash.c ****     flags |= FLASH_FLAG_WRPERR;
  95              		.loc 1 668 5 is_stmt 1 view .LVU16
  96              	.LVL2:
  97              		.loc 1 668 11 is_stmt 0 view .LVU17
  98 0018 1023     		movs	r3, #16
  99              	.LVL3:
 100              	.L5:
 669:Drivers/STM32F0xx_HAL_Driver/Src/stm32f0xx_hal_flash.c ****   }
 670:Drivers/STM32F0xx_HAL_Driver/Src/stm32f0xx_hal_flash.c ****   if(__HAL_FLASH_GET_FLAG(FLASH_FLAG_PGERR))
 101              		.loc 1 670 3 is_stmt 1 view .LVU18
 102              		.loc 1 670 6 is_stmt 0 view .LVU19
 103 001a 074A     		ldr	r2, .L8
 104 001c D268     		ldr	r2, [r2, #12]
 105              		.loc 1 670 5 view .LVU20
 106 001e 5207     		lsls	r2, r2, #29
 107 0020 06D5     		bpl	.L6
 671:Drivers/STM32F0xx_HAL_Driver/Src/stm32f0xx_hal_flash.c ****   {
 672:Drivers/STM32F0xx_HAL_Driver/Src/stm32f0xx_hal_flash.c ****     pFlash.ErrorCode |= HAL_FLASH_ERROR_PROG;
 108              		.loc 1 672 5 is_stmt 1 view .LVU21
 109              		.loc 1 672 11 is_stmt 0 view .LVU22
 110 0022 0649     		ldr	r1, .L8+4
 111 0024 CA69     		ldr	r2, [r1, #28]
 112              		.loc 1 672 22 view .LVU23
 113 0026 0120     		movs	r0, #1
 114 0028 0243     		orrs	r2, r0
 115 002a CA61     		str	r2, [r1, #28]
 673:Drivers/STM32F0xx_HAL_Driver/Src/stm32f0xx_hal_flash.c ****     flags |= FLASH_FLAG_PGERR;
 116              		.loc 1 673 5 is_stmt 1 view .LVU24
 117              		.loc 1 673 11 is_stmt 0 view .LVU25
 118 002c 0422     		movs	r2, #4
 119 002e 1343     		orrs	r3, r2
 120              	.LVL4:
 121              	.L6:
 674:Drivers/STM32F0xx_HAL_Driver/Src/stm32f0xx_hal_flash.c ****   }
 675:Drivers/STM32F0xx_HAL_Driver/Src/stm32f0xx_hal_flash.c ****   /* Clear FLASH error pending bits */
 676:Drivers/STM32F0xx_HAL_Driver/Src/stm32f0xx_hal_flash.c ****   __HAL_FLASH_CLEAR_FLAG(flags);
 122              		.loc 1 676 3 is_stmt 1 view .LVU26
 123 0030 014A     		ldr	r2, .L8
 124 0032 D360     		str	r3, [r2, #12]
 677:Drivers/STM32F0xx_HAL_Driver/Src/stm32f0xx_hal_flash.c **** }  
ARM GAS  C:\Users\three\AppData\Local\Temp\cc5zQioE.s 			page 15


 125              		.loc 1 677 1 is_stmt 0 view .LVU27
 126              		@ sp needed
 127 0034 7047     		bx	lr
 128              	.L9:
 129 0036 C046     		.align	2
 130              	.L8:
 131 0038 00200240 		.word	1073881088
 132 003c 00000000 		.word	pFlash
 133              		.cfi_endproc
 134              	.LFE53:
 136              		.section	.text.HAL_FLASH_Program_IT,"ax",%progbits
 137              		.align	1
 138              		.global	HAL_FLASH_Program_IT
 139              		.syntax unified
 140              		.code	16
 141              		.thumb_func
 143              	HAL_FLASH_Program_IT:
 144              	.LVL5:
 145              	.LFB41:
 238:Drivers/STM32F0xx_HAL_Driver/Src/stm32f0xx_hal_flash.c ****   HAL_StatusTypeDef status = HAL_OK;
 146              		.loc 1 238 1 is_stmt 1 view -0
 147              		.cfi_startproc
 148              		@ args = 0, pretend = 0, frame = 0
 149              		@ frame_needed = 0, uses_anonymous_args = 0
 238:Drivers/STM32F0xx_HAL_Driver/Src/stm32f0xx_hal_flash.c ****   HAL_StatusTypeDef status = HAL_OK;
 150              		.loc 1 238 1 is_stmt 0 view .LVU29
 151 0000 F8B5     		push	{r3, r4, r5, r6, r7, lr}
 152              	.LCFI1:
 153              		.cfi_def_cfa_offset 24
 154              		.cfi_offset 3, -24
 155              		.cfi_offset 4, -20
 156              		.cfi_offset 5, -16
 157              		.cfi_offset 6, -12
 158              		.cfi_offset 7, -8
 159              		.cfi_offset 14, -4
 160 0002 0600     		movs	r6, r0
 161 0004 0800     		movs	r0, r1
 162              	.LVL6:
 238:Drivers/STM32F0xx_HAL_Driver/Src/stm32f0xx_hal_flash.c ****   HAL_StatusTypeDef status = HAL_OK;
 163              		.loc 1 238 1 view .LVU30
 164 0006 1400     		movs	r4, r2
 165 0008 1D00     		movs	r5, r3
 239:Drivers/STM32F0xx_HAL_Driver/Src/stm32f0xx_hal_flash.c ****   
 166              		.loc 1 239 3 is_stmt 1 view .LVU31
 167              	.LVL7:
 242:Drivers/STM32F0xx_HAL_Driver/Src/stm32f0xx_hal_flash.c **** 
 168              		.loc 1 242 3 view .LVU32
 242:Drivers/STM32F0xx_HAL_Driver/Src/stm32f0xx_hal_flash.c **** 
 169              		.loc 1 242 3 view .LVU33
 170 000a 154B     		ldr	r3, .L18
 171 000c 1B7E     		ldrb	r3, [r3, #24]
 172 000e 012B     		cmp	r3, #1
 173 0010 24D0     		beq	.L15
 242:Drivers/STM32F0xx_HAL_Driver/Src/stm32f0xx_hal_flash.c **** 
 174              		.loc 1 242 3 discriminator 2 view .LVU34
 175 0012 134B     		ldr	r3, .L18
 176 0014 0122     		movs	r2, #1
ARM GAS  C:\Users\three\AppData\Local\Temp\cc5zQioE.s 			page 16


 177              	.LVL8:
 242:Drivers/STM32F0xx_HAL_Driver/Src/stm32f0xx_hal_flash.c **** 
 178              		.loc 1 242 3 is_stmt 0 discriminator 2 view .LVU35
 179 0016 1A76     		strb	r2, [r3, #24]
 242:Drivers/STM32F0xx_HAL_Driver/Src/stm32f0xx_hal_flash.c **** 
 180              		.loc 1 242 3 is_stmt 1 view .LVU36
 245:Drivers/STM32F0xx_HAL_Driver/Src/stm32f0xx_hal_flash.c ****   assert_param(IS_FLASH_PROGRAM_ADDRESS(Address));
 181              		.loc 1 245 3 view .LVU37
 246:Drivers/STM32F0xx_HAL_Driver/Src/stm32f0xx_hal_flash.c **** 
 182              		.loc 1 246 3 view .LVU38
 249:Drivers/STM32F0xx_HAL_Driver/Src/stm32f0xx_hal_flash.c ****   
 183              		.loc 1 249 3 view .LVU39
 184 0018 1249     		ldr	r1, .L18+4
 185              	.LVL9:
 249:Drivers/STM32F0xx_HAL_Driver/Src/stm32f0xx_hal_flash.c ****   
 186              		.loc 1 249 3 is_stmt 0 view .LVU40
 187 001a 0F69     		ldr	r7, [r1, #16]
 188 001c A022     		movs	r2, #160
 189 001e 5201     		lsls	r2, r2, #5
 190 0020 3A43     		orrs	r2, r7
 191 0022 0A61     		str	r2, [r1, #16]
 251:Drivers/STM32F0xx_HAL_Driver/Src/stm32f0xx_hal_flash.c ****   pFlash.Data = Data;
 192              		.loc 1 251 3 is_stmt 1 view .LVU41
 251:Drivers/STM32F0xx_HAL_Driver/Src/stm32f0xx_hal_flash.c ****   pFlash.Data = Data;
 193              		.loc 1 251 18 is_stmt 0 view .LVU42
 194 0024 9860     		str	r0, [r3, #8]
 252:Drivers/STM32F0xx_HAL_Driver/Src/stm32f0xx_hal_flash.c **** 
 195              		.loc 1 252 3 is_stmt 1 view .LVU43
 252:Drivers/STM32F0xx_HAL_Driver/Src/stm32f0xx_hal_flash.c **** 
 196              		.loc 1 252 15 is_stmt 0 view .LVU44
 197 0026 1C61     		str	r4, [r3, #16]
 198 0028 5D61     		str	r5, [r3, #20]
 254:Drivers/STM32F0xx_HAL_Driver/Src/stm32f0xx_hal_flash.c ****   {
 199              		.loc 1 254 3 is_stmt 1 view .LVU45
 254:Drivers/STM32F0xx_HAL_Driver/Src/stm32f0xx_hal_flash.c ****   {
 200              		.loc 1 254 5 is_stmt 0 view .LVU46
 201 002a 012E     		cmp	r6, #1
 202 002c 0BD0     		beq	.L16
 260:Drivers/STM32F0xx_HAL_Driver/Src/stm32f0xx_hal_flash.c ****   {
 203              		.loc 1 260 8 is_stmt 1 view .LVU47
 260:Drivers/STM32F0xx_HAL_Driver/Src/stm32f0xx_hal_flash.c ****   {
 204              		.loc 1 260 10 is_stmt 0 view .LVU48
 205 002e 022E     		cmp	r6, #2
 206 0030 0ED0     		beq	.L17
 268:Drivers/STM32F0xx_HAL_Driver/Src/stm32f0xx_hal_flash.c ****     /* Program double word (64-bit : 4*16-bit) at a specified address. */
 207              		.loc 1 268 5 is_stmt 1 view .LVU49
 268:Drivers/STM32F0xx_HAL_Driver/Src/stm32f0xx_hal_flash.c ****     /* Program double word (64-bit : 4*16-bit) at a specified address. */
 208              		.loc 1 268 29 is_stmt 0 view .LVU50
 209 0032 0B4B     		ldr	r3, .L18
 210 0034 0522     		movs	r2, #5
 211 0036 1A70     		strb	r2, [r3]
 270:Drivers/STM32F0xx_HAL_Driver/Src/stm32f0xx_hal_flash.c ****   }
 212              		.loc 1 270 5 is_stmt 1 view .LVU51
 270:Drivers/STM32F0xx_HAL_Driver/Src/stm32f0xx_hal_flash.c ****   }
 213              		.loc 1 270 26 is_stmt 0 view .LVU52
 214 0038 013A     		subs	r2, r2, #1
 215 003a 5A60     		str	r2, [r3, #4]
ARM GAS  C:\Users\three\AppData\Local\Temp\cc5zQioE.s 			page 17


 216              	.L13:
 274:Drivers/STM32F0xx_HAL_Driver/Src/stm32f0xx_hal_flash.c **** 
 217              		.loc 1 274 3 is_stmt 1 view .LVU53
 218 003c A1B2     		uxth	r1, r4
 219 003e FFF7FEFF 		bl	FLASH_Program_HalfWord
 220              	.LVL10:
 276:Drivers/STM32F0xx_HAL_Driver/Src/stm32f0xx_hal_flash.c **** }
 221              		.loc 1 276 3 view .LVU54
 276:Drivers/STM32F0xx_HAL_Driver/Src/stm32f0xx_hal_flash.c **** }
 222              		.loc 1 276 10 is_stmt 0 view .LVU55
 223 0042 0020     		movs	r0, #0
 224              	.L11:
 277:Drivers/STM32F0xx_HAL_Driver/Src/stm32f0xx_hal_flash.c **** 
 225              		.loc 1 277 1 view .LVU56
 226              		@ sp needed
 227              	.LVL11:
 277:Drivers/STM32F0xx_HAL_Driver/Src/stm32f0xx_hal_flash.c **** 
 228              		.loc 1 277 1 view .LVU57
 229 0044 F8BD     		pop	{r3, r4, r5, r6, r7, pc}
 230              	.LVL12:
 231              	.L16:
 256:Drivers/STM32F0xx_HAL_Driver/Src/stm32f0xx_hal_flash.c ****     /* Program halfword (16-bit) at a specified address. */
 232              		.loc 1 256 5 is_stmt 1 view .LVU58
 256:Drivers/STM32F0xx_HAL_Driver/Src/stm32f0xx_hal_flash.c ****     /* Program halfword (16-bit) at a specified address. */
 233              		.loc 1 256 29 is_stmt 0 view .LVU59
 234 0046 0322     		movs	r2, #3
 235 0048 1A70     		strb	r2, [r3]
 258:Drivers/STM32F0xx_HAL_Driver/Src/stm32f0xx_hal_flash.c ****   }
 236              		.loc 1 258 5 is_stmt 1 view .LVU60
 258:Drivers/STM32F0xx_HAL_Driver/Src/stm32f0xx_hal_flash.c ****   }
 237              		.loc 1 258 26 is_stmt 0 view .LVU61
 238 004a 023A     		subs	r2, r2, #2
 239 004c 5A60     		str	r2, [r3, #4]
 240 004e F5E7     		b	.L13
 241              	.L17:
 262:Drivers/STM32F0xx_HAL_Driver/Src/stm32f0xx_hal_flash.c ****     /* Program word (32-bit : 2*16-bit) at a specified address. */
 242              		.loc 1 262 5 is_stmt 1 view .LVU62
 262:Drivers/STM32F0xx_HAL_Driver/Src/stm32f0xx_hal_flash.c ****     /* Program word (32-bit : 2*16-bit) at a specified address. */
 243              		.loc 1 262 29 is_stmt 0 view .LVU63
 244 0050 034B     		ldr	r3, .L18
 245 0052 0422     		movs	r2, #4
 246 0054 1A70     		strb	r2, [r3]
 264:Drivers/STM32F0xx_HAL_Driver/Src/stm32f0xx_hal_flash.c ****   }
 247              		.loc 1 264 5 is_stmt 1 view .LVU64
 264:Drivers/STM32F0xx_HAL_Driver/Src/stm32f0xx_hal_flash.c ****   }
 248              		.loc 1 264 26 is_stmt 0 view .LVU65
 249 0056 023A     		subs	r2, r2, #2
 250 0058 5A60     		str	r2, [r3, #4]
 251 005a EFE7     		b	.L13
 252              	.LVL13:
 253              	.L15:
 242:Drivers/STM32F0xx_HAL_Driver/Src/stm32f0xx_hal_flash.c **** 
 254              		.loc 1 242 3 discriminator 1 view .LVU66
 255 005c 0220     		movs	r0, #2
 256              	.LVL14:
 242:Drivers/STM32F0xx_HAL_Driver/Src/stm32f0xx_hal_flash.c **** 
 257              		.loc 1 242 3 discriminator 1 view .LVU67
ARM GAS  C:\Users\three\AppData\Local\Temp\cc5zQioE.s 			page 18


 258 005e F1E7     		b	.L11
 259              	.L19:
 260              		.align	2
 261              	.L18:
 262 0060 00000000 		.word	pFlash
 263 0064 00200240 		.word	1073881088
 264              		.cfi_endproc
 265              	.LFE41:
 267              		.section	.text.HAL_FLASH_EndOfOperationCallback,"ax",%progbits
 268              		.align	1
 269              		.weak	HAL_FLASH_EndOfOperationCallback
 270              		.syntax unified
 271              		.code	16
 272              		.thumb_func
 274              	HAL_FLASH_EndOfOperationCallback:
 275              	.LVL15:
 276              	.LFB43:
 427:Drivers/STM32F0xx_HAL_Driver/Src/stm32f0xx_hal_flash.c ****   /* Prevent unused argument(s) compilation warning */
 277              		.loc 1 427 1 is_stmt 1 view -0
 278              		.cfi_startproc
 279              		@ args = 0, pretend = 0, frame = 0
 280              		@ frame_needed = 0, uses_anonymous_args = 0
 281              		@ link register save eliminated.
 429:Drivers/STM32F0xx_HAL_Driver/Src/stm32f0xx_hal_flash.c **** 
 282              		.loc 1 429 3 view .LVU69
 434:Drivers/STM32F0xx_HAL_Driver/Src/stm32f0xx_hal_flash.c **** 
 283              		.loc 1 434 1 is_stmt 0 view .LVU70
 284              		@ sp needed
 285 0000 7047     		bx	lr
 286              		.cfi_endproc
 287              	.LFE43:
 289              		.section	.text.HAL_FLASH_OperationErrorCallback,"ax",%progbits
 290              		.align	1
 291              		.weak	HAL_FLASH_OperationErrorCallback
 292              		.syntax unified
 293              		.code	16
 294              		.thumb_func
 296              	HAL_FLASH_OperationErrorCallback:
 297              	.LVL16:
 298              	.LFB44:
 445:Drivers/STM32F0xx_HAL_Driver/Src/stm32f0xx_hal_flash.c ****   /* Prevent unused argument(s) compilation warning */
 299              		.loc 1 445 1 is_stmt 1 view -0
 300              		.cfi_startproc
 301              		@ args = 0, pretend = 0, frame = 0
 302              		@ frame_needed = 0, uses_anonymous_args = 0
 303              		@ link register save eliminated.
 447:Drivers/STM32F0xx_HAL_Driver/Src/stm32f0xx_hal_flash.c **** 
 304              		.loc 1 447 3 view .LVU72
 452:Drivers/STM32F0xx_HAL_Driver/Src/stm32f0xx_hal_flash.c **** 
 305              		.loc 1 452 1 is_stmt 0 view .LVU73
 306              		@ sp needed
 307 0000 7047     		bx	lr
 308              		.cfi_endproc
 309              	.LFE44:
 311              		.section	.text.HAL_FLASH_IRQHandler,"ax",%progbits
 312              		.align	1
 313              		.global	HAL_FLASH_IRQHandler
ARM GAS  C:\Users\three\AppData\Local\Temp\cc5zQioE.s 			page 19


 314              		.syntax unified
 315              		.code	16
 316              		.thumb_func
 318              	HAL_FLASH_IRQHandler:
 319              	.LFB42:
 284:Drivers/STM32F0xx_HAL_Driver/Src/stm32f0xx_hal_flash.c ****   uint32_t addresstmp = 0U;
 320              		.loc 1 284 1 is_stmt 1 view -0
 321              		.cfi_startproc
 322              		@ args = 0, pretend = 0, frame = 0
 323              		@ frame_needed = 0, uses_anonymous_args = 0
 324 0000 F8B5     		push	{r3, r4, r5, r6, r7, lr}
 325              	.LCFI2:
 326              		.cfi_def_cfa_offset 24
 327              		.cfi_offset 3, -24
 328              		.cfi_offset 4, -20
 329              		.cfi_offset 5, -16
 330              		.cfi_offset 6, -12
 331              		.cfi_offset 7, -8
 332              		.cfi_offset 14, -4
 285:Drivers/STM32F0xx_HAL_Driver/Src/stm32f0xx_hal_flash.c ****   
 333              		.loc 1 285 3 view .LVU75
 334              	.LVL17:
 288:Drivers/STM32F0xx_HAL_Driver/Src/stm32f0xx_hal_flash.c ****   {
 335              		.loc 1 288 3 view .LVU76
 288:Drivers/STM32F0xx_HAL_Driver/Src/stm32f0xx_hal_flash.c ****   {
 336              		.loc 1 288 6 is_stmt 0 view .LVU77
 337 0002 514B     		ldr	r3, .L42
 338 0004 DB68     		ldr	r3, [r3, #12]
 288:Drivers/STM32F0xx_HAL_Driver/Src/stm32f0xx_hal_flash.c ****   {
 339              		.loc 1 288 5 view .LVU78
 340 0006 DB06     		lsls	r3, r3, #27
 341 0008 03D4     		bmi	.L23
 288:Drivers/STM32F0xx_HAL_Driver/Src/stm32f0xx_hal_flash.c ****   {
 342              		.loc 1 288 48 discriminator 1 view .LVU79
 343 000a 4F4B     		ldr	r3, .L42
 344 000c DB68     		ldr	r3, [r3, #12]
 288:Drivers/STM32F0xx_HAL_Driver/Src/stm32f0xx_hal_flash.c ****   {
 345              		.loc 1 288 46 discriminator 1 view .LVU80
 346 000e 5B07     		lsls	r3, r3, #29
 347 0010 0BD5     		bpl	.L24
 348              	.L23:
 291:Drivers/STM32F0xx_HAL_Driver/Src/stm32f0xx_hal_flash.c ****     /* Reset address */
 349              		.loc 1 291 5 is_stmt 1 view .LVU81
 291:Drivers/STM32F0xx_HAL_Driver/Src/stm32f0xx_hal_flash.c ****     /* Reset address */
 350              		.loc 1 291 16 is_stmt 0 view .LVU82
 351 0012 4E4C     		ldr	r4, .L42+4
 352 0014 A568     		ldr	r5, [r4, #8]
 353              	.LVL18:
 293:Drivers/STM32F0xx_HAL_Driver/Src/stm32f0xx_hal_flash.c ****   
 354              		.loc 1 293 5 is_stmt 1 view .LVU83
 293:Drivers/STM32F0xx_HAL_Driver/Src/stm32f0xx_hal_flash.c ****   
 355              		.loc 1 293 20 is_stmt 0 view .LVU84
 356 0016 0123     		movs	r3, #1
 357 0018 5B42     		rsbs	r3, r3, #0
 358 001a A360     		str	r3, [r4, #8]
 296:Drivers/STM32F0xx_HAL_Driver/Src/stm32f0xx_hal_flash.c ****     
 359              		.loc 1 296 5 is_stmt 1 view .LVU85
ARM GAS  C:\Users\three\AppData\Local\Temp\cc5zQioE.s 			page 20


 360 001c FFF7FEFF 		bl	FLASH_SetErrorCode
 361              	.LVL19:
 299:Drivers/STM32F0xx_HAL_Driver/Src/stm32f0xx_hal_flash.c **** 
 362              		.loc 1 299 5 view .LVU86
 363 0020 2800     		movs	r0, r5
 364 0022 FFF7FEFF 		bl	HAL_FLASH_OperationErrorCallback
 365              	.LVL20:
 302:Drivers/STM32F0xx_HAL_Driver/Src/stm32f0xx_hal_flash.c ****   }
 366              		.loc 1 302 5 view .LVU87
 302:Drivers/STM32F0xx_HAL_Driver/Src/stm32f0xx_hal_flash.c ****   }
 367              		.loc 1 302 29 is_stmt 0 view .LVU88
 368 0026 0023     		movs	r3, #0
 369 0028 2370     		strb	r3, [r4]
 370              	.LVL21:
 371              	.L24:
 306:Drivers/STM32F0xx_HAL_Driver/Src/stm32f0xx_hal_flash.c ****   {
 372              		.loc 1 306 3 is_stmt 1 view .LVU89
 306:Drivers/STM32F0xx_HAL_Driver/Src/stm32f0xx_hal_flash.c ****   {
 373              		.loc 1 306 6 is_stmt 0 view .LVU90
 374 002a 474B     		ldr	r3, .L42
 375 002c DB68     		ldr	r3, [r3, #12]
 306:Drivers/STM32F0xx_HAL_Driver/Src/stm32f0xx_hal_flash.c ****   {
 376              		.loc 1 306 5 view .LVU91
 377 002e 9B06     		lsls	r3, r3, #26
 378 0030 28D5     		bpl	.L25
 309:Drivers/STM32F0xx_HAL_Driver/Src/stm32f0xx_hal_flash.c ****     
 379              		.loc 1 309 5 is_stmt 1 view .LVU92
 380 0032 454B     		ldr	r3, .L42
 381 0034 2022     		movs	r2, #32
 382 0036 DA60     		str	r2, [r3, #12]
 312:Drivers/STM32F0xx_HAL_Driver/Src/stm32f0xx_hal_flash.c ****     {
 383              		.loc 1 312 5 view .LVU93
 312:Drivers/STM32F0xx_HAL_Driver/Src/stm32f0xx_hal_flash.c ****     {
 384              		.loc 1 312 14 is_stmt 0 view .LVU94
 385 0038 444B     		ldr	r3, .L42+4
 386 003a 1B78     		ldrb	r3, [r3]
 312:Drivers/STM32F0xx_HAL_Driver/Src/stm32f0xx_hal_flash.c ****     {
 387              		.loc 1 312 7 view .LVU95
 388 003c 002B     		cmp	r3, #0
 389 003e 21D0     		beq	.L25
 314:Drivers/STM32F0xx_HAL_Driver/Src/stm32f0xx_hal_flash.c ****       {
 390              		.loc 1 314 7 is_stmt 1 view .LVU96
 314:Drivers/STM32F0xx_HAL_Driver/Src/stm32f0xx_hal_flash.c ****       {
 391              		.loc 1 314 16 is_stmt 0 view .LVU97
 392 0040 424B     		ldr	r3, .L42+4
 393 0042 1B78     		ldrb	r3, [r3]
 314:Drivers/STM32F0xx_HAL_Driver/Src/stm32f0xx_hal_flash.c ****       {
 394              		.loc 1 314 9 view .LVU98
 395 0044 012B     		cmp	r3, #1
 396 0046 2ED0     		beq	.L37
 345:Drivers/STM32F0xx_HAL_Driver/Src/stm32f0xx_hal_flash.c ****       {
 397              		.loc 1 345 12 is_stmt 1 view .LVU99
 345:Drivers/STM32F0xx_HAL_Driver/Src/stm32f0xx_hal_flash.c ****       {
 398              		.loc 1 345 21 is_stmt 0 view .LVU100
 399 0048 404B     		ldr	r3, .L42+4
 400 004a 1B78     		ldrb	r3, [r3]
 345:Drivers/STM32F0xx_HAL_Driver/Src/stm32f0xx_hal_flash.c ****       {
ARM GAS  C:\Users\three\AppData\Local\Temp\cc5zQioE.s 			page 21


 401              		.loc 1 345 14 view .LVU101
 402 004c 022B     		cmp	r3, #2
 403 004e 4CD0     		beq	.L38
 360:Drivers/STM32F0xx_HAL_Driver/Src/stm32f0xx_hal_flash.c ****         
 404              		.loc 1 360 9 is_stmt 1 view .LVU102
 360:Drivers/STM32F0xx_HAL_Driver/Src/stm32f0xx_hal_flash.c ****         
 405              		.loc 1 360 15 is_stmt 0 view .LVU103
 406 0050 3E4B     		ldr	r3, .L42+4
 407 0052 5A68     		ldr	r2, [r3, #4]
 360:Drivers/STM32F0xx_HAL_Driver/Src/stm32f0xx_hal_flash.c ****         
 408              		.loc 1 360 29 view .LVU104
 409 0054 013A     		subs	r2, r2, #1
 410 0056 5A60     		str	r2, [r3, #4]
 363:Drivers/STM32F0xx_HAL_Driver/Src/stm32f0xx_hal_flash.c ****         {
 411              		.loc 1 363 9 is_stmt 1 view .LVU105
 363:Drivers/STM32F0xx_HAL_Driver/Src/stm32f0xx_hal_flash.c ****         {
 412              		.loc 1 363 18 is_stmt 0 view .LVU106
 413 0058 5B68     		ldr	r3, [r3, #4]
 363:Drivers/STM32F0xx_HAL_Driver/Src/stm32f0xx_hal_flash.c ****         {
 414              		.loc 1 363 11 view .LVU107
 415 005a 002B     		cmp	r3, #0
 416 005c 51D1     		bne	.L39
 382:Drivers/STM32F0xx_HAL_Driver/Src/stm32f0xx_hal_flash.c ****           {
 417              		.loc 1 382 11 is_stmt 1 view .LVU108
 382:Drivers/STM32F0xx_HAL_Driver/Src/stm32f0xx_hal_flash.c ****           {
 418              		.loc 1 382 21 is_stmt 0 view .LVU109
 419 005e 3B4B     		ldr	r3, .L42+4
 420 0060 1B78     		ldrb	r3, [r3]
 382:Drivers/STM32F0xx_HAL_Driver/Src/stm32f0xx_hal_flash.c ****           {
 421              		.loc 1 382 14 view .LVU110
 422 0062 032B     		cmp	r3, #3
 423 0064 65D0     		beq	.L40
 386:Drivers/STM32F0xx_HAL_Driver/Src/stm32f0xx_hal_flash.c ****           {
 424              		.loc 1 386 16 is_stmt 1 view .LVU111
 386:Drivers/STM32F0xx_HAL_Driver/Src/stm32f0xx_hal_flash.c ****           {
 425              		.loc 1 386 26 is_stmt 0 view .LVU112
 426 0066 394B     		ldr	r3, .L42+4
 427 0068 1B78     		ldrb	r3, [r3]
 386:Drivers/STM32F0xx_HAL_Driver/Src/stm32f0xx_hal_flash.c ****           {
 428              		.loc 1 386 19 view .LVU113
 429 006a 042B     		cmp	r3, #4
 430 006c 66D0     		beq	.L41
 392:Drivers/STM32F0xx_HAL_Driver/Src/stm32f0xx_hal_flash.c ****           }
 431              		.loc 1 392 13 is_stmt 1 view .LVU114
 392:Drivers/STM32F0xx_HAL_Driver/Src/stm32f0xx_hal_flash.c ****           }
 432              		.loc 1 392 52 is_stmt 0 view .LVU115
 433 006e 374B     		ldr	r3, .L42+4
 434 0070 9868     		ldr	r0, [r3, #8]
 392:Drivers/STM32F0xx_HAL_Driver/Src/stm32f0xx_hal_flash.c ****           }
 435              		.loc 1 392 61 view .LVU116
 436 0072 0638     		subs	r0, r0, #6
 392:Drivers/STM32F0xx_HAL_Driver/Src/stm32f0xx_hal_flash.c ****           }
 437              		.loc 1 392 13 view .LVU117
 438 0074 FFF7FEFF 		bl	HAL_FLASH_EndOfOperationCallback
 439              	.LVL22:
 440              	.L31:
 396:Drivers/STM32F0xx_HAL_Driver/Src/stm32f0xx_hal_flash.c ****           pFlash.ProcedureOnGoing = FLASH_PROC_NONE;
ARM GAS  C:\Users\three\AppData\Local\Temp\cc5zQioE.s 			page 22


 441              		.loc 1 396 11 is_stmt 1 view .LVU118
 396:Drivers/STM32F0xx_HAL_Driver/Src/stm32f0xx_hal_flash.c ****           pFlash.ProcedureOnGoing = FLASH_PROC_NONE;
 442              		.loc 1 396 26 is_stmt 0 view .LVU119
 443 0078 344B     		ldr	r3, .L42+4
 444 007a 0122     		movs	r2, #1
 445 007c 5242     		rsbs	r2, r2, #0
 446 007e 9A60     		str	r2, [r3, #8]
 397:Drivers/STM32F0xx_HAL_Driver/Src/stm32f0xx_hal_flash.c ****         }
 447              		.loc 1 397 11 is_stmt 1 view .LVU120
 397:Drivers/STM32F0xx_HAL_Driver/Src/stm32f0xx_hal_flash.c ****         }
 448              		.loc 1 397 35 is_stmt 0 view .LVU121
 449 0080 0022     		movs	r2, #0
 450 0082 1A70     		strb	r2, [r3]
 451              	.L25:
 404:Drivers/STM32F0xx_HAL_Driver/Src/stm32f0xx_hal_flash.c ****   {
 452              		.loc 1 404 3 is_stmt 1 view .LVU122
 404:Drivers/STM32F0xx_HAL_Driver/Src/stm32f0xx_hal_flash.c ****   {
 453              		.loc 1 404 12 is_stmt 0 view .LVU123
 454 0084 314B     		ldr	r3, .L42+4
 455 0086 1B78     		ldrb	r3, [r3]
 404:Drivers/STM32F0xx_HAL_Driver/Src/stm32f0xx_hal_flash.c ****   {
 456              		.loc 1 404 5 view .LVU124
 457 0088 002B     		cmp	r3, #0
 458 008a 0BD1     		bne	.L22
 407:Drivers/STM32F0xx_HAL_Driver/Src/stm32f0xx_hal_flash.c **** 
 459              		.loc 1 407 5 is_stmt 1 view .LVU125
 460 008c 2E4B     		ldr	r3, .L42
 461 008e 1A69     		ldr	r2, [r3, #16]
 462 0090 0721     		movs	r1, #7
 463 0092 8A43     		bics	r2, r1
 464 0094 1A61     		str	r2, [r3, #16]
 410:Drivers/STM32F0xx_HAL_Driver/Src/stm32f0xx_hal_flash.c **** 
 465              		.loc 1 410 5 view .LVU126
 466 0096 1A69     		ldr	r2, [r3, #16]
 467 0098 2D49     		ldr	r1, .L42+8
 468 009a 0A40     		ands	r2, r1
 469 009c 1A61     		str	r2, [r3, #16]
 413:Drivers/STM32F0xx_HAL_Driver/Src/stm32f0xx_hal_flash.c ****   }
 470              		.loc 1 413 5 view .LVU127
 413:Drivers/STM32F0xx_HAL_Driver/Src/stm32f0xx_hal_flash.c ****   }
 471              		.loc 1 413 5 view .LVU128
 472 009e 2B4B     		ldr	r3, .L42+4
 473 00a0 0022     		movs	r2, #0
 474 00a2 1A76     		strb	r2, [r3, #24]
 413:Drivers/STM32F0xx_HAL_Driver/Src/stm32f0xx_hal_flash.c ****   }
 475              		.loc 1 413 5 view .LVU129
 476              	.L22:
 415:Drivers/STM32F0xx_HAL_Driver/Src/stm32f0xx_hal_flash.c **** 
 477              		.loc 1 415 1 is_stmt 0 view .LVU130
 478              		@ sp needed
 479 00a4 F8BD     		pop	{r3, r4, r5, r6, r7, pc}
 480              	.L37:
 317:Drivers/STM32F0xx_HAL_Driver/Src/stm32f0xx_hal_flash.c **** 
 481              		.loc 1 317 9 is_stmt 1 view .LVU131
 317:Drivers/STM32F0xx_HAL_Driver/Src/stm32f0xx_hal_flash.c **** 
 482              		.loc 1 317 15 is_stmt 0 view .LVU132
 483 00a6 294B     		ldr	r3, .L42+4
ARM GAS  C:\Users\three\AppData\Local\Temp\cc5zQioE.s 			page 23


 484 00a8 5A68     		ldr	r2, [r3, #4]
 317:Drivers/STM32F0xx_HAL_Driver/Src/stm32f0xx_hal_flash.c **** 
 485              		.loc 1 317 29 view .LVU133
 486 00aa 013A     		subs	r2, r2, #1
 487 00ac 5A60     		str	r2, [r3, #4]
 320:Drivers/STM32F0xx_HAL_Driver/Src/stm32f0xx_hal_flash.c ****         {
 488              		.loc 1 320 9 is_stmt 1 view .LVU134
 320:Drivers/STM32F0xx_HAL_Driver/Src/stm32f0xx_hal_flash.c ****         {
 489              		.loc 1 320 18 is_stmt 0 view .LVU135
 490 00ae 5B68     		ldr	r3, [r3, #4]
 320:Drivers/STM32F0xx_HAL_Driver/Src/stm32f0xx_hal_flash.c ****         {
 491              		.loc 1 320 11 view .LVU136
 492 00b0 002B     		cmp	r3, #0
 493 00b2 11D0     		beq	.L27
 322:Drivers/STM32F0xx_HAL_Driver/Src/stm32f0xx_hal_flash.c ****           /*Indicate user which sector has been erased */
 494              		.loc 1 322 11 is_stmt 1 view .LVU137
 322:Drivers/STM32F0xx_HAL_Driver/Src/stm32f0xx_hal_flash.c ****           /*Indicate user which sector has been erased */
 495              		.loc 1 322 22 is_stmt 0 view .LVU138
 496 00b4 254C     		ldr	r4, .L42+4
 497 00b6 A068     		ldr	r0, [r4, #8]
 498              	.LVL23:
 324:Drivers/STM32F0xx_HAL_Driver/Src/stm32f0xx_hal_flash.c **** 
 499              		.loc 1 324 11 is_stmt 1 view .LVU139
 500 00b8 FFF7FEFF 		bl	HAL_FLASH_EndOfOperationCallback
 501              	.LVL24:
 327:Drivers/STM32F0xx_HAL_Driver/Src/stm32f0xx_hal_flash.c ****           pFlash.Address = addresstmp;
 502              		.loc 1 327 11 view .LVU140
 327:Drivers/STM32F0xx_HAL_Driver/Src/stm32f0xx_hal_flash.c ****           pFlash.Address = addresstmp;
 503              		.loc 1 327 30 is_stmt 0 view .LVU141
 504 00bc A068     		ldr	r0, [r4, #8]
 327:Drivers/STM32F0xx_HAL_Driver/Src/stm32f0xx_hal_flash.c ****           pFlash.Address = addresstmp;
 505              		.loc 1 327 22 view .LVU142
 506 00be 8023     		movs	r3, #128
 507 00c0 DB00     		lsls	r3, r3, #3
 508 00c2 9C46     		mov	ip, r3
 509 00c4 6044     		add	r0, r0, ip
 510              	.LVL25:
 328:Drivers/STM32F0xx_HAL_Driver/Src/stm32f0xx_hal_flash.c **** 
 511              		.loc 1 328 11 is_stmt 1 view .LVU143
 328:Drivers/STM32F0xx_HAL_Driver/Src/stm32f0xx_hal_flash.c **** 
 512              		.loc 1 328 26 is_stmt 0 view .LVU144
 513 00c6 A060     		str	r0, [r4, #8]
 331:Drivers/STM32F0xx_HAL_Driver/Src/stm32f0xx_hal_flash.c **** 
 514              		.loc 1 331 11 is_stmt 1 view .LVU145
 515 00c8 1F4A     		ldr	r2, .L42
 516 00ca 1369     		ldr	r3, [r2, #16]
 517 00cc 0221     		movs	r1, #2
 518 00ce 8B43     		bics	r3, r1
 519 00d0 1361     		str	r3, [r2, #16]
 333:Drivers/STM32F0xx_HAL_Driver/Src/stm32f0xx_hal_flash.c ****         }
 520              		.loc 1 333 11 view .LVU146
 521 00d2 FFF7FEFF 		bl	FLASH_PageErase
 522              	.LVL26:
 333:Drivers/STM32F0xx_HAL_Driver/Src/stm32f0xx_hal_flash.c ****         }
 523              		.loc 1 333 11 is_stmt 0 view .LVU147
 524 00d6 D5E7     		b	.L25
 525              	.LVL27:
ARM GAS  C:\Users\three\AppData\Local\Temp\cc5zQioE.s 			page 24


 526              	.L27:
 339:Drivers/STM32F0xx_HAL_Driver/Src/stm32f0xx_hal_flash.c ****           pFlash.ProcedureOnGoing = FLASH_PROC_NONE;
 527              		.loc 1 339 11 is_stmt 1 view .LVU148
 339:Drivers/STM32F0xx_HAL_Driver/Src/stm32f0xx_hal_flash.c ****           pFlash.ProcedureOnGoing = FLASH_PROC_NONE;
 528              		.loc 1 339 26 is_stmt 0 view .LVU149
 529 00d8 1C4B     		ldr	r3, .L42+4
 530 00da 0120     		movs	r0, #1
 531 00dc 4042     		rsbs	r0, r0, #0
 532 00de 9860     		str	r0, [r3, #8]
 340:Drivers/STM32F0xx_HAL_Driver/Src/stm32f0xx_hal_flash.c ****           /* FLASH EOP interrupt user callback */
 533              		.loc 1 340 11 is_stmt 1 view .LVU150
 340:Drivers/STM32F0xx_HAL_Driver/Src/stm32f0xx_hal_flash.c ****           /* FLASH EOP interrupt user callback */
 534              		.loc 1 340 35 is_stmt 0 view .LVU151
 535 00e0 0022     		movs	r2, #0
 536 00e2 1A70     		strb	r2, [r3]
 342:Drivers/STM32F0xx_HAL_Driver/Src/stm32f0xx_hal_flash.c ****         }
 537              		.loc 1 342 11 is_stmt 1 view .LVU152
 538 00e4 FFF7FEFF 		bl	HAL_FLASH_EndOfOperationCallback
 539              	.LVL28:
 540 00e8 CCE7     		b	.L25
 541              	.LVL29:
 542              	.L38:
 348:Drivers/STM32F0xx_HAL_Driver/Src/stm32f0xx_hal_flash.c **** 
 543              		.loc 1 348 9 view .LVU153
 544 00ea 174A     		ldr	r2, .L42
 545 00ec 1369     		ldr	r3, [r2, #16]
 546 00ee 0421     		movs	r1, #4
 547 00f0 8B43     		bics	r3, r1
 548 00f2 1361     		str	r3, [r2, #16]
 352:Drivers/STM32F0xx_HAL_Driver/Src/stm32f0xx_hal_flash.c **** 
 549              		.loc 1 352 11 view .LVU154
 550 00f4 0020     		movs	r0, #0
 551 00f6 FFF7FEFF 		bl	HAL_FLASH_EndOfOperationCallback
 552              	.LVL30:
 355:Drivers/STM32F0xx_HAL_Driver/Src/stm32f0xx_hal_flash.c ****         }
 553              		.loc 1 355 11 view .LVU155
 355:Drivers/STM32F0xx_HAL_Driver/Src/stm32f0xx_hal_flash.c ****         }
 554              		.loc 1 355 35 is_stmt 0 view .LVU156
 555 00fa 144B     		ldr	r3, .L42+4
 556 00fc 0022     		movs	r2, #0
 557 00fe 1A70     		strb	r2, [r3]
 558 0100 C0E7     		b	.L25
 559              	.L39:
 366:Drivers/STM32F0xx_HAL_Driver/Src/stm32f0xx_hal_flash.c ****           addresstmp = pFlash.Address;
 560              		.loc 1 366 11 is_stmt 1 view .LVU157
 366:Drivers/STM32F0xx_HAL_Driver/Src/stm32f0xx_hal_flash.c ****           addresstmp = pFlash.Address;
 561              		.loc 1 366 17 is_stmt 0 view .LVU158
 562 0102 124B     		ldr	r3, .L42+4
 563 0104 9A68     		ldr	r2, [r3, #8]
 366:Drivers/STM32F0xx_HAL_Driver/Src/stm32f0xx_hal_flash.c ****           addresstmp = pFlash.Address;
 564              		.loc 1 366 26 view .LVU159
 565 0106 0232     		adds	r2, r2, #2
 566 0108 9A60     		str	r2, [r3, #8]
 367:Drivers/STM32F0xx_HAL_Driver/Src/stm32f0xx_hal_flash.c ****           
 567              		.loc 1 367 11 is_stmt 1 view .LVU160
 367:Drivers/STM32F0xx_HAL_Driver/Src/stm32f0xx_hal_flash.c ****           
 568              		.loc 1 367 22 is_stmt 0 view .LVU161
ARM GAS  C:\Users\three\AppData\Local\Temp\cc5zQioE.s 			page 25


 569 010a 9868     		ldr	r0, [r3, #8]
 570              	.LVL31:
 370:Drivers/STM32F0xx_HAL_Driver/Src/stm32f0xx_hal_flash.c ****           
 571              		.loc 1 370 11 is_stmt 1 view .LVU162
 370:Drivers/STM32F0xx_HAL_Driver/Src/stm32f0xx_hal_flash.c ****           
 572              		.loc 1 370 32 is_stmt 0 view .LVU163
 573 010c 1E69     		ldr	r6, [r3, #16]
 574 010e 5F69     		ldr	r7, [r3, #20]
 370:Drivers/STM32F0xx_HAL_Driver/Src/stm32f0xx_hal_flash.c ****           
 575              		.loc 1 370 38 view .LVU164
 576 0110 3A04     		lsls	r2, r7, #16
 577 0112 340C     		lsrs	r4, r6, #16
 578 0114 1443     		orrs	r4, r2
 579 0116 3D0C     		lsrs	r5, r7, #16
 370:Drivers/STM32F0xx_HAL_Driver/Src/stm32f0xx_hal_flash.c ****           
 580              		.loc 1 370 23 view .LVU165
 581 0118 1C61     		str	r4, [r3, #16]
 582 011a 5D61     		str	r5, [r3, #20]
 373:Drivers/STM32F0xx_HAL_Driver/Src/stm32f0xx_hal_flash.c **** 
 583              		.loc 1 373 11 is_stmt 1 view .LVU166
 584 011c 0A49     		ldr	r1, .L42
 585 011e 0A69     		ldr	r2, [r1, #16]
 586 0120 0124     		movs	r4, #1
 587 0122 A243     		bics	r2, r4
 588 0124 0A61     		str	r2, [r1, #16]
 376:Drivers/STM32F0xx_HAL_Driver/Src/stm32f0xx_hal_flash.c ****         }
 589              		.loc 1 376 11 view .LVU167
 376:Drivers/STM32F0xx_HAL_Driver/Src/stm32f0xx_hal_flash.c ****         }
 590              		.loc 1 376 62 is_stmt 0 view .LVU168
 591 0126 1A69     		ldr	r2, [r3, #16]
 592 0128 5B69     		ldr	r3, [r3, #20]
 376:Drivers/STM32F0xx_HAL_Driver/Src/stm32f0xx_hal_flash.c ****         }
 593              		.loc 1 376 11 view .LVU169
 594 012a 91B2     		uxth	r1, r2
 595 012c FFF7FEFF 		bl	FLASH_Program_HalfWord
 596              	.LVL32:
 376:Drivers/STM32F0xx_HAL_Driver/Src/stm32f0xx_hal_flash.c ****         }
 597              		.loc 1 376 11 view .LVU170
 598 0130 A8E7     		b	.L25
 599              	.LVL33:
 600              	.L40:
 384:Drivers/STM32F0xx_HAL_Driver/Src/stm32f0xx_hal_flash.c ****           }
 601              		.loc 1 384 13 is_stmt 1 view .LVU171
 384:Drivers/STM32F0xx_HAL_Driver/Src/stm32f0xx_hal_flash.c ****           }
 602              		.loc 1 384 52 is_stmt 0 view .LVU172
 603 0132 064B     		ldr	r3, .L42+4
 604 0134 9868     		ldr	r0, [r3, #8]
 384:Drivers/STM32F0xx_HAL_Driver/Src/stm32f0xx_hal_flash.c ****           }
 605              		.loc 1 384 13 view .LVU173
 606 0136 FFF7FEFF 		bl	HAL_FLASH_EndOfOperationCallback
 607              	.LVL34:
 608 013a 9DE7     		b	.L31
 609              	.L41:
 388:Drivers/STM32F0xx_HAL_Driver/Src/stm32f0xx_hal_flash.c ****           }
 610              		.loc 1 388 13 is_stmt 1 view .LVU174
 388:Drivers/STM32F0xx_HAL_Driver/Src/stm32f0xx_hal_flash.c ****           }
 611              		.loc 1 388 52 is_stmt 0 view .LVU175
ARM GAS  C:\Users\three\AppData\Local\Temp\cc5zQioE.s 			page 26


 612 013c 034B     		ldr	r3, .L42+4
 613 013e 9868     		ldr	r0, [r3, #8]
 388:Drivers/STM32F0xx_HAL_Driver/Src/stm32f0xx_hal_flash.c ****           }
 614              		.loc 1 388 61 view .LVU176
 615 0140 0238     		subs	r0, r0, #2
 388:Drivers/STM32F0xx_HAL_Driver/Src/stm32f0xx_hal_flash.c ****           }
 616              		.loc 1 388 13 view .LVU177
 617 0142 FFF7FEFF 		bl	HAL_FLASH_EndOfOperationCallback
 618              	.LVL35:
 619 0146 97E7     		b	.L31
 620              	.L43:
 621              		.align	2
 622              	.L42:
 623 0148 00200240 		.word	1073881088
 624 014c 00000000 		.word	pFlash
 625 0150 FFEBFFFF 		.word	-5121
 626              		.cfi_endproc
 627              	.LFE42:
 629              		.section	.text.HAL_FLASH_Unlock,"ax",%progbits
 630              		.align	1
 631              		.global	HAL_FLASH_Unlock
 632              		.syntax unified
 633              		.code	16
 634              		.thumb_func
 636              	HAL_FLASH_Unlock:
 637              	.LFB45:
 478:Drivers/STM32F0xx_HAL_Driver/Src/stm32f0xx_hal_flash.c ****   HAL_StatusTypeDef status = HAL_OK;
 638              		.loc 1 478 1 is_stmt 1 view -0
 639              		.cfi_startproc
 640              		@ args = 0, pretend = 0, frame = 0
 641              		@ frame_needed = 0, uses_anonymous_args = 0
 642              		@ link register save eliminated.
 479:Drivers/STM32F0xx_HAL_Driver/Src/stm32f0xx_hal_flash.c **** 
 643              		.loc 1 479 3 view .LVU179
 644              	.LVL36:
 481:Drivers/STM32F0xx_HAL_Driver/Src/stm32f0xx_hal_flash.c ****   {
 645              		.loc 1 481 3 view .LVU180
 481:Drivers/STM32F0xx_HAL_Driver/Src/stm32f0xx_hal_flash.c ****   {
 646              		.loc 1 481 6 is_stmt 0 view .LVU181
 647 0000 084B     		ldr	r3, .L48
 648 0002 1B69     		ldr	r3, [r3, #16]
 481:Drivers/STM32F0xx_HAL_Driver/Src/stm32f0xx_hal_flash.c ****   {
 649              		.loc 1 481 5 view .LVU182
 650 0004 1B06     		lsls	r3, r3, #24
 651 0006 09D5     		bpl	.L46
 484:Drivers/STM32F0xx_HAL_Driver/Src/stm32f0xx_hal_flash.c ****     WRITE_REG(FLASH->KEYR, FLASH_KEY2);
 652              		.loc 1 484 5 is_stmt 1 view .LVU183
 653 0008 064B     		ldr	r3, .L48
 654 000a 074A     		ldr	r2, .L48+4
 655 000c 5A60     		str	r2, [r3, #4]
 485:Drivers/STM32F0xx_HAL_Driver/Src/stm32f0xx_hal_flash.c **** 
 656              		.loc 1 485 5 view .LVU184
 657 000e 074A     		ldr	r2, .L48+8
 658 0010 5A60     		str	r2, [r3, #4]
 488:Drivers/STM32F0xx_HAL_Driver/Src/stm32f0xx_hal_flash.c ****     {
 659              		.loc 1 488 5 view .LVU185
 488:Drivers/STM32F0xx_HAL_Driver/Src/stm32f0xx_hal_flash.c ****     {
ARM GAS  C:\Users\three\AppData\Local\Temp\cc5zQioE.s 			page 27


 660              		.loc 1 488 8 is_stmt 0 view .LVU186
 661 0012 1B69     		ldr	r3, [r3, #16]
 488:Drivers/STM32F0xx_HAL_Driver/Src/stm32f0xx_hal_flash.c ****     {
 662              		.loc 1 488 7 view .LVU187
 663 0014 1B06     		lsls	r3, r3, #24
 664 0016 03D4     		bmi	.L47
 479:Drivers/STM32F0xx_HAL_Driver/Src/stm32f0xx_hal_flash.c **** 
 665              		.loc 1 479 21 view .LVU188
 666 0018 0020     		movs	r0, #0
 667 001a 00E0     		b	.L45
 668              	.L46:
 669 001c 0020     		movs	r0, #0
 670              	.L45:
 671              	.LVL37:
 494:Drivers/STM32F0xx_HAL_Driver/Src/stm32f0xx_hal_flash.c **** }
 672              		.loc 1 494 3 is_stmt 1 view .LVU189
 495:Drivers/STM32F0xx_HAL_Driver/Src/stm32f0xx_hal_flash.c **** 
 673              		.loc 1 495 1 is_stmt 0 view .LVU190
 674              		@ sp needed
 675 001e 7047     		bx	lr
 676              	.LVL38:
 677              	.L47:
 490:Drivers/STM32F0xx_HAL_Driver/Src/stm32f0xx_hal_flash.c ****     }
 678              		.loc 1 490 14 view .LVU191
 679 0020 0120     		movs	r0, #1
 680 0022 FCE7     		b	.L45
 681              	.L49:
 682              		.align	2
 683              	.L48:
 684 0024 00200240 		.word	1073881088
 685 0028 23016745 		.word	1164378403
 686 002c AB89EFCD 		.word	-839939669
 687              		.cfi_endproc
 688              	.LFE45:
 690              		.section	.text.HAL_FLASH_Lock,"ax",%progbits
 691              		.align	1
 692              		.global	HAL_FLASH_Lock
 693              		.syntax unified
 694              		.code	16
 695              		.thumb_func
 697              	HAL_FLASH_Lock:
 698              	.LFB46:
 502:Drivers/STM32F0xx_HAL_Driver/Src/stm32f0xx_hal_flash.c ****   /* Set the LOCK Bit to lock the FLASH Registers access */
 699              		.loc 1 502 1 is_stmt 1 view -0
 700              		.cfi_startproc
 701              		@ args = 0, pretend = 0, frame = 0
 702              		@ frame_needed = 0, uses_anonymous_args = 0
 703              		@ link register save eliminated.
 504:Drivers/STM32F0xx_HAL_Driver/Src/stm32f0xx_hal_flash.c ****   
 704              		.loc 1 504 3 view .LVU193
 705 0000 034A     		ldr	r2, .L51
 706 0002 1369     		ldr	r3, [r2, #16]
 707 0004 8021     		movs	r1, #128
 708 0006 0B43     		orrs	r3, r1
 709 0008 1361     		str	r3, [r2, #16]
 506:Drivers/STM32F0xx_HAL_Driver/Src/stm32f0xx_hal_flash.c **** }
 710              		.loc 1 506 3 view .LVU194
ARM GAS  C:\Users\three\AppData\Local\Temp\cc5zQioE.s 			page 28


 507:Drivers/STM32F0xx_HAL_Driver/Src/stm32f0xx_hal_flash.c **** 
 711              		.loc 1 507 1 is_stmt 0 view .LVU195
 712 000a 0020     		movs	r0, #0
 713              		@ sp needed
 714 000c 7047     		bx	lr
 715              	.L52:
 716 000e C046     		.align	2
 717              	.L51:
 718 0010 00200240 		.word	1073881088
 719              		.cfi_endproc
 720              	.LFE46:
 722              		.section	.text.HAL_FLASH_OB_Unlock,"ax",%progbits
 723              		.align	1
 724              		.global	HAL_FLASH_OB_Unlock
 725              		.syntax unified
 726              		.code	16
 727              		.thumb_func
 729              	HAL_FLASH_OB_Unlock:
 730              	.LFB47:
 514:Drivers/STM32F0xx_HAL_Driver/Src/stm32f0xx_hal_flash.c ****   if (HAL_IS_BIT_CLR(FLASH->CR, FLASH_CR_OPTWRE))
 731              		.loc 1 514 1 is_stmt 1 view -0
 732              		.cfi_startproc
 733              		@ args = 0, pretend = 0, frame = 0
 734              		@ frame_needed = 0, uses_anonymous_args = 0
 735              		@ link register save eliminated.
 515:Drivers/STM32F0xx_HAL_Driver/Src/stm32f0xx_hal_flash.c ****   {
 736              		.loc 1 515 3 view .LVU197
 515:Drivers/STM32F0xx_HAL_Driver/Src/stm32f0xx_hal_flash.c ****   {
 737              		.loc 1 515 7 is_stmt 0 view .LVU198
 738 0000 064B     		ldr	r3, .L56
 739 0002 1B69     		ldr	r3, [r3, #16]
 515:Drivers/STM32F0xx_HAL_Driver/Src/stm32f0xx_hal_flash.c ****   {
 740              		.loc 1 515 6 view .LVU199
 741 0004 9B05     		lsls	r3, r3, #22
 742 0006 06D4     		bmi	.L55
 518:Drivers/STM32F0xx_HAL_Driver/Src/stm32f0xx_hal_flash.c ****     WRITE_REG(FLASH->OPTKEYR, FLASH_OPTKEY2);
 743              		.loc 1 518 5 is_stmt 1 view .LVU200
 744 0008 044B     		ldr	r3, .L56
 745 000a 054A     		ldr	r2, .L56+4
 746 000c 9A60     		str	r2, [r3, #8]
 519:Drivers/STM32F0xx_HAL_Driver/Src/stm32f0xx_hal_flash.c ****   }
 747              		.loc 1 519 5 view .LVU201
 748 000e 054A     		ldr	r2, .L56+8
 749 0010 9A60     		str	r2, [r3, #8]
 526:Drivers/STM32F0xx_HAL_Driver/Src/stm32f0xx_hal_flash.c **** }
 750              		.loc 1 526 3 view .LVU202
 526:Drivers/STM32F0xx_HAL_Driver/Src/stm32f0xx_hal_flash.c **** }
 751              		.loc 1 526 10 is_stmt 0 view .LVU203
 752 0012 0020     		movs	r0, #0
 753              	.L54:
 527:Drivers/STM32F0xx_HAL_Driver/Src/stm32f0xx_hal_flash.c **** 
 754              		.loc 1 527 1 view .LVU204
 755              		@ sp needed
 756 0014 7047     		bx	lr
 757              	.L55:
 523:Drivers/STM32F0xx_HAL_Driver/Src/stm32f0xx_hal_flash.c ****   }  
 758              		.loc 1 523 12 view .LVU205
ARM GAS  C:\Users\three\AppData\Local\Temp\cc5zQioE.s 			page 29


 759 0016 0120     		movs	r0, #1
 760 0018 FCE7     		b	.L54
 761              	.L57:
 762 001a C046     		.align	2
 763              	.L56:
 764 001c 00200240 		.word	1073881088
 765 0020 23016745 		.word	1164378403
 766 0024 AB89EFCD 		.word	-839939669
 767              		.cfi_endproc
 768              	.LFE47:
 770              		.section	.text.HAL_FLASH_OB_Lock,"ax",%progbits
 771              		.align	1
 772              		.global	HAL_FLASH_OB_Lock
 773              		.syntax unified
 774              		.code	16
 775              		.thumb_func
 777              	HAL_FLASH_OB_Lock:
 778              	.LFB48:
 534:Drivers/STM32F0xx_HAL_Driver/Src/stm32f0xx_hal_flash.c ****   /* Clear the OPTWRE Bit to lock the FLASH Option Byte Registers access */
 779              		.loc 1 534 1 is_stmt 1 view -0
 780              		.cfi_startproc
 781              		@ args = 0, pretend = 0, frame = 0
 782              		@ frame_needed = 0, uses_anonymous_args = 0
 783              		@ link register save eliminated.
 536:Drivers/STM32F0xx_HAL_Driver/Src/stm32f0xx_hal_flash.c ****   
 784              		.loc 1 536 3 view .LVU207
 785 0000 034A     		ldr	r2, .L59
 786 0002 1369     		ldr	r3, [r2, #16]
 787 0004 0349     		ldr	r1, .L59+4
 788 0006 0B40     		ands	r3, r1
 789 0008 1361     		str	r3, [r2, #16]
 538:Drivers/STM32F0xx_HAL_Driver/Src/stm32f0xx_hal_flash.c **** }
 790              		.loc 1 538 3 view .LVU208
 539:Drivers/STM32F0xx_HAL_Driver/Src/stm32f0xx_hal_flash.c ****   
 791              		.loc 1 539 1 is_stmt 0 view .LVU209
 792 000a 0020     		movs	r0, #0
 793              		@ sp needed
 794 000c 7047     		bx	lr
 795              	.L60:
 796 000e C046     		.align	2
 797              	.L59:
 798 0010 00200240 		.word	1073881088
 799 0014 FFFDFFFF 		.word	-513
 800              		.cfi_endproc
 801              	.LFE48:
 803              		.section	.text.HAL_FLASH_GetError,"ax",%progbits
 804              		.align	1
 805              		.global	HAL_FLASH_GetError
 806              		.syntax unified
 807              		.code	16
 808              		.thumb_func
 810              	HAL_FLASH_GetError:
 811              	.LFB50:
 579:Drivers/STM32F0xx_HAL_Driver/Src/stm32f0xx_hal_flash.c ****    return pFlash.ErrorCode;
 812              		.loc 1 579 1 is_stmt 1 view -0
 813              		.cfi_startproc
 814              		@ args = 0, pretend = 0, frame = 0
ARM GAS  C:\Users\three\AppData\Local\Temp\cc5zQioE.s 			page 30


 815              		@ frame_needed = 0, uses_anonymous_args = 0
 816              		@ link register save eliminated.
 580:Drivers/STM32F0xx_HAL_Driver/Src/stm32f0xx_hal_flash.c **** }
 817              		.loc 1 580 4 view .LVU211
 580:Drivers/STM32F0xx_HAL_Driver/Src/stm32f0xx_hal_flash.c **** }
 818              		.loc 1 580 17 is_stmt 0 view .LVU212
 819 0000 014B     		ldr	r3, .L62
 820 0002 D869     		ldr	r0, [r3, #28]
 581:Drivers/STM32F0xx_HAL_Driver/Src/stm32f0xx_hal_flash.c **** 
 821              		.loc 1 581 1 view .LVU213
 822              		@ sp needed
 823 0004 7047     		bx	lr
 824              	.L63:
 825 0006 C046     		.align	2
 826              	.L62:
 827 0008 00000000 		.word	pFlash
 828              		.cfi_endproc
 829              	.LFE50:
 831              		.section	.text.FLASH_WaitForLastOperation,"ax",%progbits
 832              		.align	1
 833              		.global	FLASH_WaitForLastOperation
 834              		.syntax unified
 835              		.code	16
 836              		.thumb_func
 838              	FLASH_WaitForLastOperation:
 839              	.LVL39:
 840              	.LFB52:
 619:Drivers/STM32F0xx_HAL_Driver/Src/stm32f0xx_hal_flash.c ****   /* Wait for the FLASH operation to complete by polling on BUSY flag to be reset.
 841              		.loc 1 619 1 is_stmt 1 view -0
 842              		.cfi_startproc
 843              		@ args = 0, pretend = 0, frame = 0
 844              		@ frame_needed = 0, uses_anonymous_args = 0
 619:Drivers/STM32F0xx_HAL_Driver/Src/stm32f0xx_hal_flash.c ****   /* Wait for the FLASH operation to complete by polling on BUSY flag to be reset.
 845              		.loc 1 619 1 is_stmt 0 view .LVU215
 846 0000 70B5     		push	{r4, r5, r6, lr}
 847              	.LCFI3:
 848              		.cfi_def_cfa_offset 16
 849              		.cfi_offset 4, -16
 850              		.cfi_offset 5, -12
 851              		.cfi_offset 6, -8
 852              		.cfi_offset 14, -4
 853 0002 0400     		movs	r4, r0
 624:Drivers/STM32F0xx_HAL_Driver/Src/stm32f0xx_hal_flash.c ****      
 854              		.loc 1 624 3 is_stmt 1 view .LVU216
 624:Drivers/STM32F0xx_HAL_Driver/Src/stm32f0xx_hal_flash.c ****      
 855              		.loc 1 624 24 is_stmt 0 view .LVU217
 856 0004 FFF7FEFF 		bl	HAL_GetTick
 857              	.LVL40:
 624:Drivers/STM32F0xx_HAL_Driver/Src/stm32f0xx_hal_flash.c ****      
 858              		.loc 1 624 24 view .LVU218
 859 0008 0500     		movs	r5, r0
 860              	.LVL41:
 626:Drivers/STM32F0xx_HAL_Driver/Src/stm32f0xx_hal_flash.c ****   { 
 861              		.loc 1 626 3 is_stmt 1 view .LVU219
 862              	.L66:
 626:Drivers/STM32F0xx_HAL_Driver/Src/stm32f0xx_hal_flash.c ****   { 
 863              		.loc 1 626 9 view .LVU220
ARM GAS  C:\Users\three\AppData\Local\Temp\cc5zQioE.s 			page 31


 864 000a 124B     		ldr	r3, .L77
 865 000c DB68     		ldr	r3, [r3, #12]
 866 000e DB07     		lsls	r3, r3, #31
 867 0010 0AD5     		bpl	.L76
 628:Drivers/STM32F0xx_HAL_Driver/Src/stm32f0xx_hal_flash.c ****     {
 868              		.loc 1 628 5 view .LVU221
 628:Drivers/STM32F0xx_HAL_Driver/Src/stm32f0xx_hal_flash.c ****     {
 869              		.loc 1 628 8 is_stmt 0 view .LVU222
 870 0012 631C     		adds	r3, r4, #1
 871 0014 F9D0     		beq	.L66
 630:Drivers/STM32F0xx_HAL_Driver/Src/stm32f0xx_hal_flash.c ****       {
 872              		.loc 1 630 7 is_stmt 1 view .LVU223
 630:Drivers/STM32F0xx_HAL_Driver/Src/stm32f0xx_hal_flash.c ****       {
 873              		.loc 1 630 9 is_stmt 0 view .LVU224
 874 0016 002C     		cmp	r4, #0
 875 0018 04D0     		beq	.L67
 630:Drivers/STM32F0xx_HAL_Driver/Src/stm32f0xx_hal_flash.c ****       {
 876              		.loc 1 630 31 discriminator 1 view .LVU225
 877 001a FFF7FEFF 		bl	HAL_GetTick
 878              	.LVL42:
 630:Drivers/STM32F0xx_HAL_Driver/Src/stm32f0xx_hal_flash.c ****       {
 879              		.loc 1 630 44 discriminator 1 view .LVU226
 880 001e 401B     		subs	r0, r0, r5
 630:Drivers/STM32F0xx_HAL_Driver/Src/stm32f0xx_hal_flash.c ****       {
 881              		.loc 1 630 26 discriminator 1 view .LVU227
 882 0020 A042     		cmp	r0, r4
 883 0022 F2D9     		bls	.L66
 884              	.L67:
 632:Drivers/STM32F0xx_HAL_Driver/Src/stm32f0xx_hal_flash.c ****       }
 885              		.loc 1 632 9 is_stmt 1 view .LVU228
 632:Drivers/STM32F0xx_HAL_Driver/Src/stm32f0xx_hal_flash.c ****       }
 886              		.loc 1 632 16 is_stmt 0 view .LVU229
 887 0024 0320     		movs	r0, #3
 888 0026 0FE0     		b	.L68
 889              	.L76:
 638:Drivers/STM32F0xx_HAL_Driver/Src/stm32f0xx_hal_flash.c ****   {
 890              		.loc 1 638 3 is_stmt 1 view .LVU230
 638:Drivers/STM32F0xx_HAL_Driver/Src/stm32f0xx_hal_flash.c ****   {
 891              		.loc 1 638 7 is_stmt 0 view .LVU231
 892 0028 0A4B     		ldr	r3, .L77
 893 002a DB68     		ldr	r3, [r3, #12]
 638:Drivers/STM32F0xx_HAL_Driver/Src/stm32f0xx_hal_flash.c ****   {
 894              		.loc 1 638 6 view .LVU232
 895 002c 9B06     		lsls	r3, r3, #26
 896 002e 02D5     		bpl	.L70
 641:Drivers/STM32F0xx_HAL_Driver/Src/stm32f0xx_hal_flash.c ****   }
 897              		.loc 1 641 5 is_stmt 1 view .LVU233
 898 0030 084B     		ldr	r3, .L77
 899 0032 2022     		movs	r2, #32
 900 0034 DA60     		str	r2, [r3, #12]
 901              	.L70:
 644:Drivers/STM32F0xx_HAL_Driver/Src/stm32f0xx_hal_flash.c ****      __HAL_FLASH_GET_FLAG(FLASH_FLAG_PGERR))
 902              		.loc 1 644 3 view .LVU234
 644:Drivers/STM32F0xx_HAL_Driver/Src/stm32f0xx_hal_flash.c ****      __HAL_FLASH_GET_FLAG(FLASH_FLAG_PGERR))
 903              		.loc 1 644 6 is_stmt 0 view .LVU235
 904 0036 074B     		ldr	r3, .L77
 905 0038 DB68     		ldr	r3, [r3, #12]
ARM GAS  C:\Users\three\AppData\Local\Temp\cc5zQioE.s 			page 32


 644:Drivers/STM32F0xx_HAL_Driver/Src/stm32f0xx_hal_flash.c ****      __HAL_FLASH_GET_FLAG(FLASH_FLAG_PGERR))
 906              		.loc 1 644 5 view .LVU236
 907 003a DB06     		lsls	r3, r3, #27
 908 003c 05D4     		bmi	.L71
 645:Drivers/STM32F0xx_HAL_Driver/Src/stm32f0xx_hal_flash.c ****   {
 909              		.loc 1 645 6 view .LVU237
 910 003e 054B     		ldr	r3, .L77
 911 0040 DB68     		ldr	r3, [r3, #12]
 644:Drivers/STM32F0xx_HAL_Driver/Src/stm32f0xx_hal_flash.c ****      __HAL_FLASH_GET_FLAG(FLASH_FLAG_PGERR))
 912              		.loc 1 644 47 discriminator 1 view .LVU238
 913 0042 5B07     		lsls	r3, r3, #29
 914 0044 01D4     		bmi	.L71
 653:Drivers/STM32F0xx_HAL_Driver/Src/stm32f0xx_hal_flash.c **** }
 915              		.loc 1 653 10 view .LVU239
 916 0046 0020     		movs	r0, #0
 917              	.L68:
 654:Drivers/STM32F0xx_HAL_Driver/Src/stm32f0xx_hal_flash.c **** 
 918              		.loc 1 654 1 view .LVU240
 919              		@ sp needed
 920              	.LVL43:
 921              	.LVL44:
 654:Drivers/STM32F0xx_HAL_Driver/Src/stm32f0xx_hal_flash.c **** 
 922              		.loc 1 654 1 view .LVU241
 923 0048 70BD     		pop	{r4, r5, r6, pc}
 924              	.LVL45:
 925              	.L71:
 648:Drivers/STM32F0xx_HAL_Driver/Src/stm32f0xx_hal_flash.c ****     return HAL_ERROR;
 926              		.loc 1 648 5 is_stmt 1 view .LVU242
 927 004a FFF7FEFF 		bl	FLASH_SetErrorCode
 928              	.LVL46:
 649:Drivers/STM32F0xx_HAL_Driver/Src/stm32f0xx_hal_flash.c ****   }
 929              		.loc 1 649 5 view .LVU243
 649:Drivers/STM32F0xx_HAL_Driver/Src/stm32f0xx_hal_flash.c ****   }
 930              		.loc 1 649 12 is_stmt 0 view .LVU244
 931 004e 0120     		movs	r0, #1
 932 0050 FAE7     		b	.L68
 933              	.L78:
 934 0052 C046     		.align	2
 935              	.L77:
 936 0054 00200240 		.word	1073881088
 937              		.cfi_endproc
 938              	.LFE52:
 940              		.section	.text.HAL_FLASH_Program,"ax",%progbits
 941              		.align	1
 942              		.global	HAL_FLASH_Program
 943              		.syntax unified
 944              		.code	16
 945              		.thumb_func
 947              	HAL_FLASH_Program:
 948              	.LVL47:
 949              	.LFB40:
 166:Drivers/STM32F0xx_HAL_Driver/Src/stm32f0xx_hal_flash.c ****   HAL_StatusTypeDef status = HAL_ERROR;
 950              		.loc 1 166 1 is_stmt 1 view -0
 951              		.cfi_startproc
 952              		@ args = 0, pretend = 0, frame = 0
 953              		@ frame_needed = 0, uses_anonymous_args = 0
 166:Drivers/STM32F0xx_HAL_Driver/Src/stm32f0xx_hal_flash.c ****   HAL_StatusTypeDef status = HAL_ERROR;
ARM GAS  C:\Users\three\AppData\Local\Temp\cc5zQioE.s 			page 33


 954              		.loc 1 166 1 is_stmt 0 view .LVU246
 955 0000 F8B5     		push	{r3, r4, r5, r6, r7, lr}
 956              	.LCFI4:
 957              		.cfi_def_cfa_offset 24
 958              		.cfi_offset 3, -24
 959              		.cfi_offset 4, -20
 960              		.cfi_offset 5, -16
 961              		.cfi_offset 6, -12
 962              		.cfi_offset 7, -8
 963              		.cfi_offset 14, -4
 964 0002 CE46     		mov	lr, r9
 965 0004 4746     		mov	r7, r8
 966 0006 80B5     		push	{r7, lr}
 967              	.LCFI5:
 968              		.cfi_def_cfa_offset 32
 969              		.cfi_offset 8, -32
 970              		.cfi_offset 9, -28
 971 0008 0500     		movs	r5, r0
 972 000a 0E00     		movs	r6, r1
 973 000c 9046     		mov	r8, r2
 974 000e 1F00     		movs	r7, r3
 167:Drivers/STM32F0xx_HAL_Driver/Src/stm32f0xx_hal_flash.c ****   uint8_t index = 0U;
 975              		.loc 1 167 3 is_stmt 1 view .LVU247
 976              	.LVL48:
 168:Drivers/STM32F0xx_HAL_Driver/Src/stm32f0xx_hal_flash.c ****   uint8_t nbiterations = 0U;
 977              		.loc 1 168 3 view .LVU248
 169:Drivers/STM32F0xx_HAL_Driver/Src/stm32f0xx_hal_flash.c ****   
 978              		.loc 1 169 3 view .LVU249
 172:Drivers/STM32F0xx_HAL_Driver/Src/stm32f0xx_hal_flash.c **** 
 979              		.loc 1 172 3 view .LVU250
 172:Drivers/STM32F0xx_HAL_Driver/Src/stm32f0xx_hal_flash.c **** 
 980              		.loc 1 172 3 view .LVU251
 981 0010 214B     		ldr	r3, .L91
 982 0012 1B7E     		ldrb	r3, [r3, #24]
 983 0014 012B     		cmp	r3, #1
 984 0016 3DD0     		beq	.L87
 172:Drivers/STM32F0xx_HAL_Driver/Src/stm32f0xx_hal_flash.c **** 
 985              		.loc 1 172 3 discriminator 2 view .LVU252
 986 0018 1F4B     		ldr	r3, .L91
 987 001a 0122     		movs	r2, #1
 988              	.LVL49:
 172:Drivers/STM32F0xx_HAL_Driver/Src/stm32f0xx_hal_flash.c **** 
 989              		.loc 1 172 3 is_stmt 0 discriminator 2 view .LVU253
 990 001c 1A76     		strb	r2, [r3, #24]
 172:Drivers/STM32F0xx_HAL_Driver/Src/stm32f0xx_hal_flash.c **** 
 991              		.loc 1 172 3 is_stmt 1 view .LVU254
 175:Drivers/STM32F0xx_HAL_Driver/Src/stm32f0xx_hal_flash.c ****   assert_param(IS_FLASH_PROGRAM_ADDRESS(Address));
 992              		.loc 1 175 3 view .LVU255
 176:Drivers/STM32F0xx_HAL_Driver/Src/stm32f0xx_hal_flash.c **** 
 993              		.loc 1 176 3 view .LVU256
 179:Drivers/STM32F0xx_HAL_Driver/Src/stm32f0xx_hal_flash.c ****   
 994              		.loc 1 179 5 view .LVU257
 179:Drivers/STM32F0xx_HAL_Driver/Src/stm32f0xx_hal_flash.c ****   
 995              		.loc 1 179 14 is_stmt 0 view .LVU258
 996 001e 1F48     		ldr	r0, .L91+4
 997              	.LVL50:
 179:Drivers/STM32F0xx_HAL_Driver/Src/stm32f0xx_hal_flash.c ****   
ARM GAS  C:\Users\three\AppData\Local\Temp\cc5zQioE.s 			page 34


 998              		.loc 1 179 14 view .LVU259
 999 0020 FFF7FEFF 		bl	FLASH_WaitForLastOperation
 1000              	.LVL51:
 179:Drivers/STM32F0xx_HAL_Driver/Src/stm32f0xx_hal_flash.c ****   
 1001              		.loc 1 179 14 view .LVU260
 1002 0024 041E     		subs	r4, r0, #0
 1003              	.LVL52:
 181:Drivers/STM32F0xx_HAL_Driver/Src/stm32f0xx_hal_flash.c ****   {
 1004              		.loc 1 181 3 is_stmt 1 view .LVU261
 181:Drivers/STM32F0xx_HAL_Driver/Src/stm32f0xx_hal_flash.c ****   {
 1005              		.loc 1 181 5 is_stmt 0 view .LVU262
 1006 0026 2ED1     		bne	.L81
 183:Drivers/STM32F0xx_HAL_Driver/Src/stm32f0xx_hal_flash.c ****     {
 1007              		.loc 1 183 5 is_stmt 1 view .LVU263
 183:Drivers/STM32F0xx_HAL_Driver/Src/stm32f0xx_hal_flash.c ****     {
 1008              		.loc 1 183 7 is_stmt 0 view .LVU264
 1009 0028 012D     		cmp	r5, #1
 1010 002a 07D0     		beq	.L88
 188:Drivers/STM32F0xx_HAL_Driver/Src/stm32f0xx_hal_flash.c ****     {
 1011              		.loc 1 188 10 is_stmt 1 view .LVU265
 188:Drivers/STM32F0xx_HAL_Driver/Src/stm32f0xx_hal_flash.c ****     {
 1012              		.loc 1 188 12 is_stmt 0 view .LVU266
 1013 002c 022D     		cmp	r5, #2
 1014 002e 02D0     		beq	.L90
 196:Drivers/STM32F0xx_HAL_Driver/Src/stm32f0xx_hal_flash.c ****     }
 1015              		.loc 1 196 20 view .LVU267
 1016 0030 0423     		movs	r3, #4
 1017 0032 9946     		mov	r9, r3
 1018              	.LVL53:
 199:Drivers/STM32F0xx_HAL_Driver/Src/stm32f0xx_hal_flash.c ****     {
 1019              		.loc 1 199 5 is_stmt 1 view .LVU268
 199:Drivers/STM32F0xx_HAL_Driver/Src/stm32f0xx_hal_flash.c ****     {
 1020              		.loc 1 199 5 is_stmt 0 view .LVU269
 1021 0034 1CE0     		b	.L83
 1022              	.LVL54:
 1023              	.L90:
 191:Drivers/STM32F0xx_HAL_Driver/Src/stm32f0xx_hal_flash.c ****     }
 1024              		.loc 1 191 20 view .LVU270
 1025 0036 0223     		movs	r3, #2
 1026 0038 9946     		mov	r9, r3
 1027 003a 19E0     		b	.L83
 1028              	.L88:
 186:Drivers/STM32F0xx_HAL_Driver/Src/stm32f0xx_hal_flash.c ****     }
 1029              		.loc 1 186 20 view .LVU271
 1030 003c 0123     		movs	r3, #1
 1031 003e 9946     		mov	r9, r3
 1032 0040 16E0     		b	.L83
 1033              	.LVL55:
 1034              	.L84:
 201:Drivers/STM32F0xx_HAL_Driver/Src/stm32f0xx_hal_flash.c **** 
 1035              		.loc 1 201 70 view .LVU272
 1036 0042 2022     		movs	r2, #32
 1037 0044 D21A     		subs	r2, r2, r3
 1038 0046 3900     		movs	r1, r7
 1039 0048 9140     		lsls	r1, r1, r2
 1040 004a 0A00     		movs	r2, r1
 1041 004c 4146     		mov	r1, r8
ARM GAS  C:\Users\three\AppData\Local\Temp\cc5zQioE.s 			page 35


 1042 004e D940     		lsrs	r1, r1, r3
 1043 0050 1143     		orrs	r1, r2
 1044              	.L85:
 201:Drivers/STM32F0xx_HAL_Driver/Src/stm32f0xx_hal_flash.c **** 
 1045              		.loc 1 201 7 view .LVU273
 1046 0052 89B2     		uxth	r1, r1
 1047 0054 FFF7FEFF 		bl	FLASH_Program_HalfWord
 1048              	.LVL56:
 204:Drivers/STM32F0xx_HAL_Driver/Src/stm32f0xx_hal_flash.c ****     
 1049              		.loc 1 204 9 is_stmt 1 view .LVU274
 204:Drivers/STM32F0xx_HAL_Driver/Src/stm32f0xx_hal_flash.c ****     
 1050              		.loc 1 204 18 is_stmt 0 view .LVU275
 1051 0058 1048     		ldr	r0, .L91+4
 1052 005a FFF7FEFF 		bl	FLASH_WaitForLastOperation
 1053              	.LVL57:
 207:Drivers/STM32F0xx_HAL_Driver/Src/stm32f0xx_hal_flash.c ****       /* In case of error, stop programming procedure */
 1054              		.loc 1 207 9 is_stmt 1 view .LVU276
 1055 005e 104A     		ldr	r2, .L91+8
 1056 0060 1369     		ldr	r3, [r2, #16]
 1057 0062 0121     		movs	r1, #1
 1058 0064 8B43     		bics	r3, r1
 1059 0066 1361     		str	r3, [r2, #16]
 209:Drivers/STM32F0xx_HAL_Driver/Src/stm32f0xx_hal_flash.c ****       {
 1060              		.loc 1 209 7 view .LVU277
 209:Drivers/STM32F0xx_HAL_Driver/Src/stm32f0xx_hal_flash.c ****       {
 1061              		.loc 1 209 10 is_stmt 0 view .LVU278
 1062 0068 0028     		cmp	r0, #0
 1063 006a 0CD1     		bne	.L81
 199:Drivers/STM32F0xx_HAL_Driver/Src/stm32f0xx_hal_flash.c ****     {
 1064              		.loc 1 199 49 is_stmt 1 discriminator 2 view .LVU279
 1065 006c 0134     		adds	r4, r4, #1
 1066              	.LVL58:
 199:Drivers/STM32F0xx_HAL_Driver/Src/stm32f0xx_hal_flash.c ****     {
 1067              		.loc 1 199 49 is_stmt 0 discriminator 2 view .LVU280
 1068 006e E4B2     		uxtb	r4, r4
 1069              	.LVL59:
 1070              	.L83:
 199:Drivers/STM32F0xx_HAL_Driver/Src/stm32f0xx_hal_flash.c ****     {
 1071              		.loc 1 199 28 is_stmt 1 discriminator 1 view .LVU281
 1072 0070 4C45     		cmp	r4, r9
 1073 0072 08D2     		bcs	.L81
 201:Drivers/STM32F0xx_HAL_Driver/Src/stm32f0xx_hal_flash.c **** 
 1074              		.loc 1 201 7 view .LVU282
 201:Drivers/STM32F0xx_HAL_Driver/Src/stm32f0xx_hal_flash.c **** 
 1075              		.loc 1 201 44 is_stmt 0 view .LVU283
 1076 0074 6000     		lsls	r0, r4, #1
 1077              	.LVL60:
 201:Drivers/STM32F0xx_HAL_Driver/Src/stm32f0xx_hal_flash.c **** 
 1078              		.loc 1 201 39 view .LVU284
 1079 0076 8019     		adds	r0, r0, r6
 201:Drivers/STM32F0xx_HAL_Driver/Src/stm32f0xx_hal_flash.c **** 
 1080              		.loc 1 201 77 view .LVU285
 1081 0078 2301     		lsls	r3, r4, #4
 201:Drivers/STM32F0xx_HAL_Driver/Src/stm32f0xx_hal_flash.c **** 
 1082              		.loc 1 201 70 view .LVU286
 1083 007a 1A00     		movs	r2, r3
 1084 007c 203A     		subs	r2, r2, #32
ARM GAS  C:\Users\three\AppData\Local\Temp\cc5zQioE.s 			page 36


 1085 007e E0D4     		bmi	.L84
 1086 0080 3900     		movs	r1, r7
 1087 0082 D140     		lsrs	r1, r1, r2
 1088 0084 E5E7     		b	.L85
 1089              	.LVL61:
 1090              	.L81:
 217:Drivers/STM32F0xx_HAL_Driver/Src/stm32f0xx_hal_flash.c **** 
 1091              		.loc 1 217 3 is_stmt 1 view .LVU287
 217:Drivers/STM32F0xx_HAL_Driver/Src/stm32f0xx_hal_flash.c **** 
 1092              		.loc 1 217 3 view .LVU288
 1093 0086 044B     		ldr	r3, .L91
 1094 0088 0022     		movs	r2, #0
 1095 008a 1A76     		strb	r2, [r3, #24]
 217:Drivers/STM32F0xx_HAL_Driver/Src/stm32f0xx_hal_flash.c **** 
 1096              		.loc 1 217 3 view .LVU289
 219:Drivers/STM32F0xx_HAL_Driver/Src/stm32f0xx_hal_flash.c **** }
 1097              		.loc 1 219 3 view .LVU290
 1098              	.LVL62:
 1099              	.L80:
 220:Drivers/STM32F0xx_HAL_Driver/Src/stm32f0xx_hal_flash.c **** 
 1100              		.loc 1 220 1 is_stmt 0 view .LVU291
 1101              		@ sp needed
 1102              	.LVL63:
 1103              	.LVL64:
 220:Drivers/STM32F0xx_HAL_Driver/Src/stm32f0xx_hal_flash.c **** 
 1104              		.loc 1 220 1 view .LVU292
 1105 008c C0BC     		pop	{r6, r7}
 1106 008e B946     		mov	r9, r7
 1107 0090 B046     		mov	r8, r6
 1108 0092 F8BD     		pop	{r3, r4, r5, r6, r7, pc}
 1109              	.LVL65:
 1110              	.L87:
 172:Drivers/STM32F0xx_HAL_Driver/Src/stm32f0xx_hal_flash.c **** 
 1111              		.loc 1 172 3 discriminator 1 view .LVU293
 1112 0094 0220     		movs	r0, #2
 1113              	.LVL66:
 172:Drivers/STM32F0xx_HAL_Driver/Src/stm32f0xx_hal_flash.c **** 
 1114              		.loc 1 172 3 discriminator 1 view .LVU294
 1115 0096 F9E7     		b	.L80
 1116              	.L92:
 1117              		.align	2
 1118              	.L91:
 1119 0098 00000000 		.word	pFlash
 1120 009c 50C30000 		.word	50000
 1121 00a0 00200240 		.word	1073881088
 1122              		.cfi_endproc
 1123              	.LFE40:
 1125              		.section	.text.HAL_FLASH_OB_Launch,"ax",%progbits
 1126              		.align	1
 1127              		.global	HAL_FLASH_OB_Launch
 1128              		.syntax unified
 1129              		.code	16
 1130              		.thumb_func
 1132              	HAL_FLASH_OB_Launch:
 1133              	.LFB49:
 547:Drivers/STM32F0xx_HAL_Driver/Src/stm32f0xx_hal_flash.c ****   /* Set the OBL_Launch bit to launch the option byte loading */
 1134              		.loc 1 547 1 is_stmt 1 view -0
ARM GAS  C:\Users\three\AppData\Local\Temp\cc5zQioE.s 			page 37


 1135              		.cfi_startproc
 1136              		@ args = 0, pretend = 0, frame = 0
 1137              		@ frame_needed = 0, uses_anonymous_args = 0
 1138 0000 10B5     		push	{r4, lr}
 1139              	.LCFI6:
 1140              		.cfi_def_cfa_offset 8
 1141              		.cfi_offset 4, -8
 1142              		.cfi_offset 14, -4
 549:Drivers/STM32F0xx_HAL_Driver/Src/stm32f0xx_hal_flash.c ****   
 1143              		.loc 1 549 3 view .LVU296
 1144 0002 054A     		ldr	r2, .L94
 1145 0004 1169     		ldr	r1, [r2, #16]
 1146 0006 8023     		movs	r3, #128
 1147 0008 9B01     		lsls	r3, r3, #6
 1148 000a 0B43     		orrs	r3, r1
 1149 000c 1361     		str	r3, [r2, #16]
 552:Drivers/STM32F0xx_HAL_Driver/Src/stm32f0xx_hal_flash.c **** }
 1150              		.loc 1 552 3 view .LVU297
 552:Drivers/STM32F0xx_HAL_Driver/Src/stm32f0xx_hal_flash.c **** }
 1151              		.loc 1 552 10 is_stmt 0 view .LVU298
 1152 000e 0348     		ldr	r0, .L94+4
 1153 0010 FFF7FEFF 		bl	FLASH_WaitForLastOperation
 1154              	.LVL67:
 553:Drivers/STM32F0xx_HAL_Driver/Src/stm32f0xx_hal_flash.c **** 
 1155              		.loc 1 553 1 view .LVU299
 1156              		@ sp needed
 1157 0014 10BD     		pop	{r4, pc}
 1158              	.L95:
 1159 0016 C046     		.align	2
 1160              	.L94:
 1161 0018 00200240 		.word	1073881088
 1162 001c 50C30000 		.word	50000
 1163              		.cfi_endproc
 1164              	.LFE49:
 1166              		.global	pFlash
 1167              		.section	.bss.pFlash,"aw",%nobits
 1168              		.align	3
 1171              	pFlash:
 1172 0000 00000000 		.space	32
 1172      00000000 
 1172      00000000 
 1172      00000000 
 1172      00000000 
 1173              		.text
 1174              	.Letext0:
 1175              		.file 2 "C:\\ST\\STM32CubeIDE_2.2.0\\STM32CubeIDE\\plugins\\com.st.stm32cube.ide.mcu.externaltools
 1176              		.file 3 "C:\\ST\\STM32CubeIDE_2.2.0\\STM32CubeIDE\\plugins\\com.st.stm32cube.ide.mcu.externaltools
 1177              		.file 4 "Drivers/CMSIS/Device/ST/STM32F0xx/Include/stm32f051x8.h"
 1178              		.file 5 "Drivers/CMSIS/Device/ST/STM32F0xx/Include/stm32f0xx.h"
 1179              		.file 6 "Drivers/STM32F0xx_HAL_Driver/Inc/stm32f0xx_hal_def.h"
 1180              		.file 7 "Drivers/STM32F0xx_HAL_Driver/Inc/stm32f0xx_hal_flash.h"
 1181              		.file 8 "Drivers/STM32F0xx_HAL_Driver/Inc/stm32f0xx_hal.h"
ARM GAS  C:\Users\three\AppData\Local\Temp\cc5zQioE.s 			page 38


DEFINED SYMBOLS
                            *ABS*:00000000 stm32f0xx_hal_flash.c
C:\Users\three\AppData\Local\Temp\cc5zQioE.s:19     .text.FLASH_Program_HalfWord:00000000 $t
C:\Users\three\AppData\Local\Temp\cc5zQioE.s:24     .text.FLASH_Program_HalfWord:00000000 FLASH_Program_HalfWord
C:\Users\three\AppData\Local\Temp\cc5zQioE.s:57     .text.FLASH_Program_HalfWord:00000018 $d
C:\Users\three\AppData\Local\Temp\cc5zQioE.s:1171   .bss.pFlash:00000000 pFlash
C:\Users\three\AppData\Local\Temp\cc5zQioE.s:63     .text.FLASH_SetErrorCode:00000000 $t
C:\Users\three\AppData\Local\Temp\cc5zQioE.s:68     .text.FLASH_SetErrorCode:00000000 FLASH_SetErrorCode
C:\Users\three\AppData\Local\Temp\cc5zQioE.s:131    .text.FLASH_SetErrorCode:00000038 $d
C:\Users\three\AppData\Local\Temp\cc5zQioE.s:137    .text.HAL_FLASH_Program_IT:00000000 $t
C:\Users\three\AppData\Local\Temp\cc5zQioE.s:143    .text.HAL_FLASH_Program_IT:00000000 HAL_FLASH_Program_IT
C:\Users\three\AppData\Local\Temp\cc5zQioE.s:262    .text.HAL_FLASH_Program_IT:00000060 $d
C:\Users\three\AppData\Local\Temp\cc5zQioE.s:268    .text.HAL_FLASH_EndOfOperationCallback:00000000 $t
C:\Users\three\AppData\Local\Temp\cc5zQioE.s:274    .text.HAL_FLASH_EndOfOperationCallback:00000000 HAL_FLASH_EndOfOperationCallback
C:\Users\three\AppData\Local\Temp\cc5zQioE.s:290    .text.HAL_FLASH_OperationErrorCallback:00000000 $t
C:\Users\three\AppData\Local\Temp\cc5zQioE.s:296    .text.HAL_FLASH_OperationErrorCallback:00000000 HAL_FLASH_OperationErrorCallback
C:\Users\three\AppData\Local\Temp\cc5zQioE.s:312    .text.HAL_FLASH_IRQHandler:00000000 $t
C:\Users\three\AppData\Local\Temp\cc5zQioE.s:318    .text.HAL_FLASH_IRQHandler:00000000 HAL_FLASH_IRQHandler
C:\Users\three\AppData\Local\Temp\cc5zQioE.s:623    .text.HAL_FLASH_IRQHandler:00000148 $d
C:\Users\three\AppData\Local\Temp\cc5zQioE.s:630    .text.HAL_FLASH_Unlock:00000000 $t
C:\Users\three\AppData\Local\Temp\cc5zQioE.s:636    .text.HAL_FLASH_Unlock:00000000 HAL_FLASH_Unlock
C:\Users\three\AppData\Local\Temp\cc5zQioE.s:684    .text.HAL_FLASH_Unlock:00000024 $d
C:\Users\three\AppData\Local\Temp\cc5zQioE.s:691    .text.HAL_FLASH_Lock:00000000 $t
C:\Users\three\AppData\Local\Temp\cc5zQioE.s:697    .text.HAL_FLASH_Lock:00000000 HAL_FLASH_Lock
C:\Users\three\AppData\Local\Temp\cc5zQioE.s:718    .text.HAL_FLASH_Lock:00000010 $d
C:\Users\three\AppData\Local\Temp\cc5zQioE.s:723    .text.HAL_FLASH_OB_Unlock:00000000 $t
C:\Users\three\AppData\Local\Temp\cc5zQioE.s:729    .text.HAL_FLASH_OB_Unlock:00000000 HAL_FLASH_OB_Unlock
C:\Users\three\AppData\Local\Temp\cc5zQioE.s:764    .text.HAL_FLASH_OB_Unlock:0000001c $d
C:\Users\three\AppData\Local\Temp\cc5zQioE.s:771    .text.HAL_FLASH_OB_Lock:00000000 $t
C:\Users\three\AppData\Local\Temp\cc5zQioE.s:777    .text.HAL_FLASH_OB_Lock:00000000 HAL_FLASH_OB_Lock
C:\Users\three\AppData\Local\Temp\cc5zQioE.s:798    .text.HAL_FLASH_OB_Lock:00000010 $d
C:\Users\three\AppData\Local\Temp\cc5zQioE.s:804    .text.HAL_FLASH_GetError:00000000 $t
C:\Users\three\AppData\Local\Temp\cc5zQioE.s:810    .text.HAL_FLASH_GetError:00000000 HAL_FLASH_GetError
C:\Users\three\AppData\Local\Temp\cc5zQioE.s:827    .text.HAL_FLASH_GetError:00000008 $d
C:\Users\three\AppData\Local\Temp\cc5zQioE.s:832    .text.FLASH_WaitForLastOperation:00000000 $t
C:\Users\three\AppData\Local\Temp\cc5zQioE.s:838    .text.FLASH_WaitForLastOperation:00000000 FLASH_WaitForLastOperation
C:\Users\three\AppData\Local\Temp\cc5zQioE.s:936    .text.FLASH_WaitForLastOperation:00000054 $d
C:\Users\three\AppData\Local\Temp\cc5zQioE.s:941    .text.HAL_FLASH_Program:00000000 $t
C:\Users\three\AppData\Local\Temp\cc5zQioE.s:947    .text.HAL_FLASH_Program:00000000 HAL_FLASH_Program
C:\Users\three\AppData\Local\Temp\cc5zQioE.s:1119   .text.HAL_FLASH_Program:00000098 $d
C:\Users\three\AppData\Local\Temp\cc5zQioE.s:1126   .text.HAL_FLASH_OB_Launch:00000000 $t
C:\Users\three\AppData\Local\Temp\cc5zQioE.s:1132   .text.HAL_FLASH_OB_Launch:00000000 HAL_FLASH_OB_Launch
C:\Users\three\AppData\Local\Temp\cc5zQioE.s:1161   .text.HAL_FLASH_OB_Launch:00000018 $d
C:\Users\three\AppData\Local\Temp\cc5zQioE.s:1168   .bss.pFlash:00000000 $d

UNDEFINED SYMBOLS
FLASH_PageErase
HAL_GetTick
