ARM GAS  C:\Users\three\AppData\Local\Temp\cci8ra5h.s 			page 1


   1              		.cpu cortex-m0
   2              		.arch armv6s-m
   3              		.fpu softvfp
   4              		.eabi_attribute 20, 1
   5              		.eabi_attribute 21, 1
   6              		.eabi_attribute 23, 3
   7              		.eabi_attribute 24, 1
   8              		.eabi_attribute 25, 1
   9              		.eabi_attribute 26, 1
  10              		.eabi_attribute 30, 1
  11              		.eabi_attribute 34, 0
  12              		.eabi_attribute 18, 4
  13              		.file	"stm32f0xx_hal_rcc.c"
  14              		.text
  15              	.Ltext0:
  16              		.cfi_sections	.debug_frame
  17              		.file 1 "Drivers/STM32F0xx_HAL_Driver/Src/stm32f0xx_hal_rcc.c"
  18              		.section	.text.HAL_RCC_DeInit,"ax",%progbits
  19              		.align	1
  20              		.global	HAL_RCC_DeInit
  21              		.syntax unified
  22              		.code	16
  23              		.thumb_func
  25              	HAL_RCC_DeInit:
  26              	.LFB40:
   1:Drivers/STM32F0xx_HAL_Driver/Src/stm32f0xx_hal_rcc.c **** /**
   2:Drivers/STM32F0xx_HAL_Driver/Src/stm32f0xx_hal_rcc.c ****   ******************************************************************************
   3:Drivers/STM32F0xx_HAL_Driver/Src/stm32f0xx_hal_rcc.c ****   * @file    stm32f0xx_hal_rcc.c
   4:Drivers/STM32F0xx_HAL_Driver/Src/stm32f0xx_hal_rcc.c ****   * @author  MCD Application Team
   5:Drivers/STM32F0xx_HAL_Driver/Src/stm32f0xx_hal_rcc.c ****   * @brief   RCC HAL module driver.
   6:Drivers/STM32F0xx_HAL_Driver/Src/stm32f0xx_hal_rcc.c ****   *          This file provides firmware functions to manage the following 
   7:Drivers/STM32F0xx_HAL_Driver/Src/stm32f0xx_hal_rcc.c ****   *          functionalities of the Reset and Clock Control (RCC) peripheral:
   8:Drivers/STM32F0xx_HAL_Driver/Src/stm32f0xx_hal_rcc.c ****   *           + Initialization and de-initialization functions
   9:Drivers/STM32F0xx_HAL_Driver/Src/stm32f0xx_hal_rcc.c ****   *           + Peripheral Control functions
  10:Drivers/STM32F0xx_HAL_Driver/Src/stm32f0xx_hal_rcc.c ****   *       
  11:Drivers/STM32F0xx_HAL_Driver/Src/stm32f0xx_hal_rcc.c ****   @verbatim                
  12:Drivers/STM32F0xx_HAL_Driver/Src/stm32f0xx_hal_rcc.c ****   ==============================================================================
  13:Drivers/STM32F0xx_HAL_Driver/Src/stm32f0xx_hal_rcc.c ****                       ##### RCC specific features #####
  14:Drivers/STM32F0xx_HAL_Driver/Src/stm32f0xx_hal_rcc.c ****   ==============================================================================
  15:Drivers/STM32F0xx_HAL_Driver/Src/stm32f0xx_hal_rcc.c ****     [..]  
  16:Drivers/STM32F0xx_HAL_Driver/Src/stm32f0xx_hal_rcc.c ****       After reset the device is running from Internal High Speed oscillator
  17:Drivers/STM32F0xx_HAL_Driver/Src/stm32f0xx_hal_rcc.c ****       (HSI 8MHz) with Flash 0 wait state, Flash prefetch buffer is disabled, 
  18:Drivers/STM32F0xx_HAL_Driver/Src/stm32f0xx_hal_rcc.c ****       and all peripherals are off except internal SRAM, Flash and JTAG.
  19:Drivers/STM32F0xx_HAL_Driver/Src/stm32f0xx_hal_rcc.c ****       (+) There is no prescaler on High speed (AHB) and Low speed (APB) buses;
  20:Drivers/STM32F0xx_HAL_Driver/Src/stm32f0xx_hal_rcc.c ****           all peripherals mapped on these buses are running at HSI speed.
  21:Drivers/STM32F0xx_HAL_Driver/Src/stm32f0xx_hal_rcc.c ****       (+) The clock for all peripherals is switched off, except the SRAM and FLASH.
  22:Drivers/STM32F0xx_HAL_Driver/Src/stm32f0xx_hal_rcc.c ****       (+) All GPIOs are in input floating state, except the JTAG pins which
  23:Drivers/STM32F0xx_HAL_Driver/Src/stm32f0xx_hal_rcc.c ****           are assigned to be used for debug purpose.
  24:Drivers/STM32F0xx_HAL_Driver/Src/stm32f0xx_hal_rcc.c ****     [..] Once the device started from reset, the user application has to:
  25:Drivers/STM32F0xx_HAL_Driver/Src/stm32f0xx_hal_rcc.c ****       (+) Configure the clock source to be used to drive the System clock
  26:Drivers/STM32F0xx_HAL_Driver/Src/stm32f0xx_hal_rcc.c ****           (if the application needs higher frequency/performance)
  27:Drivers/STM32F0xx_HAL_Driver/Src/stm32f0xx_hal_rcc.c ****       (+) Configure the System clock frequency and Flash settings  
  28:Drivers/STM32F0xx_HAL_Driver/Src/stm32f0xx_hal_rcc.c ****       (+) Configure the AHB and APB buses prescalers
  29:Drivers/STM32F0xx_HAL_Driver/Src/stm32f0xx_hal_rcc.c ****       (+) Enable the clock for the peripheral(s) to be used
  30:Drivers/STM32F0xx_HAL_Driver/Src/stm32f0xx_hal_rcc.c ****       (+) Configure the clock source(s) for peripherals whose clocks are not
  31:Drivers/STM32F0xx_HAL_Driver/Src/stm32f0xx_hal_rcc.c ****           derived from the System clock (RTC, ADC, I2C, USART, TIM, USB FS, etc..)
  32:Drivers/STM32F0xx_HAL_Driver/Src/stm32f0xx_hal_rcc.c **** 
ARM GAS  C:\Users\three\AppData\Local\Temp\cci8ra5h.s 			page 2


  33:Drivers/STM32F0xx_HAL_Driver/Src/stm32f0xx_hal_rcc.c ****                       ##### RCC Limitations #####
  34:Drivers/STM32F0xx_HAL_Driver/Src/stm32f0xx_hal_rcc.c ****   ==============================================================================
  35:Drivers/STM32F0xx_HAL_Driver/Src/stm32f0xx_hal_rcc.c ****     [..]  
  36:Drivers/STM32F0xx_HAL_Driver/Src/stm32f0xx_hal_rcc.c ****       A delay between an RCC peripheral clock enable and the effective peripheral 
  37:Drivers/STM32F0xx_HAL_Driver/Src/stm32f0xx_hal_rcc.c ****       enabling should be taken into account in order to manage the peripheral read/write 
  38:Drivers/STM32F0xx_HAL_Driver/Src/stm32f0xx_hal_rcc.c ****       from/to registers.
  39:Drivers/STM32F0xx_HAL_Driver/Src/stm32f0xx_hal_rcc.c ****       (+) This delay depends on the peripheral mapping.
  40:Drivers/STM32F0xx_HAL_Driver/Src/stm32f0xx_hal_rcc.c ****         (++) AHB & APB peripherals, 1 dummy read is necessary
  41:Drivers/STM32F0xx_HAL_Driver/Src/stm32f0xx_hal_rcc.c **** 
  42:Drivers/STM32F0xx_HAL_Driver/Src/stm32f0xx_hal_rcc.c ****     [..]  
  43:Drivers/STM32F0xx_HAL_Driver/Src/stm32f0xx_hal_rcc.c ****       Workarounds:
  44:Drivers/STM32F0xx_HAL_Driver/Src/stm32f0xx_hal_rcc.c ****       (#) For AHB & APB peripherals, a dummy read to the peripheral register has been
  45:Drivers/STM32F0xx_HAL_Driver/Src/stm32f0xx_hal_rcc.c ****           inserted in each __HAL_RCC_PPP_CLK_ENABLE() macro.
  46:Drivers/STM32F0xx_HAL_Driver/Src/stm32f0xx_hal_rcc.c **** 
  47:Drivers/STM32F0xx_HAL_Driver/Src/stm32f0xx_hal_rcc.c ****   @endverbatim
  48:Drivers/STM32F0xx_HAL_Driver/Src/stm32f0xx_hal_rcc.c ****   ******************************************************************************
  49:Drivers/STM32F0xx_HAL_Driver/Src/stm32f0xx_hal_rcc.c ****   * @attention
  50:Drivers/STM32F0xx_HAL_Driver/Src/stm32f0xx_hal_rcc.c ****   *
  51:Drivers/STM32F0xx_HAL_Driver/Src/stm32f0xx_hal_rcc.c ****   * Copyright (c) 2016 STMicroelectronics.
  52:Drivers/STM32F0xx_HAL_Driver/Src/stm32f0xx_hal_rcc.c ****   * All rights reserved.
  53:Drivers/STM32F0xx_HAL_Driver/Src/stm32f0xx_hal_rcc.c ****   *
  54:Drivers/STM32F0xx_HAL_Driver/Src/stm32f0xx_hal_rcc.c ****   * This software is licensed under terms that can be found in the LICENSE file in
  55:Drivers/STM32F0xx_HAL_Driver/Src/stm32f0xx_hal_rcc.c ****   * the root directory of this software component.
  56:Drivers/STM32F0xx_HAL_Driver/Src/stm32f0xx_hal_rcc.c ****   * If no LICENSE file comes with this software, it is provided AS-IS.
  57:Drivers/STM32F0xx_HAL_Driver/Src/stm32f0xx_hal_rcc.c ****   ******************************************************************************
  58:Drivers/STM32F0xx_HAL_Driver/Src/stm32f0xx_hal_rcc.c ****   */
  59:Drivers/STM32F0xx_HAL_Driver/Src/stm32f0xx_hal_rcc.c **** 
  60:Drivers/STM32F0xx_HAL_Driver/Src/stm32f0xx_hal_rcc.c **** /* Includes ------------------------------------------------------------------*/
  61:Drivers/STM32F0xx_HAL_Driver/Src/stm32f0xx_hal_rcc.c **** #include "stm32f0xx_hal.h"
  62:Drivers/STM32F0xx_HAL_Driver/Src/stm32f0xx_hal_rcc.c **** 
  63:Drivers/STM32F0xx_HAL_Driver/Src/stm32f0xx_hal_rcc.c **** /** @addtogroup STM32F0xx_HAL_Driver
  64:Drivers/STM32F0xx_HAL_Driver/Src/stm32f0xx_hal_rcc.c ****   * @{
  65:Drivers/STM32F0xx_HAL_Driver/Src/stm32f0xx_hal_rcc.c ****   */
  66:Drivers/STM32F0xx_HAL_Driver/Src/stm32f0xx_hal_rcc.c **** 
  67:Drivers/STM32F0xx_HAL_Driver/Src/stm32f0xx_hal_rcc.c **** /** @defgroup RCC RCC
  68:Drivers/STM32F0xx_HAL_Driver/Src/stm32f0xx_hal_rcc.c **** * @brief RCC HAL module driver
  69:Drivers/STM32F0xx_HAL_Driver/Src/stm32f0xx_hal_rcc.c ****   * @{
  70:Drivers/STM32F0xx_HAL_Driver/Src/stm32f0xx_hal_rcc.c ****   */
  71:Drivers/STM32F0xx_HAL_Driver/Src/stm32f0xx_hal_rcc.c **** 
  72:Drivers/STM32F0xx_HAL_Driver/Src/stm32f0xx_hal_rcc.c **** #ifdef HAL_RCC_MODULE_ENABLED
  73:Drivers/STM32F0xx_HAL_Driver/Src/stm32f0xx_hal_rcc.c **** 
  74:Drivers/STM32F0xx_HAL_Driver/Src/stm32f0xx_hal_rcc.c **** /* Private typedef -----------------------------------------------------------*/
  75:Drivers/STM32F0xx_HAL_Driver/Src/stm32f0xx_hal_rcc.c **** /* Private define ------------------------------------------------------------*/
  76:Drivers/STM32F0xx_HAL_Driver/Src/stm32f0xx_hal_rcc.c **** /** @defgroup RCC_Private_Constants RCC Private Constants
  77:Drivers/STM32F0xx_HAL_Driver/Src/stm32f0xx_hal_rcc.c ****  * @{
  78:Drivers/STM32F0xx_HAL_Driver/Src/stm32f0xx_hal_rcc.c ****  */
  79:Drivers/STM32F0xx_HAL_Driver/Src/stm32f0xx_hal_rcc.c **** /**
  80:Drivers/STM32F0xx_HAL_Driver/Src/stm32f0xx_hal_rcc.c ****   * @}
  81:Drivers/STM32F0xx_HAL_Driver/Src/stm32f0xx_hal_rcc.c ****   */
  82:Drivers/STM32F0xx_HAL_Driver/Src/stm32f0xx_hal_rcc.c **** /* Private macro -------------------------------------------------------------*/
  83:Drivers/STM32F0xx_HAL_Driver/Src/stm32f0xx_hal_rcc.c **** /** @defgroup RCC_Private_Macros RCC Private Macros
  84:Drivers/STM32F0xx_HAL_Driver/Src/stm32f0xx_hal_rcc.c ****   * @{
  85:Drivers/STM32F0xx_HAL_Driver/Src/stm32f0xx_hal_rcc.c ****   */
  86:Drivers/STM32F0xx_HAL_Driver/Src/stm32f0xx_hal_rcc.c **** 
  87:Drivers/STM32F0xx_HAL_Driver/Src/stm32f0xx_hal_rcc.c **** #define MCO1_CLK_ENABLE()     __HAL_RCC_GPIOA_CLK_ENABLE()
  88:Drivers/STM32F0xx_HAL_Driver/Src/stm32f0xx_hal_rcc.c **** #define MCO1_GPIO_PORT        GPIOA
  89:Drivers/STM32F0xx_HAL_Driver/Src/stm32f0xx_hal_rcc.c **** #define MCO1_PIN              GPIO_PIN_8
ARM GAS  C:\Users\three\AppData\Local\Temp\cci8ra5h.s 			page 3


  90:Drivers/STM32F0xx_HAL_Driver/Src/stm32f0xx_hal_rcc.c **** 
  91:Drivers/STM32F0xx_HAL_Driver/Src/stm32f0xx_hal_rcc.c **** /**
  92:Drivers/STM32F0xx_HAL_Driver/Src/stm32f0xx_hal_rcc.c ****   * @}
  93:Drivers/STM32F0xx_HAL_Driver/Src/stm32f0xx_hal_rcc.c ****   */
  94:Drivers/STM32F0xx_HAL_Driver/Src/stm32f0xx_hal_rcc.c **** 
  95:Drivers/STM32F0xx_HAL_Driver/Src/stm32f0xx_hal_rcc.c **** /* Private variables ---------------------------------------------------------*/
  96:Drivers/STM32F0xx_HAL_Driver/Src/stm32f0xx_hal_rcc.c **** /** @defgroup RCC_Private_Variables RCC Private Variables
  97:Drivers/STM32F0xx_HAL_Driver/Src/stm32f0xx_hal_rcc.c ****   * @{
  98:Drivers/STM32F0xx_HAL_Driver/Src/stm32f0xx_hal_rcc.c ****   */
  99:Drivers/STM32F0xx_HAL_Driver/Src/stm32f0xx_hal_rcc.c **** /**
 100:Drivers/STM32F0xx_HAL_Driver/Src/stm32f0xx_hal_rcc.c ****   * @}
 101:Drivers/STM32F0xx_HAL_Driver/Src/stm32f0xx_hal_rcc.c ****   */
 102:Drivers/STM32F0xx_HAL_Driver/Src/stm32f0xx_hal_rcc.c **** 
 103:Drivers/STM32F0xx_HAL_Driver/Src/stm32f0xx_hal_rcc.c **** /* Private function prototypes -----------------------------------------------*/
 104:Drivers/STM32F0xx_HAL_Driver/Src/stm32f0xx_hal_rcc.c **** /* Exported functions ---------------------------------------------------------*/
 105:Drivers/STM32F0xx_HAL_Driver/Src/stm32f0xx_hal_rcc.c **** 
 106:Drivers/STM32F0xx_HAL_Driver/Src/stm32f0xx_hal_rcc.c **** /** @defgroup RCC_Exported_Functions RCC Exported Functions
 107:Drivers/STM32F0xx_HAL_Driver/Src/stm32f0xx_hal_rcc.c ****   * @{
 108:Drivers/STM32F0xx_HAL_Driver/Src/stm32f0xx_hal_rcc.c ****   */
 109:Drivers/STM32F0xx_HAL_Driver/Src/stm32f0xx_hal_rcc.c **** 
 110:Drivers/STM32F0xx_HAL_Driver/Src/stm32f0xx_hal_rcc.c **** /** @defgroup RCC_Exported_Functions_Group1 Initialization and de-initialization functions 
 111:Drivers/STM32F0xx_HAL_Driver/Src/stm32f0xx_hal_rcc.c ****   *  @brief    Initialization and Configuration functions 
 112:Drivers/STM32F0xx_HAL_Driver/Src/stm32f0xx_hal_rcc.c ****   *
 113:Drivers/STM32F0xx_HAL_Driver/Src/stm32f0xx_hal_rcc.c ****   @verbatim    
 114:Drivers/STM32F0xx_HAL_Driver/Src/stm32f0xx_hal_rcc.c ****   ===============================================================================
 115:Drivers/STM32F0xx_HAL_Driver/Src/stm32f0xx_hal_rcc.c ****            ##### Initialization and de-initialization functions #####
 116:Drivers/STM32F0xx_HAL_Driver/Src/stm32f0xx_hal_rcc.c ****   ===============================================================================
 117:Drivers/STM32F0xx_HAL_Driver/Src/stm32f0xx_hal_rcc.c ****     [..]
 118:Drivers/STM32F0xx_HAL_Driver/Src/stm32f0xx_hal_rcc.c ****       This section provides functions allowing to configure the internal/external oscillators
 119:Drivers/STM32F0xx_HAL_Driver/Src/stm32f0xx_hal_rcc.c ****       (HSE, HSI, HSI14, HSI48, LSE, LSI, PLL, CSS and MCO) and the System buses clocks (SYSCLK, 
 120:Drivers/STM32F0xx_HAL_Driver/Src/stm32f0xx_hal_rcc.c ****       AHB and APB1).
 121:Drivers/STM32F0xx_HAL_Driver/Src/stm32f0xx_hal_rcc.c **** 
 122:Drivers/STM32F0xx_HAL_Driver/Src/stm32f0xx_hal_rcc.c ****     [..] Internal/external clock and PLL configuration
 123:Drivers/STM32F0xx_HAL_Driver/Src/stm32f0xx_hal_rcc.c ****       (#) HSI (high-speed internal), 8 MHz factory-trimmed RC used directly or through
 124:Drivers/STM32F0xx_HAL_Driver/Src/stm32f0xx_hal_rcc.c ****           the PLL as System clock source.
 125:Drivers/STM32F0xx_HAL_Driver/Src/stm32f0xx_hal_rcc.c ****           The HSI clock can be used also to clock the USART and I2C peripherals.
 126:Drivers/STM32F0xx_HAL_Driver/Src/stm32f0xx_hal_rcc.c **** 
 127:Drivers/STM32F0xx_HAL_Driver/Src/stm32f0xx_hal_rcc.c ****       (#) HSI14 (high-speed internal), 14 MHz factory-trimmed RC used directly to clock 
 128:Drivers/STM32F0xx_HAL_Driver/Src/stm32f0xx_hal_rcc.c ****           the ADC peripheral.
 129:Drivers/STM32F0xx_HAL_Driver/Src/stm32f0xx_hal_rcc.c **** 
 130:Drivers/STM32F0xx_HAL_Driver/Src/stm32f0xx_hal_rcc.c ****       (#) LSI (low-speed internal), ~40 KHz low consumption RC used as IWDG and/or RTC
 131:Drivers/STM32F0xx_HAL_Driver/Src/stm32f0xx_hal_rcc.c ****           clock source.
 132:Drivers/STM32F0xx_HAL_Driver/Src/stm32f0xx_hal_rcc.c **** 
 133:Drivers/STM32F0xx_HAL_Driver/Src/stm32f0xx_hal_rcc.c ****       (#) HSE (high-speed external), 4 to 32 MHz crystal oscillator used directly or
 134:Drivers/STM32F0xx_HAL_Driver/Src/stm32f0xx_hal_rcc.c ****           through the PLL as System clock source. Can be used also as RTC clock source.
 135:Drivers/STM32F0xx_HAL_Driver/Src/stm32f0xx_hal_rcc.c **** 
 136:Drivers/STM32F0xx_HAL_Driver/Src/stm32f0xx_hal_rcc.c ****       (#) LSE (low-speed external), 32 KHz oscillator used as RTC clock source.   
 137:Drivers/STM32F0xx_HAL_Driver/Src/stm32f0xx_hal_rcc.c **** 
 138:Drivers/STM32F0xx_HAL_Driver/Src/stm32f0xx_hal_rcc.c ****       (#) PLL (clocked by HSI, HSI48 or HSE), featuring different output clocks:
 139:Drivers/STM32F0xx_HAL_Driver/Src/stm32f0xx_hal_rcc.c ****        (++) The first output is used to generate the high speed system clock (up to 48 MHz)
 140:Drivers/STM32F0xx_HAL_Driver/Src/stm32f0xx_hal_rcc.c ****        (++) The second output is used to generate the clock for the USB FS (48 MHz)
 141:Drivers/STM32F0xx_HAL_Driver/Src/stm32f0xx_hal_rcc.c ****        (++) The third output may be used to generate the clock for the TIM, I2C and USART 
 142:Drivers/STM32F0xx_HAL_Driver/Src/stm32f0xx_hal_rcc.c ****             peripherals (up to 48 MHz)
 143:Drivers/STM32F0xx_HAL_Driver/Src/stm32f0xx_hal_rcc.c **** 
 144:Drivers/STM32F0xx_HAL_Driver/Src/stm32f0xx_hal_rcc.c ****       (#) CSS (Clock security system), once enable using the macro __HAL_RCC_CSS_ENABLE()
 145:Drivers/STM32F0xx_HAL_Driver/Src/stm32f0xx_hal_rcc.c ****           and if a HSE clock failure occurs(HSE used directly or through PLL as System 
 146:Drivers/STM32F0xx_HAL_Driver/Src/stm32f0xx_hal_rcc.c ****           clock source), the System clocks automatically switched to HSI and an interrupt
ARM GAS  C:\Users\three\AppData\Local\Temp\cci8ra5h.s 			page 4


 147:Drivers/STM32F0xx_HAL_Driver/Src/stm32f0xx_hal_rcc.c ****           is generated if enabled. The interrupt is linked to the Cortex-M0 NMI 
 148:Drivers/STM32F0xx_HAL_Driver/Src/stm32f0xx_hal_rcc.c ****           (Non-Maskable Interrupt) exception vector.   
 149:Drivers/STM32F0xx_HAL_Driver/Src/stm32f0xx_hal_rcc.c **** 
 150:Drivers/STM32F0xx_HAL_Driver/Src/stm32f0xx_hal_rcc.c ****       (#) MCO (microcontroller clock output), used to output SYSCLK, HSI, HSE, LSI, LSE or PLL
 151:Drivers/STM32F0xx_HAL_Driver/Src/stm32f0xx_hal_rcc.c ****           clock (divided by 2) output on pin (such as PA8 pin).
 152:Drivers/STM32F0xx_HAL_Driver/Src/stm32f0xx_hal_rcc.c **** 
 153:Drivers/STM32F0xx_HAL_Driver/Src/stm32f0xx_hal_rcc.c ****     [..] System, AHB and APB buses clocks configuration
 154:Drivers/STM32F0xx_HAL_Driver/Src/stm32f0xx_hal_rcc.c ****       (#) Several clock sources can be used to drive the System clock (SYSCLK): HSI,
 155:Drivers/STM32F0xx_HAL_Driver/Src/stm32f0xx_hal_rcc.c ****           HSE and PLL.
 156:Drivers/STM32F0xx_HAL_Driver/Src/stm32f0xx_hal_rcc.c ****           The AHB clock (HCLK) is derived from System clock through configurable
 157:Drivers/STM32F0xx_HAL_Driver/Src/stm32f0xx_hal_rcc.c ****           prescaler and used to clock the CPU, memory and peripherals mapped
 158:Drivers/STM32F0xx_HAL_Driver/Src/stm32f0xx_hal_rcc.c ****           on AHB bus (DMA, GPIO...). APB1 (PCLK1) clock is derived
 159:Drivers/STM32F0xx_HAL_Driver/Src/stm32f0xx_hal_rcc.c ****           from AHB clock through configurable prescalers and used to clock
 160:Drivers/STM32F0xx_HAL_Driver/Src/stm32f0xx_hal_rcc.c ****           the peripherals mapped on these buses. You can use
 161:Drivers/STM32F0xx_HAL_Driver/Src/stm32f0xx_hal_rcc.c ****           "HAL_RCC_GetSysClockFreq()" function to retrieve the frequencies of these clocks.
 162:Drivers/STM32F0xx_HAL_Driver/Src/stm32f0xx_hal_rcc.c **** 
 163:Drivers/STM32F0xx_HAL_Driver/Src/stm32f0xx_hal_rcc.c ****       (#) All the peripheral clocks are derived from the System clock (SYSCLK) except:
 164:Drivers/STM32F0xx_HAL_Driver/Src/stm32f0xx_hal_rcc.c ****         (++) The FLASH program/erase clock  which is always HSI 8MHz clock.
 165:Drivers/STM32F0xx_HAL_Driver/Src/stm32f0xx_hal_rcc.c ****         (++) The USB 48 MHz clock which is derived from the PLL VCO clock.
 166:Drivers/STM32F0xx_HAL_Driver/Src/stm32f0xx_hal_rcc.c ****         (++) The USART clock which can be derived as well from HSI 8MHz, LSI or LSE.
 167:Drivers/STM32F0xx_HAL_Driver/Src/stm32f0xx_hal_rcc.c ****         (++) The I2C clock which can be derived as well from HSI 8MHz clock.
 168:Drivers/STM32F0xx_HAL_Driver/Src/stm32f0xx_hal_rcc.c ****         (++) The ADC clock which is derived from PLL output.
 169:Drivers/STM32F0xx_HAL_Driver/Src/stm32f0xx_hal_rcc.c ****         (++) The RTC clock which is derived from the LSE, LSI or 1 MHz HSE_RTC
 170:Drivers/STM32F0xx_HAL_Driver/Src/stm32f0xx_hal_rcc.c ****              (HSE divided by a programmable prescaler). The System clock (SYSCLK)
 171:Drivers/STM32F0xx_HAL_Driver/Src/stm32f0xx_hal_rcc.c ****              frequency must be higher or equal to the RTC clock frequency.
 172:Drivers/STM32F0xx_HAL_Driver/Src/stm32f0xx_hal_rcc.c ****         (++) IWDG clock which is always the LSI clock.
 173:Drivers/STM32F0xx_HAL_Driver/Src/stm32f0xx_hal_rcc.c **** 
 174:Drivers/STM32F0xx_HAL_Driver/Src/stm32f0xx_hal_rcc.c ****       (#) For the STM32F0xx devices, the maximum frequency of the SYSCLK, HCLK and PCLK1 is 48 MHz,
 175:Drivers/STM32F0xx_HAL_Driver/Src/stm32f0xx_hal_rcc.c ****           Depending on the SYSCLK frequency, the flash latency should be adapted accordingly.
 176:Drivers/STM32F0xx_HAL_Driver/Src/stm32f0xx_hal_rcc.c **** 
 177:Drivers/STM32F0xx_HAL_Driver/Src/stm32f0xx_hal_rcc.c ****       (#) After reset, the System clock source is the HSI (8 MHz) with 0 WS and
 178:Drivers/STM32F0xx_HAL_Driver/Src/stm32f0xx_hal_rcc.c ****           prefetch is disabled.
 179:Drivers/STM32F0xx_HAL_Driver/Src/stm32f0xx_hal_rcc.c ****   @endverbatim
 180:Drivers/STM32F0xx_HAL_Driver/Src/stm32f0xx_hal_rcc.c ****   * @{
 181:Drivers/STM32F0xx_HAL_Driver/Src/stm32f0xx_hal_rcc.c ****   */
 182:Drivers/STM32F0xx_HAL_Driver/Src/stm32f0xx_hal_rcc.c ****   
 183:Drivers/STM32F0xx_HAL_Driver/Src/stm32f0xx_hal_rcc.c **** /*
 184:Drivers/STM32F0xx_HAL_Driver/Src/stm32f0xx_hal_rcc.c ****   Additional consideration on the SYSCLK based on Latency settings:
 185:Drivers/STM32F0xx_HAL_Driver/Src/stm32f0xx_hal_rcc.c ****           +-----------------------------------------------+
 186:Drivers/STM32F0xx_HAL_Driver/Src/stm32f0xx_hal_rcc.c ****           | Latency       | SYSCLK clock frequency (MHz)  |
 187:Drivers/STM32F0xx_HAL_Driver/Src/stm32f0xx_hal_rcc.c ****           |---------------|-------------------------------|
 188:Drivers/STM32F0xx_HAL_Driver/Src/stm32f0xx_hal_rcc.c ****           |0WS(1CPU cycle)|       0 < SYSCLK <= 24        |
 189:Drivers/STM32F0xx_HAL_Driver/Src/stm32f0xx_hal_rcc.c ****           |---------------|-------------------------------|
 190:Drivers/STM32F0xx_HAL_Driver/Src/stm32f0xx_hal_rcc.c ****           |1WS(2CPU cycle)|      24 < SYSCLK <= 48        |
 191:Drivers/STM32F0xx_HAL_Driver/Src/stm32f0xx_hal_rcc.c ****           +-----------------------------------------------+
 192:Drivers/STM32F0xx_HAL_Driver/Src/stm32f0xx_hal_rcc.c ****   */
 193:Drivers/STM32F0xx_HAL_Driver/Src/stm32f0xx_hal_rcc.c **** 
 194:Drivers/STM32F0xx_HAL_Driver/Src/stm32f0xx_hal_rcc.c **** /**
 195:Drivers/STM32F0xx_HAL_Driver/Src/stm32f0xx_hal_rcc.c ****   * @brief  Resets the RCC clock configuration to the default reset state.
 196:Drivers/STM32F0xx_HAL_Driver/Src/stm32f0xx_hal_rcc.c ****   * @note   The default reset state of the clock configuration is given below:
 197:Drivers/STM32F0xx_HAL_Driver/Src/stm32f0xx_hal_rcc.c ****   *            - HSI ON and used as system clock source
 198:Drivers/STM32F0xx_HAL_Driver/Src/stm32f0xx_hal_rcc.c ****   *            - HSE and PLL OFF
 199:Drivers/STM32F0xx_HAL_Driver/Src/stm32f0xx_hal_rcc.c ****   *            - AHB, APB1 prescaler set to 1.
 200:Drivers/STM32F0xx_HAL_Driver/Src/stm32f0xx_hal_rcc.c ****   *            - CSS and MCO1 OFF
 201:Drivers/STM32F0xx_HAL_Driver/Src/stm32f0xx_hal_rcc.c ****   *            - All interrupts disabled
 202:Drivers/STM32F0xx_HAL_Driver/Src/stm32f0xx_hal_rcc.c ****   *            - All interrupt and reset flags cleared
 203:Drivers/STM32F0xx_HAL_Driver/Src/stm32f0xx_hal_rcc.c ****   * @note   This function does not modify the configuration of the
ARM GAS  C:\Users\three\AppData\Local\Temp\cci8ra5h.s 			page 5


 204:Drivers/STM32F0xx_HAL_Driver/Src/stm32f0xx_hal_rcc.c ****   *            - Peripheral clocks
 205:Drivers/STM32F0xx_HAL_Driver/Src/stm32f0xx_hal_rcc.c ****   *            - LSI, LSE and RTC clocks
 206:Drivers/STM32F0xx_HAL_Driver/Src/stm32f0xx_hal_rcc.c ****   * @retval HAL status
 207:Drivers/STM32F0xx_HAL_Driver/Src/stm32f0xx_hal_rcc.c ****   */
 208:Drivers/STM32F0xx_HAL_Driver/Src/stm32f0xx_hal_rcc.c **** HAL_StatusTypeDef HAL_RCC_DeInit(void)
 209:Drivers/STM32F0xx_HAL_Driver/Src/stm32f0xx_hal_rcc.c **** {
  27              		.loc 1 209 1 view -0
  28              		.cfi_startproc
  29              		@ args = 0, pretend = 0, frame = 0
  30              		@ frame_needed = 0, uses_anonymous_args = 0
  31 0000 70B5     		push	{r4, r5, r6, lr}
  32              	.LCFI0:
  33              		.cfi_def_cfa_offset 16
  34              		.cfi_offset 4, -16
  35              		.cfi_offset 5, -12
  36              		.cfi_offset 6, -8
  37              		.cfi_offset 14, -4
 210:Drivers/STM32F0xx_HAL_Driver/Src/stm32f0xx_hal_rcc.c ****   uint32_t tickstart;
  38              		.loc 1 210 3 view .LVU1
 211:Drivers/STM32F0xx_HAL_Driver/Src/stm32f0xx_hal_rcc.c **** 
 212:Drivers/STM32F0xx_HAL_Driver/Src/stm32f0xx_hal_rcc.c ****   /* Get Start Tick*/
 213:Drivers/STM32F0xx_HAL_Driver/Src/stm32f0xx_hal_rcc.c ****   tickstart = HAL_GetTick();
  39              		.loc 1 213 3 view .LVU2
  40              		.loc 1 213 15 is_stmt 0 view .LVU3
  41 0002 FFF7FEFF 		bl	HAL_GetTick
  42              	.LVL0:
  43 0006 0400     		movs	r4, r0
  44              	.LVL1:
 214:Drivers/STM32F0xx_HAL_Driver/Src/stm32f0xx_hal_rcc.c ****   
 215:Drivers/STM32F0xx_HAL_Driver/Src/stm32f0xx_hal_rcc.c ****   /* Set HSION bit, HSITRIM[4:0] bits to the reset value*/
 216:Drivers/STM32F0xx_HAL_Driver/Src/stm32f0xx_hal_rcc.c ****   SET_BIT(RCC->CR, RCC_CR_HSION | RCC_CR_HSITRIM_4); 
  45              		.loc 1 216 3 is_stmt 1 view .LVU4
  46 0008 284A     		ldr	r2, .L17
  47 000a 1368     		ldr	r3, [r2]
  48 000c 8121     		movs	r1, #129
  49 000e 0B43     		orrs	r3, r1
  50 0010 1360     		str	r3, [r2]
 217:Drivers/STM32F0xx_HAL_Driver/Src/stm32f0xx_hal_rcc.c **** 
 218:Drivers/STM32F0xx_HAL_Driver/Src/stm32f0xx_hal_rcc.c ****   /* Wait till HSI is ready */
 219:Drivers/STM32F0xx_HAL_Driver/Src/stm32f0xx_hal_rcc.c ****   while (READ_BIT(RCC->CR, RCC_CR_HSIRDY) == RESET)
  51              		.loc 1 219 3 view .LVU5
  52              	.LVL2:
  53              	.L2:
  54              		.loc 1 219 43 view .LVU6
  55              		.loc 1 219 10 is_stmt 0 view .LVU7
  56 0012 264B     		ldr	r3, .L17
  57 0014 1B68     		ldr	r3, [r3]
  58              		.loc 1 219 43 view .LVU8
  59 0016 9B07     		lsls	r3, r3, #30
  60 0018 07D4     		bmi	.L13
 220:Drivers/STM32F0xx_HAL_Driver/Src/stm32f0xx_hal_rcc.c ****   {
 221:Drivers/STM32F0xx_HAL_Driver/Src/stm32f0xx_hal_rcc.c ****     if ((HAL_GetTick() - tickstart) > HSI_TIMEOUT_VALUE)
  61              		.loc 1 221 5 is_stmt 1 view .LVU9
  62              		.loc 1 221 10 is_stmt 0 view .LVU10
  63 001a FFF7FEFF 		bl	HAL_GetTick
  64              	.LVL3:
  65              		.loc 1 221 24 discriminator 1 view .LVU11
ARM GAS  C:\Users\three\AppData\Local\Temp\cci8ra5h.s 			page 6


  66 001e 001B     		subs	r0, r0, r4
  67              		.loc 1 221 8 discriminator 1 view .LVU12
  68 0020 0228     		cmp	r0, #2
  69 0022 F6D9     		bls	.L2
 222:Drivers/STM32F0xx_HAL_Driver/Src/stm32f0xx_hal_rcc.c ****     {
 223:Drivers/STM32F0xx_HAL_Driver/Src/stm32f0xx_hal_rcc.c ****       return HAL_TIMEOUT;
  70              		.loc 1 223 14 view .LVU13
  71 0024 0324     		movs	r4, #3
  72              	.LVL4:
  73              	.L3:
 224:Drivers/STM32F0xx_HAL_Driver/Src/stm32f0xx_hal_rcc.c ****     }
 225:Drivers/STM32F0xx_HAL_Driver/Src/stm32f0xx_hal_rcc.c ****   }
 226:Drivers/STM32F0xx_HAL_Driver/Src/stm32f0xx_hal_rcc.c **** 
 227:Drivers/STM32F0xx_HAL_Driver/Src/stm32f0xx_hal_rcc.c ****   /* Reset SW[1:0], HPRE[3:0], PPRE[2:0] and MCOSEL[2:0] bits */
 228:Drivers/STM32F0xx_HAL_Driver/Src/stm32f0xx_hal_rcc.c ****   CLEAR_BIT(RCC->CFGR, RCC_CFGR_SW | RCC_CFGR_HPRE | RCC_CFGR_PPRE | RCC_CFGR_MCO);
 229:Drivers/STM32F0xx_HAL_Driver/Src/stm32f0xx_hal_rcc.c **** 
 230:Drivers/STM32F0xx_HAL_Driver/Src/stm32f0xx_hal_rcc.c ****   /* Wait till HSI as SYSCLK status is enabled */
 231:Drivers/STM32F0xx_HAL_Driver/Src/stm32f0xx_hal_rcc.c ****   while (READ_BIT(RCC->CFGR, RCC_CFGR_SWS) != RESET)
 232:Drivers/STM32F0xx_HAL_Driver/Src/stm32f0xx_hal_rcc.c ****   {
 233:Drivers/STM32F0xx_HAL_Driver/Src/stm32f0xx_hal_rcc.c ****     if ((HAL_GetTick() - tickstart) > CLOCKSWITCH_TIMEOUT_VALUE)
 234:Drivers/STM32F0xx_HAL_Driver/Src/stm32f0xx_hal_rcc.c ****     {
 235:Drivers/STM32F0xx_HAL_Driver/Src/stm32f0xx_hal_rcc.c ****       return HAL_TIMEOUT;
 236:Drivers/STM32F0xx_HAL_Driver/Src/stm32f0xx_hal_rcc.c ****     }
 237:Drivers/STM32F0xx_HAL_Driver/Src/stm32f0xx_hal_rcc.c ****   }
 238:Drivers/STM32F0xx_HAL_Driver/Src/stm32f0xx_hal_rcc.c **** 
 239:Drivers/STM32F0xx_HAL_Driver/Src/stm32f0xx_hal_rcc.c ****   /* Update the SystemCoreClock global variable for HSI as system clock source */
 240:Drivers/STM32F0xx_HAL_Driver/Src/stm32f0xx_hal_rcc.c ****   SystemCoreClock = HSI_VALUE;
 241:Drivers/STM32F0xx_HAL_Driver/Src/stm32f0xx_hal_rcc.c **** 
 242:Drivers/STM32F0xx_HAL_Driver/Src/stm32f0xx_hal_rcc.c ****   /* Adapt Systick interrupt period */
 243:Drivers/STM32F0xx_HAL_Driver/Src/stm32f0xx_hal_rcc.c ****   if (HAL_InitTick(uwTickPrio) != HAL_OK)
 244:Drivers/STM32F0xx_HAL_Driver/Src/stm32f0xx_hal_rcc.c ****   {
 245:Drivers/STM32F0xx_HAL_Driver/Src/stm32f0xx_hal_rcc.c ****     return HAL_ERROR;
 246:Drivers/STM32F0xx_HAL_Driver/Src/stm32f0xx_hal_rcc.c ****   }
 247:Drivers/STM32F0xx_HAL_Driver/Src/stm32f0xx_hal_rcc.c **** 
 248:Drivers/STM32F0xx_HAL_Driver/Src/stm32f0xx_hal_rcc.c ****   /* Reset HSEON, CSSON, PLLON bits */
 249:Drivers/STM32F0xx_HAL_Driver/Src/stm32f0xx_hal_rcc.c ****   CLEAR_BIT(RCC->CR, RCC_CR_PLLON | RCC_CR_CSSON | RCC_CR_HSEON);
 250:Drivers/STM32F0xx_HAL_Driver/Src/stm32f0xx_hal_rcc.c ****   
 251:Drivers/STM32F0xx_HAL_Driver/Src/stm32f0xx_hal_rcc.c ****   /* Reset HSEBYP bit */
 252:Drivers/STM32F0xx_HAL_Driver/Src/stm32f0xx_hal_rcc.c ****   CLEAR_BIT(RCC->CR, RCC_CR_HSEBYP);
 253:Drivers/STM32F0xx_HAL_Driver/Src/stm32f0xx_hal_rcc.c **** 
 254:Drivers/STM32F0xx_HAL_Driver/Src/stm32f0xx_hal_rcc.c ****   /* Get start tick */
 255:Drivers/STM32F0xx_HAL_Driver/Src/stm32f0xx_hal_rcc.c ****   tickstart = HAL_GetTick();
 256:Drivers/STM32F0xx_HAL_Driver/Src/stm32f0xx_hal_rcc.c ****   
 257:Drivers/STM32F0xx_HAL_Driver/Src/stm32f0xx_hal_rcc.c ****   /* Wait till PLLRDY is cleared */
 258:Drivers/STM32F0xx_HAL_Driver/Src/stm32f0xx_hal_rcc.c ****   while(READ_BIT(RCC->CR, RCC_CR_PLLRDY) != RESET)
 259:Drivers/STM32F0xx_HAL_Driver/Src/stm32f0xx_hal_rcc.c ****   {
 260:Drivers/STM32F0xx_HAL_Driver/Src/stm32f0xx_hal_rcc.c ****     if((HAL_GetTick() - tickstart) > PLL_TIMEOUT_VALUE)
 261:Drivers/STM32F0xx_HAL_Driver/Src/stm32f0xx_hal_rcc.c ****     {
 262:Drivers/STM32F0xx_HAL_Driver/Src/stm32f0xx_hal_rcc.c ****       return HAL_TIMEOUT;
 263:Drivers/STM32F0xx_HAL_Driver/Src/stm32f0xx_hal_rcc.c ****     }
 264:Drivers/STM32F0xx_HAL_Driver/Src/stm32f0xx_hal_rcc.c ****   }
 265:Drivers/STM32F0xx_HAL_Driver/Src/stm32f0xx_hal_rcc.c **** 
 266:Drivers/STM32F0xx_HAL_Driver/Src/stm32f0xx_hal_rcc.c ****   /* Reset CFGR register */
 267:Drivers/STM32F0xx_HAL_Driver/Src/stm32f0xx_hal_rcc.c ****   CLEAR_REG(RCC->CFGR);
 268:Drivers/STM32F0xx_HAL_Driver/Src/stm32f0xx_hal_rcc.c **** 
 269:Drivers/STM32F0xx_HAL_Driver/Src/stm32f0xx_hal_rcc.c ****   /* Reset CFGR2 register */
 270:Drivers/STM32F0xx_HAL_Driver/Src/stm32f0xx_hal_rcc.c ****   CLEAR_REG(RCC->CFGR2);
ARM GAS  C:\Users\three\AppData\Local\Temp\cci8ra5h.s 			page 7


 271:Drivers/STM32F0xx_HAL_Driver/Src/stm32f0xx_hal_rcc.c **** 
 272:Drivers/STM32F0xx_HAL_Driver/Src/stm32f0xx_hal_rcc.c ****   /* Reset CFGR3 register */
 273:Drivers/STM32F0xx_HAL_Driver/Src/stm32f0xx_hal_rcc.c ****   CLEAR_REG(RCC->CFGR3);
 274:Drivers/STM32F0xx_HAL_Driver/Src/stm32f0xx_hal_rcc.c **** 
 275:Drivers/STM32F0xx_HAL_Driver/Src/stm32f0xx_hal_rcc.c ****   /* Disable all interrupts */
 276:Drivers/STM32F0xx_HAL_Driver/Src/stm32f0xx_hal_rcc.c ****   CLEAR_REG(RCC->CIR);
 277:Drivers/STM32F0xx_HAL_Driver/Src/stm32f0xx_hal_rcc.c **** 
 278:Drivers/STM32F0xx_HAL_Driver/Src/stm32f0xx_hal_rcc.c ****   /* Clear all reset flags */
 279:Drivers/STM32F0xx_HAL_Driver/Src/stm32f0xx_hal_rcc.c ****   __HAL_RCC_CLEAR_RESET_FLAGS();
 280:Drivers/STM32F0xx_HAL_Driver/Src/stm32f0xx_hal_rcc.c **** 
 281:Drivers/STM32F0xx_HAL_Driver/Src/stm32f0xx_hal_rcc.c ****   return HAL_OK;
 282:Drivers/STM32F0xx_HAL_Driver/Src/stm32f0xx_hal_rcc.c **** }
  74              		.loc 1 282 1 view .LVU14
  75 0026 2000     		movs	r0, r4
  76              		@ sp needed
  77 0028 70BD     		pop	{r4, r5, r6, pc}
  78              	.LVL5:
  79              	.L13:
 228:Drivers/STM32F0xx_HAL_Driver/Src/stm32f0xx_hal_rcc.c **** 
  80              		.loc 1 228 3 is_stmt 1 view .LVU15
  81 002a 204A     		ldr	r2, .L17
  82 002c 5368     		ldr	r3, [r2, #4]
  83 002e 2049     		ldr	r1, .L17+4
  84 0030 0B40     		ands	r3, r1
  85 0032 5360     		str	r3, [r2, #4]
 231:Drivers/STM32F0xx_HAL_Driver/Src/stm32f0xx_hal_rcc.c ****   {
  86              		.loc 1 231 3 view .LVU16
  87              	.L5:
 231:Drivers/STM32F0xx_HAL_Driver/Src/stm32f0xx_hal_rcc.c ****   {
  88              		.loc 1 231 44 view .LVU17
 231:Drivers/STM32F0xx_HAL_Driver/Src/stm32f0xx_hal_rcc.c ****   {
  89              		.loc 1 231 10 is_stmt 0 view .LVU18
  90 0034 1D4B     		ldr	r3, .L17
  91 0036 5B68     		ldr	r3, [r3, #4]
  92 0038 0C22     		movs	r2, #12
 231:Drivers/STM32F0xx_HAL_Driver/Src/stm32f0xx_hal_rcc.c ****   {
  93              		.loc 1 231 44 view .LVU19
  94 003a 1A42     		tst	r2, r3
  95 003c 07D0     		beq	.L14
 233:Drivers/STM32F0xx_HAL_Driver/Src/stm32f0xx_hal_rcc.c ****     {
  96              		.loc 1 233 5 is_stmt 1 view .LVU20
 233:Drivers/STM32F0xx_HAL_Driver/Src/stm32f0xx_hal_rcc.c ****     {
  97              		.loc 1 233 10 is_stmt 0 view .LVU21
  98 003e FFF7FEFF 		bl	HAL_GetTick
  99              	.LVL6:
 233:Drivers/STM32F0xx_HAL_Driver/Src/stm32f0xx_hal_rcc.c ****     {
 100              		.loc 1 233 24 discriminator 1 view .LVU22
 101 0042 001B     		subs	r0, r0, r4
 233:Drivers/STM32F0xx_HAL_Driver/Src/stm32f0xx_hal_rcc.c ****     {
 102              		.loc 1 233 8 discriminator 1 view .LVU23
 103 0044 1B4B     		ldr	r3, .L17+8
 104 0046 9842     		cmp	r0, r3
 105 0048 F4D9     		bls	.L5
 235:Drivers/STM32F0xx_HAL_Driver/Src/stm32f0xx_hal_rcc.c ****     }
 106              		.loc 1 235 14 view .LVU24
 107 004a 0324     		movs	r4, #3
 108              	.LVL7:
ARM GAS  C:\Users\three\AppData\Local\Temp\cci8ra5h.s 			page 8


 235:Drivers/STM32F0xx_HAL_Driver/Src/stm32f0xx_hal_rcc.c ****     }
 109              		.loc 1 235 14 view .LVU25
 110 004c EBE7     		b	.L3
 111              	.LVL8:
 112              	.L14:
 240:Drivers/STM32F0xx_HAL_Driver/Src/stm32f0xx_hal_rcc.c **** 
 113              		.loc 1 240 3 is_stmt 1 view .LVU26
 240:Drivers/STM32F0xx_HAL_Driver/Src/stm32f0xx_hal_rcc.c **** 
 114              		.loc 1 240 19 is_stmt 0 view .LVU27
 115 004e 1A4B     		ldr	r3, .L17+12
 116 0050 1A4A     		ldr	r2, .L17+16
 117 0052 1A60     		str	r2, [r3]
 243:Drivers/STM32F0xx_HAL_Driver/Src/stm32f0xx_hal_rcc.c ****   {
 118              		.loc 1 243 3 is_stmt 1 view .LVU28
 243:Drivers/STM32F0xx_HAL_Driver/Src/stm32f0xx_hal_rcc.c ****   {
 119              		.loc 1 243 7 is_stmt 0 view .LVU29
 120 0054 1A4B     		ldr	r3, .L17+20
 121 0056 1868     		ldr	r0, [r3]
 122 0058 FFF7FEFF 		bl	HAL_InitTick
 123              	.LVL9:
 124 005c 041E     		subs	r4, r0, #0
 125              	.LVL10:
 243:Drivers/STM32F0xx_HAL_Driver/Src/stm32f0xx_hal_rcc.c ****   {
 126              		.loc 1 243 6 discriminator 1 view .LVU30
 127 005e 01D0     		beq	.L15
 245:Drivers/STM32F0xx_HAL_Driver/Src/stm32f0xx_hal_rcc.c ****   }
 128              		.loc 1 245 12 view .LVU31
 129 0060 0124     		movs	r4, #1
 130 0062 E0E7     		b	.L3
 131              	.L15:
 249:Drivers/STM32F0xx_HAL_Driver/Src/stm32f0xx_hal_rcc.c ****   
 132              		.loc 1 249 3 is_stmt 1 view .LVU32
 133 0064 114B     		ldr	r3, .L17
 134 0066 1A68     		ldr	r2, [r3]
 135 0068 1649     		ldr	r1, .L17+24
 136 006a 0A40     		ands	r2, r1
 137 006c 1A60     		str	r2, [r3]
 252:Drivers/STM32F0xx_HAL_Driver/Src/stm32f0xx_hal_rcc.c **** 
 138              		.loc 1 252 3 view .LVU33
 139 006e 1A68     		ldr	r2, [r3]
 140 0070 1549     		ldr	r1, .L17+28
 141 0072 0A40     		ands	r2, r1
 142 0074 1A60     		str	r2, [r3]
 255:Drivers/STM32F0xx_HAL_Driver/Src/stm32f0xx_hal_rcc.c ****   
 143              		.loc 1 255 3 view .LVU34
 255:Drivers/STM32F0xx_HAL_Driver/Src/stm32f0xx_hal_rcc.c ****   
 144              		.loc 1 255 15 is_stmt 0 view .LVU35
 145 0076 FFF7FEFF 		bl	HAL_GetTick
 146              	.LVL11:
 147 007a 0500     		movs	r5, r0
 148              	.LVL12:
 258:Drivers/STM32F0xx_HAL_Driver/Src/stm32f0xx_hal_rcc.c ****   {
 149              		.loc 1 258 3 is_stmt 1 view .LVU36
 150              	.L7:
 258:Drivers/STM32F0xx_HAL_Driver/Src/stm32f0xx_hal_rcc.c ****   {
 151              		.loc 1 258 42 view .LVU37
 258:Drivers/STM32F0xx_HAL_Driver/Src/stm32f0xx_hal_rcc.c ****   {
ARM GAS  C:\Users\three\AppData\Local\Temp\cci8ra5h.s 			page 9


 152              		.loc 1 258 9 is_stmt 0 view .LVU38
 153 007c 0B4B     		ldr	r3, .L17
 154 007e 1B68     		ldr	r3, [r3]
 258:Drivers/STM32F0xx_HAL_Driver/Src/stm32f0xx_hal_rcc.c ****   {
 155              		.loc 1 258 42 view .LVU39
 156 0080 9B01     		lsls	r3, r3, #6
 157 0082 06D5     		bpl	.L16
 260:Drivers/STM32F0xx_HAL_Driver/Src/stm32f0xx_hal_rcc.c ****     {
 158              		.loc 1 260 5 is_stmt 1 view .LVU40
 260:Drivers/STM32F0xx_HAL_Driver/Src/stm32f0xx_hal_rcc.c ****     {
 159              		.loc 1 260 9 is_stmt 0 view .LVU41
 160 0084 FFF7FEFF 		bl	HAL_GetTick
 161              	.LVL13:
 260:Drivers/STM32F0xx_HAL_Driver/Src/stm32f0xx_hal_rcc.c ****     {
 162              		.loc 1 260 23 discriminator 1 view .LVU42
 163 0088 401B     		subs	r0, r0, r5
 260:Drivers/STM32F0xx_HAL_Driver/Src/stm32f0xx_hal_rcc.c ****     {
 164              		.loc 1 260 7 discriminator 1 view .LVU43
 165 008a 0228     		cmp	r0, #2
 166 008c F6D9     		bls	.L7
 262:Drivers/STM32F0xx_HAL_Driver/Src/stm32f0xx_hal_rcc.c ****     }
 167              		.loc 1 262 14 view .LVU44
 168 008e 0324     		movs	r4, #3
 169 0090 C9E7     		b	.L3
 170              	.L16:
 267:Drivers/STM32F0xx_HAL_Driver/Src/stm32f0xx_hal_rcc.c **** 
 171              		.loc 1 267 3 is_stmt 1 view .LVU45
 172 0092 064B     		ldr	r3, .L17
 173 0094 0022     		movs	r2, #0
 174 0096 5A60     		str	r2, [r3, #4]
 270:Drivers/STM32F0xx_HAL_Driver/Src/stm32f0xx_hal_rcc.c **** 
 175              		.loc 1 270 3 view .LVU46
 176 0098 DA62     		str	r2, [r3, #44]
 273:Drivers/STM32F0xx_HAL_Driver/Src/stm32f0xx_hal_rcc.c **** 
 177              		.loc 1 273 3 view .LVU47
 178 009a 1A63     		str	r2, [r3, #48]
 276:Drivers/STM32F0xx_HAL_Driver/Src/stm32f0xx_hal_rcc.c **** 
 179              		.loc 1 276 3 view .LVU48
 180 009c 9A60     		str	r2, [r3, #8]
 279:Drivers/STM32F0xx_HAL_Driver/Src/stm32f0xx_hal_rcc.c **** 
 181              		.loc 1 279 3 view .LVU49
 182 009e 596A     		ldr	r1, [r3, #36]
 183 00a0 8022     		movs	r2, #128
 184 00a2 5204     		lsls	r2, r2, #17
 185 00a4 0A43     		orrs	r2, r1
 186 00a6 5A62     		str	r2, [r3, #36]
 281:Drivers/STM32F0xx_HAL_Driver/Src/stm32f0xx_hal_rcc.c **** }
 187              		.loc 1 281 3 view .LVU50
 281:Drivers/STM32F0xx_HAL_Driver/Src/stm32f0xx_hal_rcc.c **** }
 188              		.loc 1 281 10 is_stmt 0 view .LVU51
 189 00a8 BDE7     		b	.L3
 190              	.L18:
 191 00aa C046     		.align	2
 192              	.L17:
 193 00ac 00100240 		.word	1073876992
 194 00b0 0CF8FFF0 		.word	-251660276
 195 00b4 88130000 		.word	5000
ARM GAS  C:\Users\three\AppData\Local\Temp\cci8ra5h.s 			page 10


 196 00b8 00000000 		.word	SystemCoreClock
 197 00bc 00127A00 		.word	8000000
 198 00c0 00000000 		.word	uwTickPrio
 199 00c4 FFFFF6FE 		.word	-17367041
 200 00c8 FFFFFBFF 		.word	-262145
 201              		.cfi_endproc
 202              	.LFE40:
 204              		.section	.text.HAL_RCC_OscConfig,"ax",%progbits
 205              		.align	1
 206              		.global	HAL_RCC_OscConfig
 207              		.syntax unified
 208              		.code	16
 209              		.thumb_func
 211              	HAL_RCC_OscConfig:
 212              	.LVL14:
 213              	.LFB41:
 283:Drivers/STM32F0xx_HAL_Driver/Src/stm32f0xx_hal_rcc.c **** 
 284:Drivers/STM32F0xx_HAL_Driver/Src/stm32f0xx_hal_rcc.c **** /**
 285:Drivers/STM32F0xx_HAL_Driver/Src/stm32f0xx_hal_rcc.c ****   * @brief  Initializes the RCC Oscillators according to the specified parameters in the
 286:Drivers/STM32F0xx_HAL_Driver/Src/stm32f0xx_hal_rcc.c ****   *         RCC_OscInitTypeDef.
 287:Drivers/STM32F0xx_HAL_Driver/Src/stm32f0xx_hal_rcc.c ****   * @param  RCC_OscInitStruct pointer to an RCC_OscInitTypeDef structure that
 288:Drivers/STM32F0xx_HAL_Driver/Src/stm32f0xx_hal_rcc.c ****   *         contains the configuration information for the RCC Oscillators.
 289:Drivers/STM32F0xx_HAL_Driver/Src/stm32f0xx_hal_rcc.c ****   * @note   The PLL is not disabled when used as system clock.
 290:Drivers/STM32F0xx_HAL_Driver/Src/stm32f0xx_hal_rcc.c ****   * @note   Transitions LSE Bypass to LSE On and LSE On to LSE Bypass are not
 291:Drivers/STM32F0xx_HAL_Driver/Src/stm32f0xx_hal_rcc.c ****   *         supported by this macro. User should request a transition to LSE Off
 292:Drivers/STM32F0xx_HAL_Driver/Src/stm32f0xx_hal_rcc.c ****   *         first and then LSE On or LSE Bypass.
 293:Drivers/STM32F0xx_HAL_Driver/Src/stm32f0xx_hal_rcc.c ****   * @note   Transition HSE Bypass to HSE On and HSE On to HSE Bypass are not
 294:Drivers/STM32F0xx_HAL_Driver/Src/stm32f0xx_hal_rcc.c ****   *         supported by this macro. User should request a transition to HSE Off
 295:Drivers/STM32F0xx_HAL_Driver/Src/stm32f0xx_hal_rcc.c ****   *         first and then HSE On or HSE Bypass.
 296:Drivers/STM32F0xx_HAL_Driver/Src/stm32f0xx_hal_rcc.c ****   * @retval HAL status
 297:Drivers/STM32F0xx_HAL_Driver/Src/stm32f0xx_hal_rcc.c ****   */
 298:Drivers/STM32F0xx_HAL_Driver/Src/stm32f0xx_hal_rcc.c **** HAL_StatusTypeDef HAL_RCC_OscConfig(RCC_OscInitTypeDef  *RCC_OscInitStruct)
 299:Drivers/STM32F0xx_HAL_Driver/Src/stm32f0xx_hal_rcc.c **** {
 214              		.loc 1 299 1 is_stmt 1 view -0
 215              		.cfi_startproc
 216              		@ args = 0, pretend = 0, frame = 8
 217              		@ frame_needed = 0, uses_anonymous_args = 0
 218              		.loc 1 299 1 is_stmt 0 view .LVU53
 219 0000 70B5     		push	{r4, r5, r6, lr}
 220              	.LCFI1:
 221              		.cfi_def_cfa_offset 16
 222              		.cfi_offset 4, -16
 223              		.cfi_offset 5, -12
 224              		.cfi_offset 6, -8
 225              		.cfi_offset 14, -4
 226 0002 82B0     		sub	sp, sp, #8
 227              	.LCFI2:
 228              		.cfi_def_cfa_offset 24
 229 0004 041E     		subs	r4, r0, #0
 300:Drivers/STM32F0xx_HAL_Driver/Src/stm32f0xx_hal_rcc.c ****   uint32_t tickstart;
 230              		.loc 1 300 3 is_stmt 1 view .LVU54
 301:Drivers/STM32F0xx_HAL_Driver/Src/stm32f0xx_hal_rcc.c ****   uint32_t pll_config;
 231              		.loc 1 301 3 view .LVU55
 302:Drivers/STM32F0xx_HAL_Driver/Src/stm32f0xx_hal_rcc.c ****   uint32_t pll_config2;
 232              		.loc 1 302 3 view .LVU56
 303:Drivers/STM32F0xx_HAL_Driver/Src/stm32f0xx_hal_rcc.c **** 
 304:Drivers/STM32F0xx_HAL_Driver/Src/stm32f0xx_hal_rcc.c ****   /* Check Null pointer */
ARM GAS  C:\Users\three\AppData\Local\Temp\cci8ra5h.s 			page 11


 305:Drivers/STM32F0xx_HAL_Driver/Src/stm32f0xx_hal_rcc.c ****   if(RCC_OscInitStruct == NULL)
 233              		.loc 1 305 3 view .LVU57
 234              		.loc 1 305 5 is_stmt 0 view .LVU58
 235 0006 00D1     		bne	.LCB195
 236 0008 2EE2     		b	.L78	@long jump
 237              	.LCB195:
 306:Drivers/STM32F0xx_HAL_Driver/Src/stm32f0xx_hal_rcc.c ****   {
 307:Drivers/STM32F0xx_HAL_Driver/Src/stm32f0xx_hal_rcc.c ****     return HAL_ERROR;
 308:Drivers/STM32F0xx_HAL_Driver/Src/stm32f0xx_hal_rcc.c ****   }
 309:Drivers/STM32F0xx_HAL_Driver/Src/stm32f0xx_hal_rcc.c **** 
 310:Drivers/STM32F0xx_HAL_Driver/Src/stm32f0xx_hal_rcc.c ****   /* Check the parameters */
 311:Drivers/STM32F0xx_HAL_Driver/Src/stm32f0xx_hal_rcc.c ****   assert_param(IS_RCC_OSCILLATORTYPE(RCC_OscInitStruct->OscillatorType));
 238              		.loc 1 311 3 is_stmt 1 view .LVU59
 312:Drivers/STM32F0xx_HAL_Driver/Src/stm32f0xx_hal_rcc.c **** 
 313:Drivers/STM32F0xx_HAL_Driver/Src/stm32f0xx_hal_rcc.c ****   /*------------------------------- HSE Configuration ------------------------*/ 
 314:Drivers/STM32F0xx_HAL_Driver/Src/stm32f0xx_hal_rcc.c ****   if(((RCC_OscInitStruct->OscillatorType) & RCC_OSCILLATORTYPE_HSE) == RCC_OSCILLATORTYPE_HSE)
 239              		.loc 1 314 3 view .LVU60
 240              		.loc 1 314 25 is_stmt 0 view .LVU61
 241 000a 0368     		ldr	r3, [r0]
 242              		.loc 1 314 5 view .LVU62
 243 000c DB07     		lsls	r3, r3, #31
 244 000e 26D5     		bpl	.L21
 315:Drivers/STM32F0xx_HAL_Driver/Src/stm32f0xx_hal_rcc.c ****   {
 316:Drivers/STM32F0xx_HAL_Driver/Src/stm32f0xx_hal_rcc.c ****     /* Check the parameters */
 317:Drivers/STM32F0xx_HAL_Driver/Src/stm32f0xx_hal_rcc.c ****     assert_param(IS_RCC_HSE(RCC_OscInitStruct->HSEState));
 245              		.loc 1 317 5 is_stmt 1 view .LVU63
 318:Drivers/STM32F0xx_HAL_Driver/Src/stm32f0xx_hal_rcc.c **** 
 319:Drivers/STM32F0xx_HAL_Driver/Src/stm32f0xx_hal_rcc.c ****     /* When the HSE is used as system clock or clock source for PLL in these cases it is not allowe
 320:Drivers/STM32F0xx_HAL_Driver/Src/stm32f0xx_hal_rcc.c ****     if((__HAL_RCC_GET_SYSCLK_SOURCE() == RCC_SYSCLKSOURCE_STATUS_HSE) 
 246              		.loc 1 320 5 view .LVU64
 247              		.loc 1 320 9 is_stmt 0 view .LVU65
 248 0010 AE4B     		ldr	r3, .L127
 249 0012 5A68     		ldr	r2, [r3, #4]
 250 0014 0C23     		movs	r3, #12
 251 0016 1340     		ands	r3, r2
 252              		.loc 1 320 7 view .LVU66
 253 0018 042B     		cmp	r3, #4
 254 001a 18D0     		beq	.L22
 321:Drivers/STM32F0xx_HAL_Driver/Src/stm32f0xx_hal_rcc.c ****        || ((__HAL_RCC_GET_SYSCLK_SOURCE() == RCC_SYSCLKSOURCE_STATUS_PLLCLK) && (__HAL_RCC_GET_PLL_
 255              		.loc 1 321 13 view .LVU67
 256 001c AB4B     		ldr	r3, .L127
 257 001e 5A68     		ldr	r2, [r3, #4]
 258 0020 0C23     		movs	r3, #12
 259 0022 1340     		ands	r3, r2
 260              		.loc 1 321 8 view .LVU68
 261 0024 082B     		cmp	r3, #8
 262 0026 0ED0     		beq	.L111
 263              	.L23:
 322:Drivers/STM32F0xx_HAL_Driver/Src/stm32f0xx_hal_rcc.c ****     {
 323:Drivers/STM32F0xx_HAL_Driver/Src/stm32f0xx_hal_rcc.c ****       if((__HAL_RCC_GET_FLAG(RCC_FLAG_HSERDY) != RESET) && (RCC_OscInitStruct->HSEState == RCC_HSE_
 324:Drivers/STM32F0xx_HAL_Driver/Src/stm32f0xx_hal_rcc.c ****       {
 325:Drivers/STM32F0xx_HAL_Driver/Src/stm32f0xx_hal_rcc.c ****         return HAL_ERROR;
 326:Drivers/STM32F0xx_HAL_Driver/Src/stm32f0xx_hal_rcc.c ****       }
 327:Drivers/STM32F0xx_HAL_Driver/Src/stm32f0xx_hal_rcc.c ****     }
 328:Drivers/STM32F0xx_HAL_Driver/Src/stm32f0xx_hal_rcc.c ****     else
 329:Drivers/STM32F0xx_HAL_Driver/Src/stm32f0xx_hal_rcc.c ****     {
 330:Drivers/STM32F0xx_HAL_Driver/Src/stm32f0xx_hal_rcc.c ****       /* Set the new HSE configuration ---------------------------------------*/
ARM GAS  C:\Users\three\AppData\Local\Temp\cci8ra5h.s 			page 12


 331:Drivers/STM32F0xx_HAL_Driver/Src/stm32f0xx_hal_rcc.c ****       __HAL_RCC_HSE_CONFIG(RCC_OscInitStruct->HSEState);
 264              		.loc 1 331 7 is_stmt 1 view .LVU69
 265              		.loc 1 331 7 view .LVU70
 266 0028 6368     		ldr	r3, [r4, #4]
 267 002a 012B     		cmp	r3, #1
 268 002c 3CD0     		beq	.L112
 269              		.loc 1 331 7 discriminator 2 view .LVU71
 270 002e 002B     		cmp	r3, #0
 271 0030 51D1     		bne	.L26
 272              		.loc 1 331 7 discriminator 3 view .LVU72
 273 0032 A64B     		ldr	r3, .L127
 274 0034 1A68     		ldr	r2, [r3]
 275 0036 A649     		ldr	r1, .L127+4
 276 0038 0A40     		ands	r2, r1
 277 003a 1A60     		str	r2, [r3]
 278              		.loc 1 331 7 view .LVU73
 279              		.loc 1 331 7 is_stmt 0 discriminator 3 view .LVU74
 280 003c 1A68     		ldr	r2, [r3]
 281 003e A549     		ldr	r1, .L127+8
 282 0040 0A40     		ands	r2, r1
 283 0042 1A60     		str	r2, [r3]
 284 0044 36E0     		b	.L25
 285              	.L111:
 321:Drivers/STM32F0xx_HAL_Driver/Src/stm32f0xx_hal_rcc.c ****        || ((__HAL_RCC_GET_SYSCLK_SOURCE() == RCC_SYSCLKSOURCE_STATUS_PLLCLK) && (__HAL_RCC_GET_PLL_
 286              		.loc 1 321 82 discriminator 1 view .LVU75
 287 0046 A14B     		ldr	r3, .L127
 288 0048 5B68     		ldr	r3, [r3, #4]
 321:Drivers/STM32F0xx_HAL_Driver/Src/stm32f0xx_hal_rcc.c ****        || ((__HAL_RCC_GET_SYSCLK_SOURCE() == RCC_SYSCLKSOURCE_STATUS_PLLCLK) && (__HAL_RCC_GET_PLL_
 289              		.loc 1 321 78 discriminator 1 view .LVU76
 290 004a DB03     		lsls	r3, r3, #15
 291 004c ECD5     		bpl	.L23
 292              	.L22:
 323:Drivers/STM32F0xx_HAL_Driver/Src/stm32f0xx_hal_rcc.c ****       {
 293              		.loc 1 323 7 is_stmt 1 view .LVU77
 323:Drivers/STM32F0xx_HAL_Driver/Src/stm32f0xx_hal_rcc.c ****       {
 294              		.loc 1 323 11 is_stmt 0 view .LVU78
 295 004e 9F4B     		ldr	r3, .L127
 296 0050 1B68     		ldr	r3, [r3]
 323:Drivers/STM32F0xx_HAL_Driver/Src/stm32f0xx_hal_rcc.c ****       {
 297              		.loc 1 323 9 view .LVU79
 298 0052 9B03     		lsls	r3, r3, #14
 299 0054 03D5     		bpl	.L21
 323:Drivers/STM32F0xx_HAL_Driver/Src/stm32f0xx_hal_rcc.c ****       {
 300              		.loc 1 323 78 discriminator 1 view .LVU80
 301 0056 6368     		ldr	r3, [r4, #4]
 323:Drivers/STM32F0xx_HAL_Driver/Src/stm32f0xx_hal_rcc.c ****       {
 302              		.loc 1 323 57 discriminator 1 view .LVU81
 303 0058 002B     		cmp	r3, #0
 304 005a 00D1     		bne	.LCB258
 305 005c 07E2     		b	.L113	@long jump
 306              	.LCB258:
 307              	.LVL15:
 308              	.L21:
 332:Drivers/STM32F0xx_HAL_Driver/Src/stm32f0xx_hal_rcc.c ****       
 333:Drivers/STM32F0xx_HAL_Driver/Src/stm32f0xx_hal_rcc.c **** 
 334:Drivers/STM32F0xx_HAL_Driver/Src/stm32f0xx_hal_rcc.c ****        /* Check the HSE State */
 335:Drivers/STM32F0xx_HAL_Driver/Src/stm32f0xx_hal_rcc.c ****       if(RCC_OscInitStruct->HSEState != RCC_HSE_OFF)
ARM GAS  C:\Users\three\AppData\Local\Temp\cci8ra5h.s 			page 13


 336:Drivers/STM32F0xx_HAL_Driver/Src/stm32f0xx_hal_rcc.c ****       {
 337:Drivers/STM32F0xx_HAL_Driver/Src/stm32f0xx_hal_rcc.c ****         /* Get Start Tick */
 338:Drivers/STM32F0xx_HAL_Driver/Src/stm32f0xx_hal_rcc.c ****         tickstart = HAL_GetTick();
 339:Drivers/STM32F0xx_HAL_Driver/Src/stm32f0xx_hal_rcc.c ****         
 340:Drivers/STM32F0xx_HAL_Driver/Src/stm32f0xx_hal_rcc.c ****         /* Wait till HSE is ready */
 341:Drivers/STM32F0xx_HAL_Driver/Src/stm32f0xx_hal_rcc.c ****         while(__HAL_RCC_GET_FLAG(RCC_FLAG_HSERDY) == RESET)
 342:Drivers/STM32F0xx_HAL_Driver/Src/stm32f0xx_hal_rcc.c ****         {
 343:Drivers/STM32F0xx_HAL_Driver/Src/stm32f0xx_hal_rcc.c ****           if((HAL_GetTick() - tickstart ) > HSE_TIMEOUT_VALUE)
 344:Drivers/STM32F0xx_HAL_Driver/Src/stm32f0xx_hal_rcc.c ****           {
 345:Drivers/STM32F0xx_HAL_Driver/Src/stm32f0xx_hal_rcc.c ****             return HAL_TIMEOUT;
 346:Drivers/STM32F0xx_HAL_Driver/Src/stm32f0xx_hal_rcc.c ****           }
 347:Drivers/STM32F0xx_HAL_Driver/Src/stm32f0xx_hal_rcc.c ****         }
 348:Drivers/STM32F0xx_HAL_Driver/Src/stm32f0xx_hal_rcc.c ****       }
 349:Drivers/STM32F0xx_HAL_Driver/Src/stm32f0xx_hal_rcc.c ****       else
 350:Drivers/STM32F0xx_HAL_Driver/Src/stm32f0xx_hal_rcc.c ****       {
 351:Drivers/STM32F0xx_HAL_Driver/Src/stm32f0xx_hal_rcc.c ****         /* Get Start Tick */
 352:Drivers/STM32F0xx_HAL_Driver/Src/stm32f0xx_hal_rcc.c ****         tickstart = HAL_GetTick();
 353:Drivers/STM32F0xx_HAL_Driver/Src/stm32f0xx_hal_rcc.c ****         
 354:Drivers/STM32F0xx_HAL_Driver/Src/stm32f0xx_hal_rcc.c ****         /* Wait till HSE is disabled */
 355:Drivers/STM32F0xx_HAL_Driver/Src/stm32f0xx_hal_rcc.c ****         while(__HAL_RCC_GET_FLAG(RCC_FLAG_HSERDY) != RESET)
 356:Drivers/STM32F0xx_HAL_Driver/Src/stm32f0xx_hal_rcc.c ****         {
 357:Drivers/STM32F0xx_HAL_Driver/Src/stm32f0xx_hal_rcc.c ****            if((HAL_GetTick() - tickstart ) > HSE_TIMEOUT_VALUE)
 358:Drivers/STM32F0xx_HAL_Driver/Src/stm32f0xx_hal_rcc.c ****           {
 359:Drivers/STM32F0xx_HAL_Driver/Src/stm32f0xx_hal_rcc.c ****             return HAL_TIMEOUT;
 360:Drivers/STM32F0xx_HAL_Driver/Src/stm32f0xx_hal_rcc.c ****           }
 361:Drivers/STM32F0xx_HAL_Driver/Src/stm32f0xx_hal_rcc.c ****         }
 362:Drivers/STM32F0xx_HAL_Driver/Src/stm32f0xx_hal_rcc.c ****       }
 363:Drivers/STM32F0xx_HAL_Driver/Src/stm32f0xx_hal_rcc.c ****     }
 364:Drivers/STM32F0xx_HAL_Driver/Src/stm32f0xx_hal_rcc.c ****   }
 365:Drivers/STM32F0xx_HAL_Driver/Src/stm32f0xx_hal_rcc.c ****   /*----------------------------- HSI Configuration --------------------------*/ 
 366:Drivers/STM32F0xx_HAL_Driver/Src/stm32f0xx_hal_rcc.c ****   if(((RCC_OscInitStruct->OscillatorType) & RCC_OSCILLATORTYPE_HSI) == RCC_OSCILLATORTYPE_HSI)
 309              		.loc 1 366 3 is_stmt 1 view .LVU82
 310              		.loc 1 366 25 is_stmt 0 view .LVU83
 311 005e 2368     		ldr	r3, [r4]
 312              		.loc 1 366 5 view .LVU84
 313 0060 9B07     		lsls	r3, r3, #30
 314 0062 72D5     		bpl	.L33
 367:Drivers/STM32F0xx_HAL_Driver/Src/stm32f0xx_hal_rcc.c ****   {
 368:Drivers/STM32F0xx_HAL_Driver/Src/stm32f0xx_hal_rcc.c ****     /* Check the parameters */
 369:Drivers/STM32F0xx_HAL_Driver/Src/stm32f0xx_hal_rcc.c ****     assert_param(IS_RCC_HSI(RCC_OscInitStruct->HSIState));
 315              		.loc 1 369 5 is_stmt 1 view .LVU85
 370:Drivers/STM32F0xx_HAL_Driver/Src/stm32f0xx_hal_rcc.c ****     assert_param(IS_RCC_CALIBRATION_VALUE(RCC_OscInitStruct->HSICalibrationValue));
 316              		.loc 1 370 5 view .LVU86
 371:Drivers/STM32F0xx_HAL_Driver/Src/stm32f0xx_hal_rcc.c ****     
 372:Drivers/STM32F0xx_HAL_Driver/Src/stm32f0xx_hal_rcc.c ****     /* Check if HSI is used as system clock or as PLL source when PLL is selected as system clock *
 373:Drivers/STM32F0xx_HAL_Driver/Src/stm32f0xx_hal_rcc.c ****     if((__HAL_RCC_GET_SYSCLK_SOURCE() == RCC_SYSCLKSOURCE_STATUS_HSI) 
 317              		.loc 1 373 5 view .LVU87
 318              		.loc 1 373 9 is_stmt 0 view .LVU88
 319 0064 994B     		ldr	r3, .L127
 320 0066 5B68     		ldr	r3, [r3, #4]
 321 0068 0C22     		movs	r2, #12
 322              		.loc 1 373 7 view .LVU89
 323 006a 1A42     		tst	r2, r3
 324 006c 5DD0     		beq	.L34
 374:Drivers/STM32F0xx_HAL_Driver/Src/stm32f0xx_hal_rcc.c ****        || ((__HAL_RCC_GET_SYSCLK_SOURCE() == RCC_SYSCLKSOURCE_STATUS_PLLCLK) && (__HAL_RCC_GET_PLL_
 325              		.loc 1 374 13 view .LVU90
 326 006e 974B     		ldr	r3, .L127
ARM GAS  C:\Users\three\AppData\Local\Temp\cci8ra5h.s 			page 14


 327 0070 5A68     		ldr	r2, [r3, #4]
 328 0072 0C23     		movs	r3, #12
 329 0074 1340     		ands	r3, r2
 330              		.loc 1 374 8 view .LVU91
 331 0076 082B     		cmp	r3, #8
 332 0078 53D0     		beq	.L114
 333              	.L35:
 375:Drivers/STM32F0xx_HAL_Driver/Src/stm32f0xx_hal_rcc.c ****     {
 376:Drivers/STM32F0xx_HAL_Driver/Src/stm32f0xx_hal_rcc.c ****       /* When HSI is used as system clock it will not disabled */
 377:Drivers/STM32F0xx_HAL_Driver/Src/stm32f0xx_hal_rcc.c ****       if((__HAL_RCC_GET_FLAG(RCC_FLAG_HSIRDY) != RESET) && (RCC_OscInitStruct->HSIState != RCC_HSI_
 378:Drivers/STM32F0xx_HAL_Driver/Src/stm32f0xx_hal_rcc.c ****       {
 379:Drivers/STM32F0xx_HAL_Driver/Src/stm32f0xx_hal_rcc.c ****         return HAL_ERROR;
 380:Drivers/STM32F0xx_HAL_Driver/Src/stm32f0xx_hal_rcc.c ****       }
 381:Drivers/STM32F0xx_HAL_Driver/Src/stm32f0xx_hal_rcc.c ****       /* Otherwise, just the calibration is allowed */
 382:Drivers/STM32F0xx_HAL_Driver/Src/stm32f0xx_hal_rcc.c ****       else
 383:Drivers/STM32F0xx_HAL_Driver/Src/stm32f0xx_hal_rcc.c ****       {
 384:Drivers/STM32F0xx_HAL_Driver/Src/stm32f0xx_hal_rcc.c ****         /* Adjusts the Internal High Speed oscillator (HSI) calibration value.*/
 385:Drivers/STM32F0xx_HAL_Driver/Src/stm32f0xx_hal_rcc.c ****         __HAL_RCC_HSI_CALIBRATIONVALUE_ADJUST(RCC_OscInitStruct->HSICalibrationValue);
 386:Drivers/STM32F0xx_HAL_Driver/Src/stm32f0xx_hal_rcc.c ****       }
 387:Drivers/STM32F0xx_HAL_Driver/Src/stm32f0xx_hal_rcc.c ****     }
 388:Drivers/STM32F0xx_HAL_Driver/Src/stm32f0xx_hal_rcc.c ****     else
 389:Drivers/STM32F0xx_HAL_Driver/Src/stm32f0xx_hal_rcc.c ****     {
 390:Drivers/STM32F0xx_HAL_Driver/Src/stm32f0xx_hal_rcc.c ****       /* Check the HSI State */
 391:Drivers/STM32F0xx_HAL_Driver/Src/stm32f0xx_hal_rcc.c ****       if(RCC_OscInitStruct->HSIState != RCC_HSI_OFF)
 334              		.loc 1 391 7 is_stmt 1 view .LVU92
 335              		.loc 1 391 27 is_stmt 0 view .LVU93
 336 007a E368     		ldr	r3, [r4, #12]
 337              		.loc 1 391 9 view .LVU94
 338 007c 002B     		cmp	r3, #0
 339 007e 00D1     		bne	.LCB286
 340 0080 85E0     		b	.L37	@long jump
 341              	.LCB286:
 392:Drivers/STM32F0xx_HAL_Driver/Src/stm32f0xx_hal_rcc.c ****       {
 393:Drivers/STM32F0xx_HAL_Driver/Src/stm32f0xx_hal_rcc.c ****        /* Enable the Internal High Speed oscillator (HSI). */
 394:Drivers/STM32F0xx_HAL_Driver/Src/stm32f0xx_hal_rcc.c ****         __HAL_RCC_HSI_ENABLE();
 342              		.loc 1 394 9 is_stmt 1 view .LVU95
 343 0082 924A     		ldr	r2, .L127
 344 0084 1368     		ldr	r3, [r2]
 345 0086 0121     		movs	r1, #1
 346 0088 0B43     		orrs	r3, r1
 347 008a 1360     		str	r3, [r2]
 395:Drivers/STM32F0xx_HAL_Driver/Src/stm32f0xx_hal_rcc.c ****         
 396:Drivers/STM32F0xx_HAL_Driver/Src/stm32f0xx_hal_rcc.c ****         /* Get Start Tick */
 397:Drivers/STM32F0xx_HAL_Driver/Src/stm32f0xx_hal_rcc.c ****         tickstart = HAL_GetTick();
 348              		.loc 1 397 9 view .LVU96
 349              		.loc 1 397 21 is_stmt 0 view .LVU97
 350 008c FFF7FEFF 		bl	HAL_GetTick
 351              	.LVL16:
 352 0090 0500     		movs	r5, r0
 353              	.LVL17:
 398:Drivers/STM32F0xx_HAL_Driver/Src/stm32f0xx_hal_rcc.c ****         
 399:Drivers/STM32F0xx_HAL_Driver/Src/stm32f0xx_hal_rcc.c ****         /* Wait till HSI is ready */
 400:Drivers/STM32F0xx_HAL_Driver/Src/stm32f0xx_hal_rcc.c ****         while(__HAL_RCC_GET_FLAG(RCC_FLAG_HSIRDY) == RESET)
 354              		.loc 1 400 9 is_stmt 1 view .LVU98
 355              	.L38:
 356              		.loc 1 400 51 view .LVU99
 357              		.loc 1 400 15 is_stmt 0 view .LVU100
ARM GAS  C:\Users\three\AppData\Local\Temp\cci8ra5h.s 			page 15


 358 0092 8E4B     		ldr	r3, .L127
 359 0094 1B68     		ldr	r3, [r3]
 360              		.loc 1 400 51 view .LVU101
 361 0096 9B07     		lsls	r3, r3, #30
 362 0098 70D4     		bmi	.L115
 401:Drivers/STM32F0xx_HAL_Driver/Src/stm32f0xx_hal_rcc.c ****         {
 402:Drivers/STM32F0xx_HAL_Driver/Src/stm32f0xx_hal_rcc.c ****           if((HAL_GetTick() - tickstart ) > HSI_TIMEOUT_VALUE)
 363              		.loc 1 402 11 is_stmt 1 view .LVU102
 364              		.loc 1 402 15 is_stmt 0 view .LVU103
 365 009a FFF7FEFF 		bl	HAL_GetTick
 366              	.LVL18:
 367              		.loc 1 402 29 discriminator 1 view .LVU104
 368 009e 401B     		subs	r0, r0, r5
 369              		.loc 1 402 13 discriminator 1 view .LVU105
 370 00a0 0228     		cmp	r0, #2
 371 00a2 F6D9     		bls	.L38
 403:Drivers/STM32F0xx_HAL_Driver/Src/stm32f0xx_hal_rcc.c ****           {
 404:Drivers/STM32F0xx_HAL_Driver/Src/stm32f0xx_hal_rcc.c ****             return HAL_TIMEOUT;
 372              		.loc 1 404 20 view .LVU106
 373 00a4 0320     		movs	r0, #3
 374 00a6 E0E1     		b	.L20
 375              	.LVL19:
 376              	.L112:
 331:Drivers/STM32F0xx_HAL_Driver/Src/stm32f0xx_hal_rcc.c ****       
 377              		.loc 1 331 7 is_stmt 1 discriminator 1 view .LVU107
 378 00a8 884A     		ldr	r2, .L127
 379 00aa 1168     		ldr	r1, [r2]
 380 00ac 8023     		movs	r3, #128
 381 00ae 5B02     		lsls	r3, r3, #9
 382 00b0 0B43     		orrs	r3, r1
 383 00b2 1360     		str	r3, [r2]
 384              	.L25:
 331:Drivers/STM32F0xx_HAL_Driver/Src/stm32f0xx_hal_rcc.c ****       
 385              		.loc 1 331 7 view .LVU108
 335:Drivers/STM32F0xx_HAL_Driver/Src/stm32f0xx_hal_rcc.c ****       {
 386              		.loc 1 335 7 view .LVU109
 335:Drivers/STM32F0xx_HAL_Driver/Src/stm32f0xx_hal_rcc.c ****       {
 387              		.loc 1 335 27 is_stmt 0 view .LVU110
 388 00b4 6368     		ldr	r3, [r4, #4]
 335:Drivers/STM32F0xx_HAL_Driver/Src/stm32f0xx_hal_rcc.c ****       {
 389              		.loc 1 335 9 view .LVU111
 390 00b6 002B     		cmp	r3, #0
 391 00b8 25D0     		beq	.L28
 338:Drivers/STM32F0xx_HAL_Driver/Src/stm32f0xx_hal_rcc.c ****         
 392              		.loc 1 338 9 is_stmt 1 view .LVU112
 338:Drivers/STM32F0xx_HAL_Driver/Src/stm32f0xx_hal_rcc.c ****         
 393              		.loc 1 338 21 is_stmt 0 view .LVU113
 394 00ba FFF7FEFF 		bl	HAL_GetTick
 395              	.LVL20:
 338:Drivers/STM32F0xx_HAL_Driver/Src/stm32f0xx_hal_rcc.c ****         
 396              		.loc 1 338 21 view .LVU114
 397 00be 0500     		movs	r5, r0
 398              	.LVL21:
 341:Drivers/STM32F0xx_HAL_Driver/Src/stm32f0xx_hal_rcc.c ****         {
 399              		.loc 1 341 9 is_stmt 1 view .LVU115
 400              	.L29:
 341:Drivers/STM32F0xx_HAL_Driver/Src/stm32f0xx_hal_rcc.c ****         {
ARM GAS  C:\Users\three\AppData\Local\Temp\cci8ra5h.s 			page 16


 401              		.loc 1 341 51 view .LVU116
 341:Drivers/STM32F0xx_HAL_Driver/Src/stm32f0xx_hal_rcc.c ****         {
 402              		.loc 1 341 15 is_stmt 0 view .LVU117
 403 00c0 824B     		ldr	r3, .L127
 404 00c2 1B68     		ldr	r3, [r3]
 341:Drivers/STM32F0xx_HAL_Driver/Src/stm32f0xx_hal_rcc.c ****         {
 405              		.loc 1 341 51 view .LVU118
 406 00c4 9B03     		lsls	r3, r3, #14
 407 00c6 CAD4     		bmi	.L21
 343:Drivers/STM32F0xx_HAL_Driver/Src/stm32f0xx_hal_rcc.c ****           {
 408              		.loc 1 343 11 is_stmt 1 view .LVU119
 343:Drivers/STM32F0xx_HAL_Driver/Src/stm32f0xx_hal_rcc.c ****           {
 409              		.loc 1 343 15 is_stmt 0 view .LVU120
 410 00c8 FFF7FEFF 		bl	HAL_GetTick
 411              	.LVL22:
 343:Drivers/STM32F0xx_HAL_Driver/Src/stm32f0xx_hal_rcc.c ****           {
 412              		.loc 1 343 29 discriminator 1 view .LVU121
 413 00cc 401B     		subs	r0, r0, r5
 343:Drivers/STM32F0xx_HAL_Driver/Src/stm32f0xx_hal_rcc.c ****           {
 414              		.loc 1 343 13 discriminator 1 view .LVU122
 415 00ce 6428     		cmp	r0, #100
 416 00d0 F6D9     		bls	.L29
 345:Drivers/STM32F0xx_HAL_Driver/Src/stm32f0xx_hal_rcc.c ****           }
 417              		.loc 1 345 20 view .LVU123
 418 00d2 0320     		movs	r0, #3
 419 00d4 C9E1     		b	.L20
 420              	.LVL23:
 421              	.L26:
 331:Drivers/STM32F0xx_HAL_Driver/Src/stm32f0xx_hal_rcc.c ****       
 422              		.loc 1 331 7 is_stmt 1 discriminator 4 view .LVU124
 423 00d6 052B     		cmp	r3, #5
 424 00d8 09D0     		beq	.L116
 331:Drivers/STM32F0xx_HAL_Driver/Src/stm32f0xx_hal_rcc.c ****       
 425              		.loc 1 331 7 discriminator 6 view .LVU125
 426 00da 7C4B     		ldr	r3, .L127
 427 00dc 1A68     		ldr	r2, [r3]
 428 00de 7C49     		ldr	r1, .L127+4
 429 00e0 0A40     		ands	r2, r1
 430 00e2 1A60     		str	r2, [r3]
 331:Drivers/STM32F0xx_HAL_Driver/Src/stm32f0xx_hal_rcc.c ****       
 431              		.loc 1 331 7 view .LVU126
 331:Drivers/STM32F0xx_HAL_Driver/Src/stm32f0xx_hal_rcc.c ****       
 432              		.loc 1 331 7 is_stmt 0 discriminator 6 view .LVU127
 433 00e4 1A68     		ldr	r2, [r3]
 434 00e6 7B49     		ldr	r1, .L127+8
 435 00e8 0A40     		ands	r2, r1
 436 00ea 1A60     		str	r2, [r3]
 437 00ec E2E7     		b	.L25
 438              	.L116:
 331:Drivers/STM32F0xx_HAL_Driver/Src/stm32f0xx_hal_rcc.c ****       
 439              		.loc 1 331 7 is_stmt 1 discriminator 5 view .LVU128
 440 00ee 774B     		ldr	r3, .L127
 441 00f0 1968     		ldr	r1, [r3]
 442 00f2 8022     		movs	r2, #128
 443 00f4 D202     		lsls	r2, r2, #11
 444 00f6 0A43     		orrs	r2, r1
 445 00f8 1A60     		str	r2, [r3]
ARM GAS  C:\Users\three\AppData\Local\Temp\cci8ra5h.s 			page 17


 331:Drivers/STM32F0xx_HAL_Driver/Src/stm32f0xx_hal_rcc.c ****       
 446              		.loc 1 331 7 view .LVU129
 331:Drivers/STM32F0xx_HAL_Driver/Src/stm32f0xx_hal_rcc.c ****       
 447              		.loc 1 331 7 is_stmt 0 discriminator 5 view .LVU130
 448 00fa 1968     		ldr	r1, [r3]
 449 00fc 8022     		movs	r2, #128
 450 00fe 5202     		lsls	r2, r2, #9
 451 0100 0A43     		orrs	r2, r1
 452 0102 1A60     		str	r2, [r3]
 453 0104 D6E7     		b	.L25
 454              	.L28:
 352:Drivers/STM32F0xx_HAL_Driver/Src/stm32f0xx_hal_rcc.c ****         
 455              		.loc 1 352 9 is_stmt 1 view .LVU131
 352:Drivers/STM32F0xx_HAL_Driver/Src/stm32f0xx_hal_rcc.c ****         
 456              		.loc 1 352 21 is_stmt 0 view .LVU132
 457 0106 FFF7FEFF 		bl	HAL_GetTick
 458              	.LVL24:
 352:Drivers/STM32F0xx_HAL_Driver/Src/stm32f0xx_hal_rcc.c ****         
 459              		.loc 1 352 21 view .LVU133
 460 010a 0500     		movs	r5, r0
 461              	.LVL25:
 355:Drivers/STM32F0xx_HAL_Driver/Src/stm32f0xx_hal_rcc.c ****         {
 462              		.loc 1 355 9 is_stmt 1 view .LVU134
 463              	.L31:
 355:Drivers/STM32F0xx_HAL_Driver/Src/stm32f0xx_hal_rcc.c ****         {
 464              		.loc 1 355 51 view .LVU135
 355:Drivers/STM32F0xx_HAL_Driver/Src/stm32f0xx_hal_rcc.c ****         {
 465              		.loc 1 355 15 is_stmt 0 view .LVU136
 466 010c 6F4B     		ldr	r3, .L127
 467 010e 1B68     		ldr	r3, [r3]
 355:Drivers/STM32F0xx_HAL_Driver/Src/stm32f0xx_hal_rcc.c ****         {
 468              		.loc 1 355 51 view .LVU137
 469 0110 9B03     		lsls	r3, r3, #14
 470 0112 A4D5     		bpl	.L21
 357:Drivers/STM32F0xx_HAL_Driver/Src/stm32f0xx_hal_rcc.c ****           {
 471              		.loc 1 357 12 is_stmt 1 view .LVU138
 357:Drivers/STM32F0xx_HAL_Driver/Src/stm32f0xx_hal_rcc.c ****           {
 472              		.loc 1 357 16 is_stmt 0 view .LVU139
 473 0114 FFF7FEFF 		bl	HAL_GetTick
 474              	.LVL26:
 357:Drivers/STM32F0xx_HAL_Driver/Src/stm32f0xx_hal_rcc.c ****           {
 475              		.loc 1 357 30 discriminator 1 view .LVU140
 476 0118 401B     		subs	r0, r0, r5
 357:Drivers/STM32F0xx_HAL_Driver/Src/stm32f0xx_hal_rcc.c ****           {
 477              		.loc 1 357 14 discriminator 1 view .LVU141
 478 011a 6428     		cmp	r0, #100
 479 011c F6D9     		bls	.L31
 359:Drivers/STM32F0xx_HAL_Driver/Src/stm32f0xx_hal_rcc.c ****           }
 480              		.loc 1 359 20 view .LVU142
 481 011e 0320     		movs	r0, #3
 482 0120 A3E1     		b	.L20
 483              	.LVL27:
 484              	.L114:
 374:Drivers/STM32F0xx_HAL_Driver/Src/stm32f0xx_hal_rcc.c ****     {
 485              		.loc 1 374 82 discriminator 1 view .LVU143
 486 0122 6A4B     		ldr	r3, .L127
 487 0124 5B68     		ldr	r3, [r3, #4]
ARM GAS  C:\Users\three\AppData\Local\Temp\cci8ra5h.s 			page 18


 374:Drivers/STM32F0xx_HAL_Driver/Src/stm32f0xx_hal_rcc.c ****     {
 488              		.loc 1 374 78 discriminator 1 view .LVU144
 489 0126 DB03     		lsls	r3, r3, #15
 490 0128 A7D4     		bmi	.L35
 491              	.L34:
 377:Drivers/STM32F0xx_HAL_Driver/Src/stm32f0xx_hal_rcc.c ****       {
 492              		.loc 1 377 7 is_stmt 1 view .LVU145
 377:Drivers/STM32F0xx_HAL_Driver/Src/stm32f0xx_hal_rcc.c ****       {
 493              		.loc 1 377 11 is_stmt 0 view .LVU146
 494 012a 684B     		ldr	r3, .L127
 495 012c 1B68     		ldr	r3, [r3]
 377:Drivers/STM32F0xx_HAL_Driver/Src/stm32f0xx_hal_rcc.c ****       {
 496              		.loc 1 377 9 view .LVU147
 497 012e 9B07     		lsls	r3, r3, #30
 498 0130 03D5     		bpl	.L36
 377:Drivers/STM32F0xx_HAL_Driver/Src/stm32f0xx_hal_rcc.c ****       {
 499              		.loc 1 377 78 discriminator 1 view .LVU148
 500 0132 E368     		ldr	r3, [r4, #12]
 377:Drivers/STM32F0xx_HAL_Driver/Src/stm32f0xx_hal_rcc.c ****       {
 501              		.loc 1 377 57 discriminator 1 view .LVU149
 502 0134 012B     		cmp	r3, #1
 503 0136 00D0     		beq	.LCB445
 504 0138 9BE1     		b	.L82	@long jump
 505              	.LCB445:
 506              	.L36:
 385:Drivers/STM32F0xx_HAL_Driver/Src/stm32f0xx_hal_rcc.c ****       }
 507              		.loc 1 385 9 is_stmt 1 view .LVU150
 508 013a 6449     		ldr	r1, .L127
 509 013c 0B68     		ldr	r3, [r1]
 510 013e F822     		movs	r2, #248
 511 0140 9343     		bics	r3, r2
 512 0142 2269     		ldr	r2, [r4, #16]
 513 0144 D200     		lsls	r2, r2, #3
 514 0146 1343     		orrs	r3, r2
 515 0148 0B60     		str	r3, [r1]
 516              	.L33:
 405:Drivers/STM32F0xx_HAL_Driver/Src/stm32f0xx_hal_rcc.c ****           }
 406:Drivers/STM32F0xx_HAL_Driver/Src/stm32f0xx_hal_rcc.c ****         }
 407:Drivers/STM32F0xx_HAL_Driver/Src/stm32f0xx_hal_rcc.c ****                 
 408:Drivers/STM32F0xx_HAL_Driver/Src/stm32f0xx_hal_rcc.c ****         /* Adjusts the Internal High Speed oscillator (HSI) calibration value.*/
 409:Drivers/STM32F0xx_HAL_Driver/Src/stm32f0xx_hal_rcc.c ****         __HAL_RCC_HSI_CALIBRATIONVALUE_ADJUST(RCC_OscInitStruct->HSICalibrationValue);
 410:Drivers/STM32F0xx_HAL_Driver/Src/stm32f0xx_hal_rcc.c ****       }
 411:Drivers/STM32F0xx_HAL_Driver/Src/stm32f0xx_hal_rcc.c ****       else
 412:Drivers/STM32F0xx_HAL_Driver/Src/stm32f0xx_hal_rcc.c ****       {
 413:Drivers/STM32F0xx_HAL_Driver/Src/stm32f0xx_hal_rcc.c ****         /* Disable the Internal High Speed oscillator (HSI). */
 414:Drivers/STM32F0xx_HAL_Driver/Src/stm32f0xx_hal_rcc.c ****         __HAL_RCC_HSI_DISABLE();
 415:Drivers/STM32F0xx_HAL_Driver/Src/stm32f0xx_hal_rcc.c ****         
 416:Drivers/STM32F0xx_HAL_Driver/Src/stm32f0xx_hal_rcc.c ****         /* Get Start Tick */
 417:Drivers/STM32F0xx_HAL_Driver/Src/stm32f0xx_hal_rcc.c ****         tickstart = HAL_GetTick();
 418:Drivers/STM32F0xx_HAL_Driver/Src/stm32f0xx_hal_rcc.c ****         
 419:Drivers/STM32F0xx_HAL_Driver/Src/stm32f0xx_hal_rcc.c ****         /* Wait till HSI is disabled */
 420:Drivers/STM32F0xx_HAL_Driver/Src/stm32f0xx_hal_rcc.c ****         while(__HAL_RCC_GET_FLAG(RCC_FLAG_HSIRDY) != RESET)
 421:Drivers/STM32F0xx_HAL_Driver/Src/stm32f0xx_hal_rcc.c ****         {
 422:Drivers/STM32F0xx_HAL_Driver/Src/stm32f0xx_hal_rcc.c ****           if((HAL_GetTick() - tickstart ) > HSI_TIMEOUT_VALUE)
 423:Drivers/STM32F0xx_HAL_Driver/Src/stm32f0xx_hal_rcc.c ****           {
 424:Drivers/STM32F0xx_HAL_Driver/Src/stm32f0xx_hal_rcc.c ****             return HAL_TIMEOUT;
 425:Drivers/STM32F0xx_HAL_Driver/Src/stm32f0xx_hal_rcc.c ****           }
ARM GAS  C:\Users\three\AppData\Local\Temp\cci8ra5h.s 			page 19


 426:Drivers/STM32F0xx_HAL_Driver/Src/stm32f0xx_hal_rcc.c ****         }
 427:Drivers/STM32F0xx_HAL_Driver/Src/stm32f0xx_hal_rcc.c ****       }
 428:Drivers/STM32F0xx_HAL_Driver/Src/stm32f0xx_hal_rcc.c ****     }
 429:Drivers/STM32F0xx_HAL_Driver/Src/stm32f0xx_hal_rcc.c ****   }
 430:Drivers/STM32F0xx_HAL_Driver/Src/stm32f0xx_hal_rcc.c ****   /*------------------------------ LSI Configuration -------------------------*/ 
 431:Drivers/STM32F0xx_HAL_Driver/Src/stm32f0xx_hal_rcc.c ****   if(((RCC_OscInitStruct->OscillatorType) & RCC_OSCILLATORTYPE_LSI) == RCC_OSCILLATORTYPE_LSI)
 517              		.loc 1 431 3 view .LVU151
 518              		.loc 1 431 25 is_stmt 0 view .LVU152
 519 014a 2368     		ldr	r3, [r4]
 520              		.loc 1 431 5 view .LVU153
 521 014c 1B07     		lsls	r3, r3, #28
 522 014e 44D5     		bpl	.L42
 432:Drivers/STM32F0xx_HAL_Driver/Src/stm32f0xx_hal_rcc.c ****   {
 433:Drivers/STM32F0xx_HAL_Driver/Src/stm32f0xx_hal_rcc.c ****     /* Check the parameters */
 434:Drivers/STM32F0xx_HAL_Driver/Src/stm32f0xx_hal_rcc.c ****     assert_param(IS_RCC_LSI(RCC_OscInitStruct->LSIState));
 523              		.loc 1 434 5 is_stmt 1 view .LVU154
 435:Drivers/STM32F0xx_HAL_Driver/Src/stm32f0xx_hal_rcc.c ****     
 436:Drivers/STM32F0xx_HAL_Driver/Src/stm32f0xx_hal_rcc.c ****     /* Check the LSI State */
 437:Drivers/STM32F0xx_HAL_Driver/Src/stm32f0xx_hal_rcc.c ****     if(RCC_OscInitStruct->LSIState != RCC_LSI_OFF)
 524              		.loc 1 437 5 view .LVU155
 525              		.loc 1 437 25 is_stmt 0 view .LVU156
 526 0150 E369     		ldr	r3, [r4, #28]
 527              		.loc 1 437 7 view .LVU157
 528 0152 002B     		cmp	r3, #0
 529 0154 2ED0     		beq	.L43
 438:Drivers/STM32F0xx_HAL_Driver/Src/stm32f0xx_hal_rcc.c ****     {
 439:Drivers/STM32F0xx_HAL_Driver/Src/stm32f0xx_hal_rcc.c ****       /* Enable the Internal Low Speed oscillator (LSI). */
 440:Drivers/STM32F0xx_HAL_Driver/Src/stm32f0xx_hal_rcc.c ****       __HAL_RCC_LSI_ENABLE();
 530              		.loc 1 440 7 is_stmt 1 view .LVU158
 531 0156 5D4A     		ldr	r2, .L127
 532 0158 536A     		ldr	r3, [r2, #36]
 533 015a 0121     		movs	r1, #1
 534 015c 0B43     		orrs	r3, r1
 535 015e 5362     		str	r3, [r2, #36]
 441:Drivers/STM32F0xx_HAL_Driver/Src/stm32f0xx_hal_rcc.c ****       
 442:Drivers/STM32F0xx_HAL_Driver/Src/stm32f0xx_hal_rcc.c ****       /* Get Start Tick */
 443:Drivers/STM32F0xx_HAL_Driver/Src/stm32f0xx_hal_rcc.c ****       tickstart = HAL_GetTick();
 536              		.loc 1 443 7 view .LVU159
 537              		.loc 1 443 19 is_stmt 0 view .LVU160
 538 0160 FFF7FEFF 		bl	HAL_GetTick
 539              	.LVL28:
 540 0164 0500     		movs	r5, r0
 541              	.LVL29:
 444:Drivers/STM32F0xx_HAL_Driver/Src/stm32f0xx_hal_rcc.c ****       
 445:Drivers/STM32F0xx_HAL_Driver/Src/stm32f0xx_hal_rcc.c ****       /* Wait till LSI is ready */  
 446:Drivers/STM32F0xx_HAL_Driver/Src/stm32f0xx_hal_rcc.c ****       while(__HAL_RCC_GET_FLAG(RCC_FLAG_LSIRDY) == RESET)
 542              		.loc 1 446 7 is_stmt 1 view .LVU161
 543              	.L44:
 544              		.loc 1 446 49 view .LVU162
 545              		.loc 1 446 13 is_stmt 0 view .LVU163
 546 0166 594B     		ldr	r3, .L127
 547 0168 5B6A     		ldr	r3, [r3, #36]
 548              		.loc 1 446 49 view .LVU164
 549 016a 9B07     		lsls	r3, r3, #30
 550 016c 35D4     		bmi	.L42
 447:Drivers/STM32F0xx_HAL_Driver/Src/stm32f0xx_hal_rcc.c ****       {
 448:Drivers/STM32F0xx_HAL_Driver/Src/stm32f0xx_hal_rcc.c ****         if((HAL_GetTick() - tickstart ) > LSI_TIMEOUT_VALUE)
ARM GAS  C:\Users\three\AppData\Local\Temp\cci8ra5h.s 			page 20


 551              		.loc 1 448 9 is_stmt 1 view .LVU165
 552              		.loc 1 448 13 is_stmt 0 view .LVU166
 553 016e FFF7FEFF 		bl	HAL_GetTick
 554              	.LVL30:
 555              		.loc 1 448 27 discriminator 1 view .LVU167
 556 0172 401B     		subs	r0, r0, r5
 557              		.loc 1 448 11 discriminator 1 view .LVU168
 558 0174 0228     		cmp	r0, #2
 559 0176 F6D9     		bls	.L44
 449:Drivers/STM32F0xx_HAL_Driver/Src/stm32f0xx_hal_rcc.c ****         {
 450:Drivers/STM32F0xx_HAL_Driver/Src/stm32f0xx_hal_rcc.c ****           return HAL_TIMEOUT;
 560              		.loc 1 450 18 view .LVU169
 561 0178 0320     		movs	r0, #3
 562 017a 76E1     		b	.L20
 563              	.L115:
 409:Drivers/STM32F0xx_HAL_Driver/Src/stm32f0xx_hal_rcc.c ****       }
 564              		.loc 1 409 9 is_stmt 1 view .LVU170
 565 017c 5349     		ldr	r1, .L127
 566 017e 0B68     		ldr	r3, [r1]
 567 0180 F822     		movs	r2, #248
 568 0182 9343     		bics	r3, r2
 569 0184 2269     		ldr	r2, [r4, #16]
 570 0186 D200     		lsls	r2, r2, #3
 571 0188 1343     		orrs	r3, r2
 572 018a 0B60     		str	r3, [r1]
 573 018c DDE7     		b	.L33
 574              	.LVL31:
 575              	.L37:
 414:Drivers/STM32F0xx_HAL_Driver/Src/stm32f0xx_hal_rcc.c ****         
 576              		.loc 1 414 9 view .LVU171
 577 018e 4F4A     		ldr	r2, .L127
 578 0190 1368     		ldr	r3, [r2]
 579 0192 0121     		movs	r1, #1
 580 0194 8B43     		bics	r3, r1
 581 0196 1360     		str	r3, [r2]
 417:Drivers/STM32F0xx_HAL_Driver/Src/stm32f0xx_hal_rcc.c ****         
 582              		.loc 1 417 9 view .LVU172
 417:Drivers/STM32F0xx_HAL_Driver/Src/stm32f0xx_hal_rcc.c ****         
 583              		.loc 1 417 21 is_stmt 0 view .LVU173
 584 0198 FFF7FEFF 		bl	HAL_GetTick
 585              	.LVL32:
 586 019c 0500     		movs	r5, r0
 587              	.LVL33:
 420:Drivers/STM32F0xx_HAL_Driver/Src/stm32f0xx_hal_rcc.c ****         {
 588              		.loc 1 420 9 is_stmt 1 view .LVU174
 589              	.L40:
 420:Drivers/STM32F0xx_HAL_Driver/Src/stm32f0xx_hal_rcc.c ****         {
 590              		.loc 1 420 51 view .LVU175
 420:Drivers/STM32F0xx_HAL_Driver/Src/stm32f0xx_hal_rcc.c ****         {
 591              		.loc 1 420 15 is_stmt 0 view .LVU176
 592 019e 4B4B     		ldr	r3, .L127
 593 01a0 1B68     		ldr	r3, [r3]
 420:Drivers/STM32F0xx_HAL_Driver/Src/stm32f0xx_hal_rcc.c ****         {
 594              		.loc 1 420 51 view .LVU177
 595 01a2 9B07     		lsls	r3, r3, #30
 596 01a4 D1D5     		bpl	.L33
 422:Drivers/STM32F0xx_HAL_Driver/Src/stm32f0xx_hal_rcc.c ****           {
ARM GAS  C:\Users\three\AppData\Local\Temp\cci8ra5h.s 			page 21


 597              		.loc 1 422 11 is_stmt 1 view .LVU178
 422:Drivers/STM32F0xx_HAL_Driver/Src/stm32f0xx_hal_rcc.c ****           {
 598              		.loc 1 422 15 is_stmt 0 view .LVU179
 599 01a6 FFF7FEFF 		bl	HAL_GetTick
 600              	.LVL34:
 422:Drivers/STM32F0xx_HAL_Driver/Src/stm32f0xx_hal_rcc.c ****           {
 601              		.loc 1 422 29 discriminator 1 view .LVU180
 602 01aa 401B     		subs	r0, r0, r5
 422:Drivers/STM32F0xx_HAL_Driver/Src/stm32f0xx_hal_rcc.c ****           {
 603              		.loc 1 422 13 discriminator 1 view .LVU181
 604 01ac 0228     		cmp	r0, #2
 605 01ae F6D9     		bls	.L40
 424:Drivers/STM32F0xx_HAL_Driver/Src/stm32f0xx_hal_rcc.c ****           }
 606              		.loc 1 424 20 view .LVU182
 607 01b0 0320     		movs	r0, #3
 608 01b2 5AE1     		b	.L20
 609              	.LVL35:
 610              	.L43:
 451:Drivers/STM32F0xx_HAL_Driver/Src/stm32f0xx_hal_rcc.c ****         }
 452:Drivers/STM32F0xx_HAL_Driver/Src/stm32f0xx_hal_rcc.c ****       }
 453:Drivers/STM32F0xx_HAL_Driver/Src/stm32f0xx_hal_rcc.c ****     }
 454:Drivers/STM32F0xx_HAL_Driver/Src/stm32f0xx_hal_rcc.c ****     else
 455:Drivers/STM32F0xx_HAL_Driver/Src/stm32f0xx_hal_rcc.c ****     {
 456:Drivers/STM32F0xx_HAL_Driver/Src/stm32f0xx_hal_rcc.c ****       /* Disable the Internal Low Speed oscillator (LSI). */
 457:Drivers/STM32F0xx_HAL_Driver/Src/stm32f0xx_hal_rcc.c ****       __HAL_RCC_LSI_DISABLE();
 611              		.loc 1 457 7 is_stmt 1 view .LVU183
 612 01b4 454A     		ldr	r2, .L127
 613 01b6 536A     		ldr	r3, [r2, #36]
 614 01b8 0121     		movs	r1, #1
 615 01ba 8B43     		bics	r3, r1
 616 01bc 5362     		str	r3, [r2, #36]
 458:Drivers/STM32F0xx_HAL_Driver/Src/stm32f0xx_hal_rcc.c ****       
 459:Drivers/STM32F0xx_HAL_Driver/Src/stm32f0xx_hal_rcc.c ****       /* Get Start Tick */
 460:Drivers/STM32F0xx_HAL_Driver/Src/stm32f0xx_hal_rcc.c ****       tickstart = HAL_GetTick();
 617              		.loc 1 460 7 view .LVU184
 618              		.loc 1 460 19 is_stmt 0 view .LVU185
 619 01be FFF7FEFF 		bl	HAL_GetTick
 620              	.LVL36:
 621 01c2 0500     		movs	r5, r0
 622              	.LVL37:
 461:Drivers/STM32F0xx_HAL_Driver/Src/stm32f0xx_hal_rcc.c ****       
 462:Drivers/STM32F0xx_HAL_Driver/Src/stm32f0xx_hal_rcc.c ****       /* Wait till LSI is disabled */  
 463:Drivers/STM32F0xx_HAL_Driver/Src/stm32f0xx_hal_rcc.c ****       while(__HAL_RCC_GET_FLAG(RCC_FLAG_LSIRDY) != RESET)
 623              		.loc 1 463 7 is_stmt 1 view .LVU186
 624              	.L46:
 625              		.loc 1 463 49 view .LVU187
 626              		.loc 1 463 13 is_stmt 0 view .LVU188
 627 01c4 414B     		ldr	r3, .L127
 628 01c6 5B6A     		ldr	r3, [r3, #36]
 629              		.loc 1 463 49 view .LVU189
 630 01c8 9B07     		lsls	r3, r3, #30
 631 01ca 06D5     		bpl	.L42
 464:Drivers/STM32F0xx_HAL_Driver/Src/stm32f0xx_hal_rcc.c ****       {
 465:Drivers/STM32F0xx_HAL_Driver/Src/stm32f0xx_hal_rcc.c ****         if((HAL_GetTick() - tickstart ) > LSI_TIMEOUT_VALUE)
 632              		.loc 1 465 9 is_stmt 1 view .LVU190
 633              		.loc 1 465 13 is_stmt 0 view .LVU191
 634 01cc FFF7FEFF 		bl	HAL_GetTick
ARM GAS  C:\Users\three\AppData\Local\Temp\cci8ra5h.s 			page 22


 635              	.LVL38:
 636              		.loc 1 465 27 discriminator 1 view .LVU192
 637 01d0 401B     		subs	r0, r0, r5
 638              		.loc 1 465 11 discriminator 1 view .LVU193
 639 01d2 0228     		cmp	r0, #2
 640 01d4 F6D9     		bls	.L46
 466:Drivers/STM32F0xx_HAL_Driver/Src/stm32f0xx_hal_rcc.c ****         {
 467:Drivers/STM32F0xx_HAL_Driver/Src/stm32f0xx_hal_rcc.c ****           return HAL_TIMEOUT;
 641              		.loc 1 467 18 view .LVU194
 642 01d6 0320     		movs	r0, #3
 643 01d8 47E1     		b	.L20
 644              	.LVL39:
 645              	.L42:
 468:Drivers/STM32F0xx_HAL_Driver/Src/stm32f0xx_hal_rcc.c ****         }
 469:Drivers/STM32F0xx_HAL_Driver/Src/stm32f0xx_hal_rcc.c ****       }
 470:Drivers/STM32F0xx_HAL_Driver/Src/stm32f0xx_hal_rcc.c ****     }
 471:Drivers/STM32F0xx_HAL_Driver/Src/stm32f0xx_hal_rcc.c ****   }
 472:Drivers/STM32F0xx_HAL_Driver/Src/stm32f0xx_hal_rcc.c ****   /*------------------------------ LSE Configuration -------------------------*/ 
 473:Drivers/STM32F0xx_HAL_Driver/Src/stm32f0xx_hal_rcc.c ****   if(((RCC_OscInitStruct->OscillatorType) & RCC_OSCILLATORTYPE_LSE) == RCC_OSCILLATORTYPE_LSE)
 646              		.loc 1 473 3 is_stmt 1 view .LVU195
 647              		.loc 1 473 25 is_stmt 0 view .LVU196
 648 01da 2368     		ldr	r3, [r4]
 649              		.loc 1 473 5 view .LVU197
 650 01dc 5B07     		lsls	r3, r3, #29
 651 01de 00D4     		bmi	.LCB592
 652 01e0 80E0     		b	.L48	@long jump
 653              	.LCB592:
 654              	.LBB2:
 474:Drivers/STM32F0xx_HAL_Driver/Src/stm32f0xx_hal_rcc.c ****   {
 475:Drivers/STM32F0xx_HAL_Driver/Src/stm32f0xx_hal_rcc.c ****     FlagStatus       pwrclkchanged = RESET;
 655              		.loc 1 475 5 is_stmt 1 view .LVU198
 656              	.LVL40:
 476:Drivers/STM32F0xx_HAL_Driver/Src/stm32f0xx_hal_rcc.c ****     
 477:Drivers/STM32F0xx_HAL_Driver/Src/stm32f0xx_hal_rcc.c ****     /* Check the parameters */
 478:Drivers/STM32F0xx_HAL_Driver/Src/stm32f0xx_hal_rcc.c ****     assert_param(IS_RCC_LSE(RCC_OscInitStruct->LSEState));
 657              		.loc 1 478 5 view .LVU199
 479:Drivers/STM32F0xx_HAL_Driver/Src/stm32f0xx_hal_rcc.c **** 
 480:Drivers/STM32F0xx_HAL_Driver/Src/stm32f0xx_hal_rcc.c ****     /* Update LSE configuration in Backup Domain control register    */
 481:Drivers/STM32F0xx_HAL_Driver/Src/stm32f0xx_hal_rcc.c ****     /* Requires to enable write access to Backup Domain of necessary */
 482:Drivers/STM32F0xx_HAL_Driver/Src/stm32f0xx_hal_rcc.c ****     if(__HAL_RCC_PWR_IS_CLK_DISABLED())
 658              		.loc 1 482 5 view .LVU200
 659              		.loc 1 482 8 is_stmt 0 view .LVU201
 660 01e2 3A4B     		ldr	r3, .L127
 661 01e4 DB69     		ldr	r3, [r3, #28]
 662              		.loc 1 482 7 view .LVU202
 663 01e6 DB00     		lsls	r3, r3, #3
 664 01e8 1DD4     		bmi	.L87
 483:Drivers/STM32F0xx_HAL_Driver/Src/stm32f0xx_hal_rcc.c ****     {
 484:Drivers/STM32F0xx_HAL_Driver/Src/stm32f0xx_hal_rcc.c ****       __HAL_RCC_PWR_CLK_ENABLE();
 665              		.loc 1 484 7 is_stmt 1 view .LVU203
 666              	.LBB3:
 667              		.loc 1 484 7 view .LVU204
 668              		.loc 1 484 7 view .LVU205
 669 01ea 384B     		ldr	r3, .L127
 670 01ec DA69     		ldr	r2, [r3, #28]
 671 01ee 8021     		movs	r1, #128
 672 01f0 4905     		lsls	r1, r1, #21
ARM GAS  C:\Users\three\AppData\Local\Temp\cci8ra5h.s 			page 23


 673 01f2 0A43     		orrs	r2, r1
 674 01f4 DA61     		str	r2, [r3, #28]
 675              		.loc 1 484 7 view .LVU206
 676 01f6 DB69     		ldr	r3, [r3, #28]
 677 01f8 0B40     		ands	r3, r1
 678 01fa 0193     		str	r3, [sp, #4]
 679              		.loc 1 484 7 view .LVU207
 680 01fc 019B     		ldr	r3, [sp, #4]
 681              	.LBE3:
 682              		.loc 1 484 7 view .LVU208
 485:Drivers/STM32F0xx_HAL_Driver/Src/stm32f0xx_hal_rcc.c ****       pwrclkchanged = SET;
 683              		.loc 1 485 7 view .LVU209
 684              	.LVL41:
 685              		.loc 1 485 21 is_stmt 0 view .LVU210
 686 01fe 0125     		movs	r5, #1
 687              	.LVL42:
 688              	.L49:
 486:Drivers/STM32F0xx_HAL_Driver/Src/stm32f0xx_hal_rcc.c ****     }
 487:Drivers/STM32F0xx_HAL_Driver/Src/stm32f0xx_hal_rcc.c ****     
 488:Drivers/STM32F0xx_HAL_Driver/Src/stm32f0xx_hal_rcc.c ****     if(HAL_IS_BIT_CLR(PWR->CR, PWR_CR_DBP))
 689              		.loc 1 488 5 is_stmt 1 view .LVU211
 690              		.loc 1 488 8 is_stmt 0 view .LVU212
 691 0200 354B     		ldr	r3, .L127+12
 692 0202 1B68     		ldr	r3, [r3]
 693              		.loc 1 488 7 view .LVU213
 694 0204 DB05     		lsls	r3, r3, #23
 695 0206 10D5     		bpl	.L117
 696              	.L50:
 489:Drivers/STM32F0xx_HAL_Driver/Src/stm32f0xx_hal_rcc.c ****     {
 490:Drivers/STM32F0xx_HAL_Driver/Src/stm32f0xx_hal_rcc.c ****       /* Enable write access to Backup domain */
 491:Drivers/STM32F0xx_HAL_Driver/Src/stm32f0xx_hal_rcc.c ****       SET_BIT(PWR->CR, PWR_CR_DBP);
 492:Drivers/STM32F0xx_HAL_Driver/Src/stm32f0xx_hal_rcc.c ****       
 493:Drivers/STM32F0xx_HAL_Driver/Src/stm32f0xx_hal_rcc.c ****       /* Wait for Backup domain Write protection disable */
 494:Drivers/STM32F0xx_HAL_Driver/Src/stm32f0xx_hal_rcc.c ****       tickstart = HAL_GetTick();
 495:Drivers/STM32F0xx_HAL_Driver/Src/stm32f0xx_hal_rcc.c **** 
 496:Drivers/STM32F0xx_HAL_Driver/Src/stm32f0xx_hal_rcc.c ****       while(HAL_IS_BIT_CLR(PWR->CR, PWR_CR_DBP))
 497:Drivers/STM32F0xx_HAL_Driver/Src/stm32f0xx_hal_rcc.c ****       {
 498:Drivers/STM32F0xx_HAL_Driver/Src/stm32f0xx_hal_rcc.c ****         if((HAL_GetTick() - tickstart) > RCC_DBP_TIMEOUT_VALUE)
 499:Drivers/STM32F0xx_HAL_Driver/Src/stm32f0xx_hal_rcc.c ****         {
 500:Drivers/STM32F0xx_HAL_Driver/Src/stm32f0xx_hal_rcc.c ****           return HAL_TIMEOUT;
 501:Drivers/STM32F0xx_HAL_Driver/Src/stm32f0xx_hal_rcc.c ****         }
 502:Drivers/STM32F0xx_HAL_Driver/Src/stm32f0xx_hal_rcc.c ****       }
 503:Drivers/STM32F0xx_HAL_Driver/Src/stm32f0xx_hal_rcc.c ****     }
 504:Drivers/STM32F0xx_HAL_Driver/Src/stm32f0xx_hal_rcc.c **** 
 505:Drivers/STM32F0xx_HAL_Driver/Src/stm32f0xx_hal_rcc.c ****     /* Set the new LSE configuration -----------------------------------------*/
 506:Drivers/STM32F0xx_HAL_Driver/Src/stm32f0xx_hal_rcc.c ****     __HAL_RCC_LSE_CONFIG(RCC_OscInitStruct->LSEState);
 697              		.loc 1 506 5 is_stmt 1 view .LVU214
 698              		.loc 1 506 5 view .LVU215
 699 0208 A368     		ldr	r3, [r4, #8]
 700 020a 012B     		cmp	r3, #1
 701 020c 21D0     		beq	.L118
 702              		.loc 1 506 5 discriminator 2 view .LVU216
 703 020e 002B     		cmp	r3, #0
 704 0210 36D1     		bne	.L55
 705              		.loc 1 506 5 discriminator 3 view .LVU217
 706 0212 2E4B     		ldr	r3, .L127
 707 0214 1A6A     		ldr	r2, [r3, #32]
ARM GAS  C:\Users\three\AppData\Local\Temp\cci8ra5h.s 			page 24


 708 0216 0121     		movs	r1, #1
 709 0218 8A43     		bics	r2, r1
 710 021a 1A62     		str	r2, [r3, #32]
 711              		.loc 1 506 5 view .LVU218
 712              		.loc 1 506 5 is_stmt 0 discriminator 3 view .LVU219
 713 021c 1A6A     		ldr	r2, [r3, #32]
 714 021e 0331     		adds	r1, r1, #3
 715 0220 8A43     		bics	r2, r1
 716 0222 1A62     		str	r2, [r3, #32]
 717 0224 1AE0     		b	.L54
 718              	.LVL43:
 719              	.L87:
 475:Drivers/STM32F0xx_HAL_Driver/Src/stm32f0xx_hal_rcc.c ****     
 720              		.loc 1 475 22 view .LVU220
 721 0226 0025     		movs	r5, #0
 722 0228 EAE7     		b	.L49
 723              	.LVL44:
 724              	.L117:
 491:Drivers/STM32F0xx_HAL_Driver/Src/stm32f0xx_hal_rcc.c ****       
 725              		.loc 1 491 7 is_stmt 1 view .LVU221
 726 022a 2B4A     		ldr	r2, .L127+12
 727 022c 1168     		ldr	r1, [r2]
 728 022e 8023     		movs	r3, #128
 729 0230 5B00     		lsls	r3, r3, #1
 730 0232 0B43     		orrs	r3, r1
 731 0234 1360     		str	r3, [r2]
 494:Drivers/STM32F0xx_HAL_Driver/Src/stm32f0xx_hal_rcc.c **** 
 732              		.loc 1 494 7 view .LVU222
 494:Drivers/STM32F0xx_HAL_Driver/Src/stm32f0xx_hal_rcc.c **** 
 733              		.loc 1 494 19 is_stmt 0 view .LVU223
 734 0236 FFF7FEFF 		bl	HAL_GetTick
 735              	.LVL45:
 736 023a 0600     		movs	r6, r0
 737              	.LVL46:
 496:Drivers/STM32F0xx_HAL_Driver/Src/stm32f0xx_hal_rcc.c ****       {
 738              		.loc 1 496 7 is_stmt 1 view .LVU224
 739              	.L51:
 496:Drivers/STM32F0xx_HAL_Driver/Src/stm32f0xx_hal_rcc.c ****       {
 740              		.loc 1 496 13 view .LVU225
 741 023c 264B     		ldr	r3, .L127+12
 742 023e 1B68     		ldr	r3, [r3]
 743 0240 DB05     		lsls	r3, r3, #23
 744 0242 E1D4     		bmi	.L50
 498:Drivers/STM32F0xx_HAL_Driver/Src/stm32f0xx_hal_rcc.c ****         {
 745              		.loc 1 498 9 view .LVU226
 498:Drivers/STM32F0xx_HAL_Driver/Src/stm32f0xx_hal_rcc.c ****         {
 746              		.loc 1 498 13 is_stmt 0 view .LVU227
 747 0244 FFF7FEFF 		bl	HAL_GetTick
 748              	.LVL47:
 498:Drivers/STM32F0xx_HAL_Driver/Src/stm32f0xx_hal_rcc.c ****         {
 749              		.loc 1 498 27 discriminator 1 view .LVU228
 750 0248 801B     		subs	r0, r0, r6
 498:Drivers/STM32F0xx_HAL_Driver/Src/stm32f0xx_hal_rcc.c ****         {
 751              		.loc 1 498 11 discriminator 1 view .LVU229
 752 024a 6428     		cmp	r0, #100
 753 024c F6D9     		bls	.L51
 500:Drivers/STM32F0xx_HAL_Driver/Src/stm32f0xx_hal_rcc.c ****         }
ARM GAS  C:\Users\three\AppData\Local\Temp\cci8ra5h.s 			page 25


 754              		.loc 1 500 18 view .LVU230
 755 024e 0320     		movs	r0, #3
 756 0250 0BE1     		b	.L20
 757              	.LVL48:
 758              	.L118:
 759              		.loc 1 506 5 is_stmt 1 discriminator 1 view .LVU231
 760 0252 1E4A     		ldr	r2, .L127
 761 0254 136A     		ldr	r3, [r2, #32]
 762 0256 0121     		movs	r1, #1
 763 0258 0B43     		orrs	r3, r1
 764 025a 1362     		str	r3, [r2, #32]
 765              	.L54:
 766              		.loc 1 506 5 view .LVU232
 507:Drivers/STM32F0xx_HAL_Driver/Src/stm32f0xx_hal_rcc.c ****     /* Check the LSE State */
 508:Drivers/STM32F0xx_HAL_Driver/Src/stm32f0xx_hal_rcc.c ****     if(RCC_OscInitStruct->LSEState != RCC_LSE_OFF)
 767              		.loc 1 508 5 view .LVU233
 768              		.loc 1 508 25 is_stmt 0 view .LVU234
 769 025c A368     		ldr	r3, [r4, #8]
 770              		.loc 1 508 7 view .LVU235
 771 025e 002B     		cmp	r3, #0
 772 0260 24D0     		beq	.L57
 509:Drivers/STM32F0xx_HAL_Driver/Src/stm32f0xx_hal_rcc.c ****     {
 510:Drivers/STM32F0xx_HAL_Driver/Src/stm32f0xx_hal_rcc.c ****       /* Get Start Tick */
 511:Drivers/STM32F0xx_HAL_Driver/Src/stm32f0xx_hal_rcc.c ****       tickstart = HAL_GetTick();
 773              		.loc 1 511 7 is_stmt 1 view .LVU236
 774              		.loc 1 511 19 is_stmt 0 view .LVU237
 775 0262 FFF7FEFF 		bl	HAL_GetTick
 776              	.LVL49:
 777 0266 0600     		movs	r6, r0
 778              	.LVL50:
 512:Drivers/STM32F0xx_HAL_Driver/Src/stm32f0xx_hal_rcc.c ****       
 513:Drivers/STM32F0xx_HAL_Driver/Src/stm32f0xx_hal_rcc.c ****       /* Wait till LSE is ready */  
 514:Drivers/STM32F0xx_HAL_Driver/Src/stm32f0xx_hal_rcc.c ****       while(__HAL_RCC_GET_FLAG(RCC_FLAG_LSERDY) == RESET)
 779              		.loc 1 514 7 is_stmt 1 view .LVU238
 780              	.L58:
 781              		.loc 1 514 49 view .LVU239
 782              		.loc 1 514 13 is_stmt 0 view .LVU240
 783 0268 184B     		ldr	r3, .L127
 784 026a 1B6A     		ldr	r3, [r3, #32]
 785              		.loc 1 514 49 view .LVU241
 786 026c 9B07     		lsls	r3, r3, #30
 787 026e 37D4     		bmi	.L60
 515:Drivers/STM32F0xx_HAL_Driver/Src/stm32f0xx_hal_rcc.c ****       {
 516:Drivers/STM32F0xx_HAL_Driver/Src/stm32f0xx_hal_rcc.c ****         if((HAL_GetTick() - tickstart ) > RCC_LSE_TIMEOUT_VALUE)
 788              		.loc 1 516 9 is_stmt 1 view .LVU242
 789              		.loc 1 516 13 is_stmt 0 view .LVU243
 790 0270 FFF7FEFF 		bl	HAL_GetTick
 791              	.LVL51:
 792              		.loc 1 516 27 discriminator 1 view .LVU244
 793 0274 801B     		subs	r0, r0, r6
 794              		.loc 1 516 11 discriminator 1 view .LVU245
 795 0276 194B     		ldr	r3, .L127+16
 796 0278 9842     		cmp	r0, r3
 797 027a F5D9     		bls	.L58
 517:Drivers/STM32F0xx_HAL_Driver/Src/stm32f0xx_hal_rcc.c ****         {
 518:Drivers/STM32F0xx_HAL_Driver/Src/stm32f0xx_hal_rcc.c ****           return HAL_TIMEOUT;
 798              		.loc 1 518 18 view .LVU246
ARM GAS  C:\Users\three\AppData\Local\Temp\cci8ra5h.s 			page 26


 799 027c 0320     		movs	r0, #3
 800 027e F4E0     		b	.L20
 801              	.LVL52:
 802              	.L55:
 506:Drivers/STM32F0xx_HAL_Driver/Src/stm32f0xx_hal_rcc.c ****     /* Check the LSE State */
 803              		.loc 1 506 5 is_stmt 1 discriminator 4 view .LVU247
 804 0280 052B     		cmp	r3, #5
 805 0282 09D0     		beq	.L119
 506:Drivers/STM32F0xx_HAL_Driver/Src/stm32f0xx_hal_rcc.c ****     /* Check the LSE State */
 806              		.loc 1 506 5 discriminator 6 view .LVU248
 807 0284 114B     		ldr	r3, .L127
 808 0286 1A6A     		ldr	r2, [r3, #32]
 809 0288 0121     		movs	r1, #1
 810 028a 8A43     		bics	r2, r1
 811 028c 1A62     		str	r2, [r3, #32]
 506:Drivers/STM32F0xx_HAL_Driver/Src/stm32f0xx_hal_rcc.c ****     /* Check the LSE State */
 812              		.loc 1 506 5 view .LVU249
 506:Drivers/STM32F0xx_HAL_Driver/Src/stm32f0xx_hal_rcc.c ****     /* Check the LSE State */
 813              		.loc 1 506 5 is_stmt 0 discriminator 6 view .LVU250
 814 028e 1A6A     		ldr	r2, [r3, #32]
 815 0290 0331     		adds	r1, r1, #3
 816 0292 8A43     		bics	r2, r1
 817 0294 1A62     		str	r2, [r3, #32]
 818 0296 E1E7     		b	.L54
 819              	.L119:
 506:Drivers/STM32F0xx_HAL_Driver/Src/stm32f0xx_hal_rcc.c ****     /* Check the LSE State */
 820              		.loc 1 506 5 is_stmt 1 discriminator 5 view .LVU251
 821 0298 0C4B     		ldr	r3, .L127
 822 029a 1A6A     		ldr	r2, [r3, #32]
 823 029c 0421     		movs	r1, #4
 824 029e 0A43     		orrs	r2, r1
 825 02a0 1A62     		str	r2, [r3, #32]
 506:Drivers/STM32F0xx_HAL_Driver/Src/stm32f0xx_hal_rcc.c ****     /* Check the LSE State */
 826              		.loc 1 506 5 view .LVU252
 506:Drivers/STM32F0xx_HAL_Driver/Src/stm32f0xx_hal_rcc.c ****     /* Check the LSE State */
 827              		.loc 1 506 5 is_stmt 0 discriminator 5 view .LVU253
 828 02a2 1A6A     		ldr	r2, [r3, #32]
 829 02a4 0339     		subs	r1, r1, #3
 830 02a6 0A43     		orrs	r2, r1
 831 02a8 1A62     		str	r2, [r3, #32]
 832 02aa D7E7     		b	.L54
 833              	.L57:
 519:Drivers/STM32F0xx_HAL_Driver/Src/stm32f0xx_hal_rcc.c ****         }
 520:Drivers/STM32F0xx_HAL_Driver/Src/stm32f0xx_hal_rcc.c ****       }
 521:Drivers/STM32F0xx_HAL_Driver/Src/stm32f0xx_hal_rcc.c ****     }
 522:Drivers/STM32F0xx_HAL_Driver/Src/stm32f0xx_hal_rcc.c ****     else
 523:Drivers/STM32F0xx_HAL_Driver/Src/stm32f0xx_hal_rcc.c ****     {
 524:Drivers/STM32F0xx_HAL_Driver/Src/stm32f0xx_hal_rcc.c ****       /* Get Start Tick */
 525:Drivers/STM32F0xx_HAL_Driver/Src/stm32f0xx_hal_rcc.c ****       tickstart = HAL_GetTick();
 834              		.loc 1 525 7 is_stmt 1 view .LVU254
 835              		.loc 1 525 19 is_stmt 0 view .LVU255
 836 02ac FFF7FEFF 		bl	HAL_GetTick
 837              	.LVL53:
 838 02b0 0600     		movs	r6, r0
 839              	.LVL54:
 526:Drivers/STM32F0xx_HAL_Driver/Src/stm32f0xx_hal_rcc.c ****       
 527:Drivers/STM32F0xx_HAL_Driver/Src/stm32f0xx_hal_rcc.c ****       /* Wait till LSE is disabled */  
ARM GAS  C:\Users\three\AppData\Local\Temp\cci8ra5h.s 			page 27


 528:Drivers/STM32F0xx_HAL_Driver/Src/stm32f0xx_hal_rcc.c ****       while(__HAL_RCC_GET_FLAG(RCC_FLAG_LSERDY) != RESET)
 840              		.loc 1 528 7 is_stmt 1 view .LVU256
 841              	.L61:
 842              		.loc 1 528 49 view .LVU257
 843              		.loc 1 528 13 is_stmt 0 view .LVU258
 844 02b2 064B     		ldr	r3, .L127
 845 02b4 1B6A     		ldr	r3, [r3, #32]
 846              		.loc 1 528 49 view .LVU259
 847 02b6 9B07     		lsls	r3, r3, #30
 848 02b8 12D5     		bpl	.L60
 529:Drivers/STM32F0xx_HAL_Driver/Src/stm32f0xx_hal_rcc.c ****       {
 530:Drivers/STM32F0xx_HAL_Driver/Src/stm32f0xx_hal_rcc.c ****         if((HAL_GetTick() - tickstart ) > RCC_LSE_TIMEOUT_VALUE)
 849              		.loc 1 530 9 is_stmt 1 view .LVU260
 850              		.loc 1 530 13 is_stmt 0 view .LVU261
 851 02ba FFF7FEFF 		bl	HAL_GetTick
 852              	.LVL55:
 853              		.loc 1 530 27 discriminator 1 view .LVU262
 854 02be 801B     		subs	r0, r0, r6
 855              		.loc 1 530 11 discriminator 1 view .LVU263
 856 02c0 064B     		ldr	r3, .L127+16
 857 02c2 9842     		cmp	r0, r3
 858 02c4 F5D9     		bls	.L61
 531:Drivers/STM32F0xx_HAL_Driver/Src/stm32f0xx_hal_rcc.c ****         {
 532:Drivers/STM32F0xx_HAL_Driver/Src/stm32f0xx_hal_rcc.c ****           return HAL_TIMEOUT;
 859              		.loc 1 532 18 view .LVU264
 860 02c6 0320     		movs	r0, #3
 861 02c8 CFE0     		b	.L20
 862              	.L128:
 863 02ca C046     		.align	2
 864              	.L127:
 865 02cc 00100240 		.word	1073876992
 866 02d0 FFFFFEFF 		.word	-65537
 867 02d4 FFFFFBFF 		.word	-262145
 868 02d8 00700040 		.word	1073770496
 869 02dc 88130000 		.word	5000
 870              	.L60:
 533:Drivers/STM32F0xx_HAL_Driver/Src/stm32f0xx_hal_rcc.c ****         }
 534:Drivers/STM32F0xx_HAL_Driver/Src/stm32f0xx_hal_rcc.c ****       }
 535:Drivers/STM32F0xx_HAL_Driver/Src/stm32f0xx_hal_rcc.c ****     }
 536:Drivers/STM32F0xx_HAL_Driver/Src/stm32f0xx_hal_rcc.c **** 
 537:Drivers/STM32F0xx_HAL_Driver/Src/stm32f0xx_hal_rcc.c ****     /* Require to disable power clock if necessary */
 538:Drivers/STM32F0xx_HAL_Driver/Src/stm32f0xx_hal_rcc.c ****     if(pwrclkchanged == SET)
 871              		.loc 1 538 5 is_stmt 1 view .LVU265
 872              		.loc 1 538 7 is_stmt 0 view .LVU266
 873 02e0 012D     		cmp	r5, #1
 874 02e2 33D0     		beq	.L120
 875              	.LVL56:
 876              	.L48:
 877              		.loc 1 538 7 view .LVU267
 878              	.LBE2:
 539:Drivers/STM32F0xx_HAL_Driver/Src/stm32f0xx_hal_rcc.c ****     {
 540:Drivers/STM32F0xx_HAL_Driver/Src/stm32f0xx_hal_rcc.c ****       __HAL_RCC_PWR_CLK_DISABLE();
 541:Drivers/STM32F0xx_HAL_Driver/Src/stm32f0xx_hal_rcc.c ****     }
 542:Drivers/STM32F0xx_HAL_Driver/Src/stm32f0xx_hal_rcc.c ****   }
 543:Drivers/STM32F0xx_HAL_Driver/Src/stm32f0xx_hal_rcc.c **** 
 544:Drivers/STM32F0xx_HAL_Driver/Src/stm32f0xx_hal_rcc.c ****   /*----------------------------- HSI14 Configuration --------------------------*/
 545:Drivers/STM32F0xx_HAL_Driver/Src/stm32f0xx_hal_rcc.c ****   if(((RCC_OscInitStruct->OscillatorType) & RCC_OSCILLATORTYPE_HSI14) == RCC_OSCILLATORTYPE_HSI14)
ARM GAS  C:\Users\three\AppData\Local\Temp\cci8ra5h.s 			page 28


 879              		.loc 1 545 3 is_stmt 1 view .LVU268
 880              		.loc 1 545 25 is_stmt 0 view .LVU269
 881 02e4 2368     		ldr	r3, [r4]
 882              		.loc 1 545 5 view .LVU270
 883 02e6 DB06     		lsls	r3, r3, #27
 884 02e8 10D5     		bpl	.L63
 546:Drivers/STM32F0xx_HAL_Driver/Src/stm32f0xx_hal_rcc.c ****   {
 547:Drivers/STM32F0xx_HAL_Driver/Src/stm32f0xx_hal_rcc.c ****     /* Check the parameters */
 548:Drivers/STM32F0xx_HAL_Driver/Src/stm32f0xx_hal_rcc.c ****     assert_param(IS_RCC_HSI14(RCC_OscInitStruct->HSI14State));
 885              		.loc 1 548 5 is_stmt 1 view .LVU271
 549:Drivers/STM32F0xx_HAL_Driver/Src/stm32f0xx_hal_rcc.c ****     assert_param(IS_RCC_CALIBRATION_VALUE(RCC_OscInitStruct->HSI14CalibrationValue));
 886              		.loc 1 549 5 view .LVU272
 550:Drivers/STM32F0xx_HAL_Driver/Src/stm32f0xx_hal_rcc.c **** 
 551:Drivers/STM32F0xx_HAL_Driver/Src/stm32f0xx_hal_rcc.c ****     /* Check the HSI14 State */
 552:Drivers/STM32F0xx_HAL_Driver/Src/stm32f0xx_hal_rcc.c ****     if(RCC_OscInitStruct->HSI14State == RCC_HSI14_ON)
 887              		.loc 1 552 5 view .LVU273
 888              		.loc 1 552 25 is_stmt 0 view .LVU274
 889 02ea 6369     		ldr	r3, [r4, #20]
 890              		.loc 1 552 7 view .LVU275
 891 02ec 012B     		cmp	r3, #1
 892 02ee 33D0     		beq	.L121
 553:Drivers/STM32F0xx_HAL_Driver/Src/stm32f0xx_hal_rcc.c ****     {
 554:Drivers/STM32F0xx_HAL_Driver/Src/stm32f0xx_hal_rcc.c ****       /* Disable ADC control of the Internal High Speed oscillator HSI14 */
 555:Drivers/STM32F0xx_HAL_Driver/Src/stm32f0xx_hal_rcc.c ****       __HAL_RCC_HSI14ADC_DISABLE();
 556:Drivers/STM32F0xx_HAL_Driver/Src/stm32f0xx_hal_rcc.c **** 
 557:Drivers/STM32F0xx_HAL_Driver/Src/stm32f0xx_hal_rcc.c ****       /* Enable the Internal High Speed oscillator (HSI). */
 558:Drivers/STM32F0xx_HAL_Driver/Src/stm32f0xx_hal_rcc.c ****       __HAL_RCC_HSI14_ENABLE();
 559:Drivers/STM32F0xx_HAL_Driver/Src/stm32f0xx_hal_rcc.c **** 
 560:Drivers/STM32F0xx_HAL_Driver/Src/stm32f0xx_hal_rcc.c ****       /* Get Start Tick */
 561:Drivers/STM32F0xx_HAL_Driver/Src/stm32f0xx_hal_rcc.c ****       tickstart = HAL_GetTick();
 562:Drivers/STM32F0xx_HAL_Driver/Src/stm32f0xx_hal_rcc.c ****       
 563:Drivers/STM32F0xx_HAL_Driver/Src/stm32f0xx_hal_rcc.c ****       /* Wait till HSI is ready */  
 564:Drivers/STM32F0xx_HAL_Driver/Src/stm32f0xx_hal_rcc.c ****       while(__HAL_RCC_GET_FLAG(RCC_FLAG_HSI14RDY) == RESET)
 565:Drivers/STM32F0xx_HAL_Driver/Src/stm32f0xx_hal_rcc.c ****       {
 566:Drivers/STM32F0xx_HAL_Driver/Src/stm32f0xx_hal_rcc.c ****         if((HAL_GetTick() - tickstart) > HSI14_TIMEOUT_VALUE)
 567:Drivers/STM32F0xx_HAL_Driver/Src/stm32f0xx_hal_rcc.c ****         {
 568:Drivers/STM32F0xx_HAL_Driver/Src/stm32f0xx_hal_rcc.c ****           return HAL_TIMEOUT;
 569:Drivers/STM32F0xx_HAL_Driver/Src/stm32f0xx_hal_rcc.c ****         }      
 570:Drivers/STM32F0xx_HAL_Driver/Src/stm32f0xx_hal_rcc.c ****       } 
 571:Drivers/STM32F0xx_HAL_Driver/Src/stm32f0xx_hal_rcc.c **** 
 572:Drivers/STM32F0xx_HAL_Driver/Src/stm32f0xx_hal_rcc.c ****       /* Adjusts the Internal High Speed oscillator 14Mhz (HSI14) calibration value. */
 573:Drivers/STM32F0xx_HAL_Driver/Src/stm32f0xx_hal_rcc.c ****       __HAL_RCC_HSI14_CALIBRATIONVALUE_ADJUST(RCC_OscInitStruct->HSI14CalibrationValue);
 574:Drivers/STM32F0xx_HAL_Driver/Src/stm32f0xx_hal_rcc.c ****     }
 575:Drivers/STM32F0xx_HAL_Driver/Src/stm32f0xx_hal_rcc.c ****     else if(RCC_OscInitStruct->HSI14State == RCC_HSI14_ADC_CONTROL)
 893              		.loc 1 575 10 is_stmt 1 view .LVU276
 894              		.loc 1 575 12 is_stmt 0 view .LVU277
 895 02f0 0533     		adds	r3, r3, #5
 896 02f2 51D1     		bne	.L67
 576:Drivers/STM32F0xx_HAL_Driver/Src/stm32f0xx_hal_rcc.c ****     {
 577:Drivers/STM32F0xx_HAL_Driver/Src/stm32f0xx_hal_rcc.c ****       /* Enable ADC control of the Internal High Speed oscillator HSI14 */
 578:Drivers/STM32F0xx_HAL_Driver/Src/stm32f0xx_hal_rcc.c ****       __HAL_RCC_HSI14ADC_ENABLE();
 897              		.loc 1 578 7 is_stmt 1 view .LVU278
 898 02f4 654A     		ldr	r2, .L129
 899 02f6 536B     		ldr	r3, [r2, #52]
 900 02f8 0421     		movs	r1, #4
 901 02fa 8B43     		bics	r3, r1
 902 02fc 5363     		str	r3, [r2, #52]
ARM GAS  C:\Users\three\AppData\Local\Temp\cci8ra5h.s 			page 29


 579:Drivers/STM32F0xx_HAL_Driver/Src/stm32f0xx_hal_rcc.c **** 
 580:Drivers/STM32F0xx_HAL_Driver/Src/stm32f0xx_hal_rcc.c ****       /* Adjusts the Internal High Speed oscillator 14Mhz (HSI14) calibration value. */
 581:Drivers/STM32F0xx_HAL_Driver/Src/stm32f0xx_hal_rcc.c ****       __HAL_RCC_HSI14_CALIBRATIONVALUE_ADJUST(RCC_OscInitStruct->HSI14CalibrationValue);
 903              		.loc 1 581 7 view .LVU279
 904 02fe 536B     		ldr	r3, [r2, #52]
 905 0300 F431     		adds	r1, r1, #244
 906 0302 8B43     		bics	r3, r1
 907 0304 A169     		ldr	r1, [r4, #24]
 908 0306 C900     		lsls	r1, r1, #3
 909 0308 0B43     		orrs	r3, r1
 910 030a 5363     		str	r3, [r2, #52]
 911              	.L63:
 582:Drivers/STM32F0xx_HAL_Driver/Src/stm32f0xx_hal_rcc.c ****     }
 583:Drivers/STM32F0xx_HAL_Driver/Src/stm32f0xx_hal_rcc.c ****     else
 584:Drivers/STM32F0xx_HAL_Driver/Src/stm32f0xx_hal_rcc.c ****     {
 585:Drivers/STM32F0xx_HAL_Driver/Src/stm32f0xx_hal_rcc.c ****       /* Disable ADC control of the Internal High Speed oscillator HSI14 */
 586:Drivers/STM32F0xx_HAL_Driver/Src/stm32f0xx_hal_rcc.c ****       __HAL_RCC_HSI14ADC_DISABLE();
 587:Drivers/STM32F0xx_HAL_Driver/Src/stm32f0xx_hal_rcc.c **** 
 588:Drivers/STM32F0xx_HAL_Driver/Src/stm32f0xx_hal_rcc.c ****       /* Disable the Internal High Speed oscillator (HSI). */
 589:Drivers/STM32F0xx_HAL_Driver/Src/stm32f0xx_hal_rcc.c ****       __HAL_RCC_HSI14_DISABLE();
 590:Drivers/STM32F0xx_HAL_Driver/Src/stm32f0xx_hal_rcc.c **** 
 591:Drivers/STM32F0xx_HAL_Driver/Src/stm32f0xx_hal_rcc.c ****       /* Get Start Tick */
 592:Drivers/STM32F0xx_HAL_Driver/Src/stm32f0xx_hal_rcc.c ****       tickstart = HAL_GetTick();
 593:Drivers/STM32F0xx_HAL_Driver/Src/stm32f0xx_hal_rcc.c ****       
 594:Drivers/STM32F0xx_HAL_Driver/Src/stm32f0xx_hal_rcc.c ****       /* Wait till HSI is ready */  
 595:Drivers/STM32F0xx_HAL_Driver/Src/stm32f0xx_hal_rcc.c ****       while(__HAL_RCC_GET_FLAG(RCC_FLAG_HSI14RDY) != RESET)
 596:Drivers/STM32F0xx_HAL_Driver/Src/stm32f0xx_hal_rcc.c ****       {
 597:Drivers/STM32F0xx_HAL_Driver/Src/stm32f0xx_hal_rcc.c ****         if((HAL_GetTick() - tickstart) > HSI14_TIMEOUT_VALUE)
 598:Drivers/STM32F0xx_HAL_Driver/Src/stm32f0xx_hal_rcc.c ****         {
 599:Drivers/STM32F0xx_HAL_Driver/Src/stm32f0xx_hal_rcc.c ****           return HAL_TIMEOUT;
 600:Drivers/STM32F0xx_HAL_Driver/Src/stm32f0xx_hal_rcc.c ****         }
 601:Drivers/STM32F0xx_HAL_Driver/Src/stm32f0xx_hal_rcc.c ****       }
 602:Drivers/STM32F0xx_HAL_Driver/Src/stm32f0xx_hal_rcc.c ****     }
 603:Drivers/STM32F0xx_HAL_Driver/Src/stm32f0xx_hal_rcc.c ****   }
 604:Drivers/STM32F0xx_HAL_Driver/Src/stm32f0xx_hal_rcc.c **** 
 605:Drivers/STM32F0xx_HAL_Driver/Src/stm32f0xx_hal_rcc.c **** #if defined(RCC_HSI48_SUPPORT)
 606:Drivers/STM32F0xx_HAL_Driver/Src/stm32f0xx_hal_rcc.c ****   /*----------------------------- HSI48 Configuration --------------------------*/
 607:Drivers/STM32F0xx_HAL_Driver/Src/stm32f0xx_hal_rcc.c ****   if(((RCC_OscInitStruct->OscillatorType) & RCC_OSCILLATORTYPE_HSI48) == RCC_OSCILLATORTYPE_HSI48)
 608:Drivers/STM32F0xx_HAL_Driver/Src/stm32f0xx_hal_rcc.c ****   {
 609:Drivers/STM32F0xx_HAL_Driver/Src/stm32f0xx_hal_rcc.c ****     /* Check the parameters */
 610:Drivers/STM32F0xx_HAL_Driver/Src/stm32f0xx_hal_rcc.c ****     assert_param(IS_RCC_HSI48(RCC_OscInitStruct->HSI48State));
 611:Drivers/STM32F0xx_HAL_Driver/Src/stm32f0xx_hal_rcc.c **** 
 612:Drivers/STM32F0xx_HAL_Driver/Src/stm32f0xx_hal_rcc.c ****     /* When the HSI48 is used as system clock it is not allowed to be disabled */
 613:Drivers/STM32F0xx_HAL_Driver/Src/stm32f0xx_hal_rcc.c ****     if((__HAL_RCC_GET_SYSCLK_SOURCE() == RCC_SYSCLKSOURCE_STATUS_HSI48) ||
 614:Drivers/STM32F0xx_HAL_Driver/Src/stm32f0xx_hal_rcc.c ****        ((__HAL_RCC_GET_SYSCLK_SOURCE() == RCC_SYSCLKSOURCE_STATUS_PLLCLK) && (__HAL_RCC_GET_PLL_OSC
 615:Drivers/STM32F0xx_HAL_Driver/Src/stm32f0xx_hal_rcc.c ****     {
 616:Drivers/STM32F0xx_HAL_Driver/Src/stm32f0xx_hal_rcc.c ****       if((__HAL_RCC_GET_FLAG(RCC_FLAG_HSI48RDY) != RESET) && (RCC_OscInitStruct->HSI48State != RCC_
 617:Drivers/STM32F0xx_HAL_Driver/Src/stm32f0xx_hal_rcc.c ****       {
 618:Drivers/STM32F0xx_HAL_Driver/Src/stm32f0xx_hal_rcc.c ****         return HAL_ERROR;
 619:Drivers/STM32F0xx_HAL_Driver/Src/stm32f0xx_hal_rcc.c ****       }
 620:Drivers/STM32F0xx_HAL_Driver/Src/stm32f0xx_hal_rcc.c ****     }
 621:Drivers/STM32F0xx_HAL_Driver/Src/stm32f0xx_hal_rcc.c ****     else
 622:Drivers/STM32F0xx_HAL_Driver/Src/stm32f0xx_hal_rcc.c ****     {
 623:Drivers/STM32F0xx_HAL_Driver/Src/stm32f0xx_hal_rcc.c ****       /* Check the HSI48 State */
 624:Drivers/STM32F0xx_HAL_Driver/Src/stm32f0xx_hal_rcc.c ****       if(RCC_OscInitStruct->HSI48State != RCC_HSI48_OFF)
 625:Drivers/STM32F0xx_HAL_Driver/Src/stm32f0xx_hal_rcc.c ****       {
 626:Drivers/STM32F0xx_HAL_Driver/Src/stm32f0xx_hal_rcc.c ****         /* Enable the Internal High Speed oscillator (HSI48). */
ARM GAS  C:\Users\three\AppData\Local\Temp\cci8ra5h.s 			page 30


 627:Drivers/STM32F0xx_HAL_Driver/Src/stm32f0xx_hal_rcc.c ****         __HAL_RCC_HSI48_ENABLE();
 628:Drivers/STM32F0xx_HAL_Driver/Src/stm32f0xx_hal_rcc.c **** 
 629:Drivers/STM32F0xx_HAL_Driver/Src/stm32f0xx_hal_rcc.c ****         /* Get Start Tick */
 630:Drivers/STM32F0xx_HAL_Driver/Src/stm32f0xx_hal_rcc.c ****         tickstart = HAL_GetTick();
 631:Drivers/STM32F0xx_HAL_Driver/Src/stm32f0xx_hal_rcc.c ****       
 632:Drivers/STM32F0xx_HAL_Driver/Src/stm32f0xx_hal_rcc.c ****         /* Wait till HSI48 is ready */  
 633:Drivers/STM32F0xx_HAL_Driver/Src/stm32f0xx_hal_rcc.c ****         while(__HAL_RCC_GET_FLAG(RCC_FLAG_HSI48RDY) == RESET)
 634:Drivers/STM32F0xx_HAL_Driver/Src/stm32f0xx_hal_rcc.c ****         {
 635:Drivers/STM32F0xx_HAL_Driver/Src/stm32f0xx_hal_rcc.c ****           if((HAL_GetTick() - tickstart) > HSI48_TIMEOUT_VALUE)
 636:Drivers/STM32F0xx_HAL_Driver/Src/stm32f0xx_hal_rcc.c ****           {
 637:Drivers/STM32F0xx_HAL_Driver/Src/stm32f0xx_hal_rcc.c ****             return HAL_TIMEOUT;
 638:Drivers/STM32F0xx_HAL_Driver/Src/stm32f0xx_hal_rcc.c ****           }
 639:Drivers/STM32F0xx_HAL_Driver/Src/stm32f0xx_hal_rcc.c ****         } 
 640:Drivers/STM32F0xx_HAL_Driver/Src/stm32f0xx_hal_rcc.c ****       }
 641:Drivers/STM32F0xx_HAL_Driver/Src/stm32f0xx_hal_rcc.c ****       else
 642:Drivers/STM32F0xx_HAL_Driver/Src/stm32f0xx_hal_rcc.c ****       {
 643:Drivers/STM32F0xx_HAL_Driver/Src/stm32f0xx_hal_rcc.c ****         /* Disable the Internal High Speed oscillator (HSI48). */
 644:Drivers/STM32F0xx_HAL_Driver/Src/stm32f0xx_hal_rcc.c ****         __HAL_RCC_HSI48_DISABLE();
 645:Drivers/STM32F0xx_HAL_Driver/Src/stm32f0xx_hal_rcc.c **** 
 646:Drivers/STM32F0xx_HAL_Driver/Src/stm32f0xx_hal_rcc.c ****         /* Get Start Tick */
 647:Drivers/STM32F0xx_HAL_Driver/Src/stm32f0xx_hal_rcc.c ****         tickstart = HAL_GetTick();
 648:Drivers/STM32F0xx_HAL_Driver/Src/stm32f0xx_hal_rcc.c ****       
 649:Drivers/STM32F0xx_HAL_Driver/Src/stm32f0xx_hal_rcc.c ****         /* Wait till HSI48 is ready */  
 650:Drivers/STM32F0xx_HAL_Driver/Src/stm32f0xx_hal_rcc.c ****         while(__HAL_RCC_GET_FLAG(RCC_FLAG_HSI48RDY) != RESET)
 651:Drivers/STM32F0xx_HAL_Driver/Src/stm32f0xx_hal_rcc.c ****         {
 652:Drivers/STM32F0xx_HAL_Driver/Src/stm32f0xx_hal_rcc.c ****           if((HAL_GetTick() - tickstart) > HSI48_TIMEOUT_VALUE)
 653:Drivers/STM32F0xx_HAL_Driver/Src/stm32f0xx_hal_rcc.c ****           {
 654:Drivers/STM32F0xx_HAL_Driver/Src/stm32f0xx_hal_rcc.c ****             return HAL_TIMEOUT;
 655:Drivers/STM32F0xx_HAL_Driver/Src/stm32f0xx_hal_rcc.c ****           }
 656:Drivers/STM32F0xx_HAL_Driver/Src/stm32f0xx_hal_rcc.c ****         }
 657:Drivers/STM32F0xx_HAL_Driver/Src/stm32f0xx_hal_rcc.c ****       }
 658:Drivers/STM32F0xx_HAL_Driver/Src/stm32f0xx_hal_rcc.c ****     }
 659:Drivers/STM32F0xx_HAL_Driver/Src/stm32f0xx_hal_rcc.c ****   }
 660:Drivers/STM32F0xx_HAL_Driver/Src/stm32f0xx_hal_rcc.c **** #endif /* RCC_HSI48_SUPPORT */
 661:Drivers/STM32F0xx_HAL_Driver/Src/stm32f0xx_hal_rcc.c ****        
 662:Drivers/STM32F0xx_HAL_Driver/Src/stm32f0xx_hal_rcc.c ****   /*-------------------------------- PLL Configuration -----------------------*/
 663:Drivers/STM32F0xx_HAL_Driver/Src/stm32f0xx_hal_rcc.c ****   /* Check the parameters */
 664:Drivers/STM32F0xx_HAL_Driver/Src/stm32f0xx_hal_rcc.c ****   assert_param(IS_RCC_PLL(RCC_OscInitStruct->PLL.PLLState));
 912              		.loc 1 664 3 view .LVU280
 665:Drivers/STM32F0xx_HAL_Driver/Src/stm32f0xx_hal_rcc.c ****   if ((RCC_OscInitStruct->PLL.PLLState) != RCC_PLL_NONE)
 913              		.loc 1 665 3 view .LVU281
 914              		.loc 1 665 30 is_stmt 0 view .LVU282
 915 030c 236A     		ldr	r3, [r4, #32]
 916              		.loc 1 665 6 view .LVU283
 917 030e 002B     		cmp	r3, #0
 918 0310 00D1     		bne	.LCB860
 919 0312 B0E0     		b	.L93	@long jump
 920              	.LCB860:
 666:Drivers/STM32F0xx_HAL_Driver/Src/stm32f0xx_hal_rcc.c ****   {
 667:Drivers/STM32F0xx_HAL_Driver/Src/stm32f0xx_hal_rcc.c ****     /* Check if the PLL is used as system clock or not */
 668:Drivers/STM32F0xx_HAL_Driver/Src/stm32f0xx_hal_rcc.c ****     if(__HAL_RCC_GET_SYSCLK_SOURCE() != RCC_SYSCLKSOURCE_STATUS_PLLCLK)
 921              		.loc 1 668 5 is_stmt 1 view .LVU284
 922              		.loc 1 668 8 is_stmt 0 view .LVU285
 923 0314 5D4A     		ldr	r2, .L129
 924 0316 5168     		ldr	r1, [r2, #4]
 925 0318 0C22     		movs	r2, #12
 926 031a 0A40     		ands	r2, r1
ARM GAS  C:\Users\three\AppData\Local\Temp\cci8ra5h.s 			page 31


 927              		.loc 1 668 7 view .LVU286
 928 031c 082A     		cmp	r2, #8
 929 031e 00D1     		bne	.LCB867
 930 0320 8AE0     		b	.L70	@long jump
 931              	.LCB867:
 669:Drivers/STM32F0xx_HAL_Driver/Src/stm32f0xx_hal_rcc.c ****     { 
 670:Drivers/STM32F0xx_HAL_Driver/Src/stm32f0xx_hal_rcc.c ****       if((RCC_OscInitStruct->PLL.PLLState) == RCC_PLL_ON)
 932              		.loc 1 670 7 is_stmt 1 view .LVU287
 933              		.loc 1 670 9 is_stmt 0 view .LVU288
 934 0322 022B     		cmp	r3, #2
 935 0324 4FD0     		beq	.L122
 671:Drivers/STM32F0xx_HAL_Driver/Src/stm32f0xx_hal_rcc.c ****       {
 672:Drivers/STM32F0xx_HAL_Driver/Src/stm32f0xx_hal_rcc.c ****         /* Check the parameters */
 673:Drivers/STM32F0xx_HAL_Driver/Src/stm32f0xx_hal_rcc.c ****         assert_param(IS_RCC_PLLSOURCE(RCC_OscInitStruct->PLL.PLLSource));
 674:Drivers/STM32F0xx_HAL_Driver/Src/stm32f0xx_hal_rcc.c ****         assert_param(IS_RCC_PLL_MUL(RCC_OscInitStruct->PLL.PLLMUL));
 675:Drivers/STM32F0xx_HAL_Driver/Src/stm32f0xx_hal_rcc.c ****         assert_param(IS_RCC_PREDIV(RCC_OscInitStruct->PLL.PREDIV));
 676:Drivers/STM32F0xx_HAL_Driver/Src/stm32f0xx_hal_rcc.c ****   
 677:Drivers/STM32F0xx_HAL_Driver/Src/stm32f0xx_hal_rcc.c ****         /* Disable the main PLL. */
 678:Drivers/STM32F0xx_HAL_Driver/Src/stm32f0xx_hal_rcc.c ****         __HAL_RCC_PLL_DISABLE();
 679:Drivers/STM32F0xx_HAL_Driver/Src/stm32f0xx_hal_rcc.c ****         
 680:Drivers/STM32F0xx_HAL_Driver/Src/stm32f0xx_hal_rcc.c ****         /* Get Start Tick */
 681:Drivers/STM32F0xx_HAL_Driver/Src/stm32f0xx_hal_rcc.c ****         tickstart = HAL_GetTick();
 682:Drivers/STM32F0xx_HAL_Driver/Src/stm32f0xx_hal_rcc.c ****         
 683:Drivers/STM32F0xx_HAL_Driver/Src/stm32f0xx_hal_rcc.c ****         /* Wait till PLL is disabled */
 684:Drivers/STM32F0xx_HAL_Driver/Src/stm32f0xx_hal_rcc.c ****         while(__HAL_RCC_GET_FLAG(RCC_FLAG_PLLRDY)  != RESET)
 685:Drivers/STM32F0xx_HAL_Driver/Src/stm32f0xx_hal_rcc.c ****         {
 686:Drivers/STM32F0xx_HAL_Driver/Src/stm32f0xx_hal_rcc.c ****           if((HAL_GetTick() - tickstart ) > PLL_TIMEOUT_VALUE)
 687:Drivers/STM32F0xx_HAL_Driver/Src/stm32f0xx_hal_rcc.c ****           {
 688:Drivers/STM32F0xx_HAL_Driver/Src/stm32f0xx_hal_rcc.c ****             return HAL_TIMEOUT;
 689:Drivers/STM32F0xx_HAL_Driver/Src/stm32f0xx_hal_rcc.c ****           }
 690:Drivers/STM32F0xx_HAL_Driver/Src/stm32f0xx_hal_rcc.c ****         }
 691:Drivers/STM32F0xx_HAL_Driver/Src/stm32f0xx_hal_rcc.c **** 
 692:Drivers/STM32F0xx_HAL_Driver/Src/stm32f0xx_hal_rcc.c ****         /* Configure the main PLL clock source, predivider and multiplication factor. */
 693:Drivers/STM32F0xx_HAL_Driver/Src/stm32f0xx_hal_rcc.c ****         __HAL_RCC_PLL_CONFIG(RCC_OscInitStruct->PLL.PLLSource,
 694:Drivers/STM32F0xx_HAL_Driver/Src/stm32f0xx_hal_rcc.c ****                              RCC_OscInitStruct->PLL.PREDIV,
 695:Drivers/STM32F0xx_HAL_Driver/Src/stm32f0xx_hal_rcc.c ****                              RCC_OscInitStruct->PLL.PLLMUL);
 696:Drivers/STM32F0xx_HAL_Driver/Src/stm32f0xx_hal_rcc.c ****         /* Enable the main PLL. */
 697:Drivers/STM32F0xx_HAL_Driver/Src/stm32f0xx_hal_rcc.c ****         __HAL_RCC_PLL_ENABLE();
 698:Drivers/STM32F0xx_HAL_Driver/Src/stm32f0xx_hal_rcc.c ****         
 699:Drivers/STM32F0xx_HAL_Driver/Src/stm32f0xx_hal_rcc.c ****         /* Get Start Tick */
 700:Drivers/STM32F0xx_HAL_Driver/Src/stm32f0xx_hal_rcc.c ****         tickstart = HAL_GetTick();
 701:Drivers/STM32F0xx_HAL_Driver/Src/stm32f0xx_hal_rcc.c ****         
 702:Drivers/STM32F0xx_HAL_Driver/Src/stm32f0xx_hal_rcc.c ****         /* Wait till PLL is ready */
 703:Drivers/STM32F0xx_HAL_Driver/Src/stm32f0xx_hal_rcc.c ****         while(__HAL_RCC_GET_FLAG(RCC_FLAG_PLLRDY)  == RESET)
 704:Drivers/STM32F0xx_HAL_Driver/Src/stm32f0xx_hal_rcc.c ****         {
 705:Drivers/STM32F0xx_HAL_Driver/Src/stm32f0xx_hal_rcc.c ****           if((HAL_GetTick() - tickstart ) > PLL_TIMEOUT_VALUE)
 706:Drivers/STM32F0xx_HAL_Driver/Src/stm32f0xx_hal_rcc.c ****           {
 707:Drivers/STM32F0xx_HAL_Driver/Src/stm32f0xx_hal_rcc.c ****             return HAL_TIMEOUT;
 708:Drivers/STM32F0xx_HAL_Driver/Src/stm32f0xx_hal_rcc.c ****           }
 709:Drivers/STM32F0xx_HAL_Driver/Src/stm32f0xx_hal_rcc.c ****         }
 710:Drivers/STM32F0xx_HAL_Driver/Src/stm32f0xx_hal_rcc.c ****       }
 711:Drivers/STM32F0xx_HAL_Driver/Src/stm32f0xx_hal_rcc.c ****       else
 712:Drivers/STM32F0xx_HAL_Driver/Src/stm32f0xx_hal_rcc.c ****       {
 713:Drivers/STM32F0xx_HAL_Driver/Src/stm32f0xx_hal_rcc.c ****         /* Disable the main PLL. */
 714:Drivers/STM32F0xx_HAL_Driver/Src/stm32f0xx_hal_rcc.c ****         __HAL_RCC_PLL_DISABLE();
 936              		.loc 1 714 9 is_stmt 1 view .LVU289
 937 0326 594A     		ldr	r2, .L129
ARM GAS  C:\Users\three\AppData\Local\Temp\cci8ra5h.s 			page 32


 938 0328 1368     		ldr	r3, [r2]
 939 032a 5949     		ldr	r1, .L129+4
 940 032c 0B40     		ands	r3, r1
 941 032e 1360     		str	r3, [r2]
 715:Drivers/STM32F0xx_HAL_Driver/Src/stm32f0xx_hal_rcc.c ****  
 716:Drivers/STM32F0xx_HAL_Driver/Src/stm32f0xx_hal_rcc.c ****         /* Get Start Tick */
 717:Drivers/STM32F0xx_HAL_Driver/Src/stm32f0xx_hal_rcc.c ****         tickstart = HAL_GetTick();
 942              		.loc 1 717 9 view .LVU290
 943              		.loc 1 717 21 is_stmt 0 view .LVU291
 944 0330 FFF7FEFF 		bl	HAL_GetTick
 945              	.LVL57:
 946 0334 0400     		movs	r4, r0
 947              	.LVL58:
 718:Drivers/STM32F0xx_HAL_Driver/Src/stm32f0xx_hal_rcc.c ****         
 719:Drivers/STM32F0xx_HAL_Driver/Src/stm32f0xx_hal_rcc.c ****         /* Wait till PLL is disabled */  
 720:Drivers/STM32F0xx_HAL_Driver/Src/stm32f0xx_hal_rcc.c ****         while(__HAL_RCC_GET_FLAG(RCC_FLAG_PLLRDY)  != RESET)
 948              		.loc 1 720 9 is_stmt 1 view .LVU292
 949              	.L76:
 950              		.loc 1 720 52 view .LVU293
 951              		.loc 1 720 15 is_stmt 0 view .LVU294
 952 0336 554B     		ldr	r3, .L129
 953 0338 1B68     		ldr	r3, [r3]
 954              		.loc 1 720 52 view .LVU295
 955 033a 9B01     		lsls	r3, r3, #6
 956 033c 7AD5     		bpl	.L123
 721:Drivers/STM32F0xx_HAL_Driver/Src/stm32f0xx_hal_rcc.c ****         {
 722:Drivers/STM32F0xx_HAL_Driver/Src/stm32f0xx_hal_rcc.c ****           if((HAL_GetTick() - tickstart ) > PLL_TIMEOUT_VALUE)
 957              		.loc 1 722 11 is_stmt 1 view .LVU296
 958              		.loc 1 722 15 is_stmt 0 view .LVU297
 959 033e FFF7FEFF 		bl	HAL_GetTick
 960              	.LVL59:
 961              		.loc 1 722 29 discriminator 1 view .LVU298
 962 0342 001B     		subs	r0, r0, r4
 963              		.loc 1 722 13 discriminator 1 view .LVU299
 964 0344 0228     		cmp	r0, #2
 965 0346 F6D9     		bls	.L76
 723:Drivers/STM32F0xx_HAL_Driver/Src/stm32f0xx_hal_rcc.c ****           {
 724:Drivers/STM32F0xx_HAL_Driver/Src/stm32f0xx_hal_rcc.c ****             return HAL_TIMEOUT;
 966              		.loc 1 724 20 view .LVU300
 967 0348 0320     		movs	r0, #3
 968 034a 8EE0     		b	.L20
 969              	.LVL60:
 970              	.L120:
 971              	.LBB4:
 540:Drivers/STM32F0xx_HAL_Driver/Src/stm32f0xx_hal_rcc.c ****     }
 972              		.loc 1 540 7 is_stmt 1 view .LVU301
 973 034c 4F4A     		ldr	r2, .L129
 974 034e D369     		ldr	r3, [r2, #28]
 975 0350 5049     		ldr	r1, .L129+8
 976 0352 0B40     		ands	r3, r1
 977 0354 D361     		str	r3, [r2, #28]
 978 0356 C5E7     		b	.L48
 979              	.LVL61:
 980              	.L121:
 540:Drivers/STM32F0xx_HAL_Driver/Src/stm32f0xx_hal_rcc.c ****     }
 981              		.loc 1 540 7 is_stmt 0 view .LVU302
 982              	.LBE4:
ARM GAS  C:\Users\three\AppData\Local\Temp\cci8ra5h.s 			page 33


 555:Drivers/STM32F0xx_HAL_Driver/Src/stm32f0xx_hal_rcc.c **** 
 983              		.loc 1 555 7 is_stmt 1 view .LVU303
 984 0358 4C4B     		ldr	r3, .L129
 985 035a 5A6B     		ldr	r2, [r3, #52]
 986 035c 0421     		movs	r1, #4
 987 035e 0A43     		orrs	r2, r1
 988 0360 5A63     		str	r2, [r3, #52]
 558:Drivers/STM32F0xx_HAL_Driver/Src/stm32f0xx_hal_rcc.c **** 
 989              		.loc 1 558 7 view .LVU304
 990 0362 5A6B     		ldr	r2, [r3, #52]
 991 0364 0339     		subs	r1, r1, #3
 992 0366 0A43     		orrs	r2, r1
 993 0368 5A63     		str	r2, [r3, #52]
 561:Drivers/STM32F0xx_HAL_Driver/Src/stm32f0xx_hal_rcc.c ****       
 994              		.loc 1 561 7 view .LVU305
 561:Drivers/STM32F0xx_HAL_Driver/Src/stm32f0xx_hal_rcc.c ****       
 995              		.loc 1 561 19 is_stmt 0 view .LVU306
 996 036a FFF7FEFF 		bl	HAL_GetTick
 997              	.LVL62:
 998 036e 0500     		movs	r5, r0
 999              	.LVL63:
 564:Drivers/STM32F0xx_HAL_Driver/Src/stm32f0xx_hal_rcc.c ****       {
 1000              		.loc 1 564 7 is_stmt 1 view .LVU307
 1001              	.L65:
 564:Drivers/STM32F0xx_HAL_Driver/Src/stm32f0xx_hal_rcc.c ****       {
 1002              		.loc 1 564 51 view .LVU308
 564:Drivers/STM32F0xx_HAL_Driver/Src/stm32f0xx_hal_rcc.c ****       {
 1003              		.loc 1 564 13 is_stmt 0 view .LVU309
 1004 0370 464B     		ldr	r3, .L129
 1005 0372 5B6B     		ldr	r3, [r3, #52]
 564:Drivers/STM32F0xx_HAL_Driver/Src/stm32f0xx_hal_rcc.c ****       {
 1006              		.loc 1 564 51 view .LVU310
 1007 0374 9B07     		lsls	r3, r3, #30
 1008 0376 06D4     		bmi	.L124
 566:Drivers/STM32F0xx_HAL_Driver/Src/stm32f0xx_hal_rcc.c ****         {
 1009              		.loc 1 566 9 is_stmt 1 view .LVU311
 566:Drivers/STM32F0xx_HAL_Driver/Src/stm32f0xx_hal_rcc.c ****         {
 1010              		.loc 1 566 13 is_stmt 0 view .LVU312
 1011 0378 FFF7FEFF 		bl	HAL_GetTick
 1012              	.LVL64:
 566:Drivers/STM32F0xx_HAL_Driver/Src/stm32f0xx_hal_rcc.c ****         {
 1013              		.loc 1 566 27 discriminator 1 view .LVU313
 1014 037c 401B     		subs	r0, r0, r5
 566:Drivers/STM32F0xx_HAL_Driver/Src/stm32f0xx_hal_rcc.c ****         {
 1015              		.loc 1 566 11 discriminator 1 view .LVU314
 1016 037e 0228     		cmp	r0, #2
 1017 0380 F6D9     		bls	.L65
 568:Drivers/STM32F0xx_HAL_Driver/Src/stm32f0xx_hal_rcc.c ****         }      
 1018              		.loc 1 568 18 view .LVU315
 1019 0382 0320     		movs	r0, #3
 1020 0384 71E0     		b	.L20
 1021              	.L124:
 573:Drivers/STM32F0xx_HAL_Driver/Src/stm32f0xx_hal_rcc.c ****     }
 1022              		.loc 1 573 7 is_stmt 1 view .LVU316
 1023 0386 4149     		ldr	r1, .L129
 1024 0388 4B6B     		ldr	r3, [r1, #52]
 1025 038a F822     		movs	r2, #248
ARM GAS  C:\Users\three\AppData\Local\Temp\cci8ra5h.s 			page 34


 1026 038c 9343     		bics	r3, r2
 1027 038e A269     		ldr	r2, [r4, #24]
 1028 0390 D200     		lsls	r2, r2, #3
 1029 0392 1343     		orrs	r3, r2
 1030 0394 4B63     		str	r3, [r1, #52]
 1031 0396 B9E7     		b	.L63
 1032              	.LVL65:
 1033              	.L67:
 586:Drivers/STM32F0xx_HAL_Driver/Src/stm32f0xx_hal_rcc.c **** 
 1034              		.loc 1 586 7 view .LVU317
 1035 0398 3C4B     		ldr	r3, .L129
 1036 039a 5A6B     		ldr	r2, [r3, #52]
 1037 039c 0421     		movs	r1, #4
 1038 039e 0A43     		orrs	r2, r1
 1039 03a0 5A63     		str	r2, [r3, #52]
 589:Drivers/STM32F0xx_HAL_Driver/Src/stm32f0xx_hal_rcc.c **** 
 1040              		.loc 1 589 7 view .LVU318
 1041 03a2 5A6B     		ldr	r2, [r3, #52]
 1042 03a4 0339     		subs	r1, r1, #3
 1043 03a6 8A43     		bics	r2, r1
 1044 03a8 5A63     		str	r2, [r3, #52]
 592:Drivers/STM32F0xx_HAL_Driver/Src/stm32f0xx_hal_rcc.c ****       
 1045              		.loc 1 592 7 view .LVU319
 592:Drivers/STM32F0xx_HAL_Driver/Src/stm32f0xx_hal_rcc.c ****       
 1046              		.loc 1 592 19 is_stmt 0 view .LVU320
 1047 03aa FFF7FEFF 		bl	HAL_GetTick
 1048              	.LVL66:
 1049 03ae 0500     		movs	r5, r0
 1050              	.LVL67:
 595:Drivers/STM32F0xx_HAL_Driver/Src/stm32f0xx_hal_rcc.c ****       {
 1051              		.loc 1 595 7 is_stmt 1 view .LVU321
 1052              	.L68:
 595:Drivers/STM32F0xx_HAL_Driver/Src/stm32f0xx_hal_rcc.c ****       {
 1053              		.loc 1 595 51 view .LVU322
 595:Drivers/STM32F0xx_HAL_Driver/Src/stm32f0xx_hal_rcc.c ****       {
 1054              		.loc 1 595 13 is_stmt 0 view .LVU323
 1055 03b0 364B     		ldr	r3, .L129
 1056 03b2 5B6B     		ldr	r3, [r3, #52]
 595:Drivers/STM32F0xx_HAL_Driver/Src/stm32f0xx_hal_rcc.c ****       {
 1057              		.loc 1 595 51 view .LVU324
 1058 03b4 9B07     		lsls	r3, r3, #30
 1059 03b6 A9D5     		bpl	.L63
 597:Drivers/STM32F0xx_HAL_Driver/Src/stm32f0xx_hal_rcc.c ****         {
 1060              		.loc 1 597 9 is_stmt 1 view .LVU325
 597:Drivers/STM32F0xx_HAL_Driver/Src/stm32f0xx_hal_rcc.c ****         {
 1061              		.loc 1 597 13 is_stmt 0 view .LVU326
 1062 03b8 FFF7FEFF 		bl	HAL_GetTick
 1063              	.LVL68:
 597:Drivers/STM32F0xx_HAL_Driver/Src/stm32f0xx_hal_rcc.c ****         {
 1064              		.loc 1 597 27 discriminator 1 view .LVU327
 1065 03bc 401B     		subs	r0, r0, r5
 597:Drivers/STM32F0xx_HAL_Driver/Src/stm32f0xx_hal_rcc.c ****         {
 1066              		.loc 1 597 11 discriminator 1 view .LVU328
 1067 03be 0228     		cmp	r0, #2
 1068 03c0 F6D9     		bls	.L68
 599:Drivers/STM32F0xx_HAL_Driver/Src/stm32f0xx_hal_rcc.c ****         }
 1069              		.loc 1 599 18 view .LVU329
ARM GAS  C:\Users\three\AppData\Local\Temp\cci8ra5h.s 			page 35


 1070 03c2 0320     		movs	r0, #3
 1071 03c4 51E0     		b	.L20
 1072              	.LVL69:
 1073              	.L122:
 673:Drivers/STM32F0xx_HAL_Driver/Src/stm32f0xx_hal_rcc.c ****         assert_param(IS_RCC_PLL_MUL(RCC_OscInitStruct->PLL.PLLMUL));
 1074              		.loc 1 673 9 is_stmt 1 view .LVU330
 674:Drivers/STM32F0xx_HAL_Driver/Src/stm32f0xx_hal_rcc.c ****         assert_param(IS_RCC_PREDIV(RCC_OscInitStruct->PLL.PREDIV));
 1075              		.loc 1 674 9 view .LVU331
 675:Drivers/STM32F0xx_HAL_Driver/Src/stm32f0xx_hal_rcc.c ****   
 1076              		.loc 1 675 9 view .LVU332
 678:Drivers/STM32F0xx_HAL_Driver/Src/stm32f0xx_hal_rcc.c ****         
 1077              		.loc 1 678 9 view .LVU333
 1078 03c6 314A     		ldr	r2, .L129
 1079 03c8 1368     		ldr	r3, [r2]
 1080 03ca 3149     		ldr	r1, .L129+4
 1081 03cc 0B40     		ands	r3, r1
 1082 03ce 1360     		str	r3, [r2]
 681:Drivers/STM32F0xx_HAL_Driver/Src/stm32f0xx_hal_rcc.c ****         
 1083              		.loc 1 681 9 view .LVU334
 681:Drivers/STM32F0xx_HAL_Driver/Src/stm32f0xx_hal_rcc.c ****         
 1084              		.loc 1 681 21 is_stmt 0 view .LVU335
 1085 03d0 FFF7FEFF 		bl	HAL_GetTick
 1086              	.LVL70:
 1087 03d4 0500     		movs	r5, r0
 1088              	.LVL71:
 684:Drivers/STM32F0xx_HAL_Driver/Src/stm32f0xx_hal_rcc.c ****         {
 1089              		.loc 1 684 9 is_stmt 1 view .LVU336
 1090              	.L72:
 684:Drivers/STM32F0xx_HAL_Driver/Src/stm32f0xx_hal_rcc.c ****         {
 1091              		.loc 1 684 52 view .LVU337
 684:Drivers/STM32F0xx_HAL_Driver/Src/stm32f0xx_hal_rcc.c ****         {
 1092              		.loc 1 684 15 is_stmt 0 view .LVU338
 1093 03d6 2D4B     		ldr	r3, .L129
 1094 03d8 1B68     		ldr	r3, [r3]
 684:Drivers/STM32F0xx_HAL_Driver/Src/stm32f0xx_hal_rcc.c ****         {
 1095              		.loc 1 684 52 view .LVU339
 1096 03da 9B01     		lsls	r3, r3, #6
 1097 03dc 06D5     		bpl	.L125
 686:Drivers/STM32F0xx_HAL_Driver/Src/stm32f0xx_hal_rcc.c ****           {
 1098              		.loc 1 686 11 is_stmt 1 view .LVU340
 686:Drivers/STM32F0xx_HAL_Driver/Src/stm32f0xx_hal_rcc.c ****           {
 1099              		.loc 1 686 15 is_stmt 0 view .LVU341
 1100 03de FFF7FEFF 		bl	HAL_GetTick
 1101              	.LVL72:
 686:Drivers/STM32F0xx_HAL_Driver/Src/stm32f0xx_hal_rcc.c ****           {
 1102              		.loc 1 686 29 discriminator 1 view .LVU342
 1103 03e2 401B     		subs	r0, r0, r5
 686:Drivers/STM32F0xx_HAL_Driver/Src/stm32f0xx_hal_rcc.c ****           {
 1104              		.loc 1 686 13 discriminator 1 view .LVU343
 1105 03e4 0228     		cmp	r0, #2
 1106 03e6 F6D9     		bls	.L72
 688:Drivers/STM32F0xx_HAL_Driver/Src/stm32f0xx_hal_rcc.c ****           }
 1107              		.loc 1 688 20 view .LVU344
 1108 03e8 0320     		movs	r0, #3
 1109 03ea 3EE0     		b	.L20
 1110              	.L125:
 693:Drivers/STM32F0xx_HAL_Driver/Src/stm32f0xx_hal_rcc.c ****                              RCC_OscInitStruct->PLL.PREDIV,
ARM GAS  C:\Users\three\AppData\Local\Temp\cci8ra5h.s 			page 36


 1111              		.loc 1 693 9 is_stmt 1 view .LVU345
 693:Drivers/STM32F0xx_HAL_Driver/Src/stm32f0xx_hal_rcc.c ****                              RCC_OscInitStruct->PLL.PREDIV,
 1112              		.loc 1 693 9 view .LVU346
 1113 03ec 274B     		ldr	r3, .L129
 1114 03ee DA6A     		ldr	r2, [r3, #44]
 1115 03f0 0F21     		movs	r1, #15
 1116 03f2 8A43     		bics	r2, r1
 1117 03f4 E16A     		ldr	r1, [r4, #44]
 1118 03f6 0A43     		orrs	r2, r1
 1119 03f8 DA62     		str	r2, [r3, #44]
 693:Drivers/STM32F0xx_HAL_Driver/Src/stm32f0xx_hal_rcc.c ****                              RCC_OscInitStruct->PLL.PREDIV,
 1120              		.loc 1 693 9 view .LVU347
 1121 03fa 5A68     		ldr	r2, [r3, #4]
 1122 03fc 2649     		ldr	r1, .L129+12
 1123 03fe 0A40     		ands	r2, r1
 1124 0400 A16A     		ldr	r1, [r4, #40]
 1125 0402 606A     		ldr	r0, [r4, #36]
 1126 0404 0143     		orrs	r1, r0
 1127 0406 0A43     		orrs	r2, r1
 1128 0408 5A60     		str	r2, [r3, #4]
 693:Drivers/STM32F0xx_HAL_Driver/Src/stm32f0xx_hal_rcc.c ****                              RCC_OscInitStruct->PLL.PREDIV,
 1129              		.loc 1 693 9 view .LVU348
 697:Drivers/STM32F0xx_HAL_Driver/Src/stm32f0xx_hal_rcc.c ****         
 1130              		.loc 1 697 9 view .LVU349
 1131 040a 1968     		ldr	r1, [r3]
 1132 040c 8022     		movs	r2, #128
 1133 040e 5204     		lsls	r2, r2, #17
 1134 0410 0A43     		orrs	r2, r1
 1135 0412 1A60     		str	r2, [r3]
 700:Drivers/STM32F0xx_HAL_Driver/Src/stm32f0xx_hal_rcc.c ****         
 1136              		.loc 1 700 9 view .LVU350
 700:Drivers/STM32F0xx_HAL_Driver/Src/stm32f0xx_hal_rcc.c ****         
 1137              		.loc 1 700 21 is_stmt 0 view .LVU351
 1138 0414 FFF7FEFF 		bl	HAL_GetTick
 1139              	.LVL73:
 1140 0418 0400     		movs	r4, r0
 1141              	.LVL74:
 703:Drivers/STM32F0xx_HAL_Driver/Src/stm32f0xx_hal_rcc.c ****         {
 1142              		.loc 1 703 9 is_stmt 1 view .LVU352
 1143              	.L74:
 703:Drivers/STM32F0xx_HAL_Driver/Src/stm32f0xx_hal_rcc.c ****         {
 1144              		.loc 1 703 52 view .LVU353
 703:Drivers/STM32F0xx_HAL_Driver/Src/stm32f0xx_hal_rcc.c ****         {
 1145              		.loc 1 703 15 is_stmt 0 view .LVU354
 1146 041a 1C4B     		ldr	r3, .L129
 1147 041c 1B68     		ldr	r3, [r3]
 703:Drivers/STM32F0xx_HAL_Driver/Src/stm32f0xx_hal_rcc.c ****         {
 1148              		.loc 1 703 52 view .LVU355
 1149 041e 9B01     		lsls	r3, r3, #6
 1150 0420 06D4     		bmi	.L126
 705:Drivers/STM32F0xx_HAL_Driver/Src/stm32f0xx_hal_rcc.c ****           {
 1151              		.loc 1 705 11 is_stmt 1 view .LVU356
 705:Drivers/STM32F0xx_HAL_Driver/Src/stm32f0xx_hal_rcc.c ****           {
 1152              		.loc 1 705 15 is_stmt 0 view .LVU357
 1153 0422 FFF7FEFF 		bl	HAL_GetTick
 1154              	.LVL75:
 705:Drivers/STM32F0xx_HAL_Driver/Src/stm32f0xx_hal_rcc.c ****           {
ARM GAS  C:\Users\three\AppData\Local\Temp\cci8ra5h.s 			page 37


 1155              		.loc 1 705 29 discriminator 1 view .LVU358
 1156 0426 001B     		subs	r0, r0, r4
 705:Drivers/STM32F0xx_HAL_Driver/Src/stm32f0xx_hal_rcc.c ****           {
 1157              		.loc 1 705 13 discriminator 1 view .LVU359
 1158 0428 0228     		cmp	r0, #2
 1159 042a F6D9     		bls	.L74
 707:Drivers/STM32F0xx_HAL_Driver/Src/stm32f0xx_hal_rcc.c ****           }
 1160              		.loc 1 707 20 view .LVU360
 1161 042c 0320     		movs	r0, #3
 1162 042e 1CE0     		b	.L20
 1163              	.L126:
 725:Drivers/STM32F0xx_HAL_Driver/Src/stm32f0xx_hal_rcc.c ****           }
 726:Drivers/STM32F0xx_HAL_Driver/Src/stm32f0xx_hal_rcc.c ****         }
 727:Drivers/STM32F0xx_HAL_Driver/Src/stm32f0xx_hal_rcc.c ****       }
 728:Drivers/STM32F0xx_HAL_Driver/Src/stm32f0xx_hal_rcc.c ****     }
 729:Drivers/STM32F0xx_HAL_Driver/Src/stm32f0xx_hal_rcc.c ****     else
 730:Drivers/STM32F0xx_HAL_Driver/Src/stm32f0xx_hal_rcc.c ****     {
 731:Drivers/STM32F0xx_HAL_Driver/Src/stm32f0xx_hal_rcc.c ****       /* Check if there is a request to disable the PLL used as System clock source */
 732:Drivers/STM32F0xx_HAL_Driver/Src/stm32f0xx_hal_rcc.c ****       if((RCC_OscInitStruct->PLL.PLLState) == RCC_PLL_OFF)
 733:Drivers/STM32F0xx_HAL_Driver/Src/stm32f0xx_hal_rcc.c ****       {
 734:Drivers/STM32F0xx_HAL_Driver/Src/stm32f0xx_hal_rcc.c ****         return HAL_ERROR;
 735:Drivers/STM32F0xx_HAL_Driver/Src/stm32f0xx_hal_rcc.c ****       }
 736:Drivers/STM32F0xx_HAL_Driver/Src/stm32f0xx_hal_rcc.c ****       else
 737:Drivers/STM32F0xx_HAL_Driver/Src/stm32f0xx_hal_rcc.c ****       {
 738:Drivers/STM32F0xx_HAL_Driver/Src/stm32f0xx_hal_rcc.c ****         /* Do not return HAL_ERROR if request repeats the current configuration */
 739:Drivers/STM32F0xx_HAL_Driver/Src/stm32f0xx_hal_rcc.c ****         pll_config  = RCC->CFGR;
 740:Drivers/STM32F0xx_HAL_Driver/Src/stm32f0xx_hal_rcc.c ****         pll_config2 = RCC->CFGR2;
 741:Drivers/STM32F0xx_HAL_Driver/Src/stm32f0xx_hal_rcc.c ****         if((READ_BIT(pll_config,  RCC_CFGR_PLLSRC)  != RCC_OscInitStruct->PLL.PLLSource) ||
 742:Drivers/STM32F0xx_HAL_Driver/Src/stm32f0xx_hal_rcc.c ****            (READ_BIT(pll_config2, RCC_CFGR2_PREDIV) != RCC_OscInitStruct->PLL.PREDIV)    ||
 743:Drivers/STM32F0xx_HAL_Driver/Src/stm32f0xx_hal_rcc.c ****            (READ_BIT(pll_config,  RCC_CFGR_PLLMUL)  != RCC_OscInitStruct->PLL.PLLMUL))
 744:Drivers/STM32F0xx_HAL_Driver/Src/stm32f0xx_hal_rcc.c ****         {
 745:Drivers/STM32F0xx_HAL_Driver/Src/stm32f0xx_hal_rcc.c ****           return HAL_ERROR;
 746:Drivers/STM32F0xx_HAL_Driver/Src/stm32f0xx_hal_rcc.c ****         }
 747:Drivers/STM32F0xx_HAL_Driver/Src/stm32f0xx_hal_rcc.c ****       }
 748:Drivers/STM32F0xx_HAL_Driver/Src/stm32f0xx_hal_rcc.c ****     }
 749:Drivers/STM32F0xx_HAL_Driver/Src/stm32f0xx_hal_rcc.c ****   }
 750:Drivers/STM32F0xx_HAL_Driver/Src/stm32f0xx_hal_rcc.c **** 
 751:Drivers/STM32F0xx_HAL_Driver/Src/stm32f0xx_hal_rcc.c ****   return HAL_OK;
 1164              		.loc 1 751 10 view .LVU361
 1165 0430 0020     		movs	r0, #0
 1166 0432 1AE0     		b	.L20
 1167              	.L123:
 1168              		.loc 1 751 10 view .LVU362
 1169 0434 0020     		movs	r0, #0
 1170 0436 18E0     		b	.L20
 1171              	.LVL76:
 1172              	.L70:
 732:Drivers/STM32F0xx_HAL_Driver/Src/stm32f0xx_hal_rcc.c ****       {
 1173              		.loc 1 732 7 is_stmt 1 view .LVU363
 732:Drivers/STM32F0xx_HAL_Driver/Src/stm32f0xx_hal_rcc.c ****       {
 1174              		.loc 1 732 9 is_stmt 0 view .LVU364
 1175 0438 012B     		cmp	r3, #1
 1176 043a 1ED0     		beq	.L97
 739:Drivers/STM32F0xx_HAL_Driver/Src/stm32f0xx_hal_rcc.c ****         pll_config2 = RCC->CFGR2;
 1177              		.loc 1 739 9 is_stmt 1 view .LVU365
 739:Drivers/STM32F0xx_HAL_Driver/Src/stm32f0xx_hal_rcc.c ****         pll_config2 = RCC->CFGR2;
 1178              		.loc 1 739 21 is_stmt 0 view .LVU366
ARM GAS  C:\Users\three\AppData\Local\Temp\cci8ra5h.s 			page 38


 1179 043c 134B     		ldr	r3, .L129
 1180 043e 5A68     		ldr	r2, [r3, #4]
 1181              	.LVL77:
 740:Drivers/STM32F0xx_HAL_Driver/Src/stm32f0xx_hal_rcc.c ****         if((READ_BIT(pll_config,  RCC_CFGR_PLLSRC)  != RCC_OscInitStruct->PLL.PLLSource) ||
 1182              		.loc 1 740 9 is_stmt 1 view .LVU367
 740:Drivers/STM32F0xx_HAL_Driver/Src/stm32f0xx_hal_rcc.c ****         if((READ_BIT(pll_config,  RCC_CFGR_PLLSRC)  != RCC_OscInitStruct->PLL.PLLSource) ||
 1183              		.loc 1 740 21 is_stmt 0 view .LVU368
 1184 0440 D86A     		ldr	r0, [r3, #44]
 1185              	.LVL78:
 741:Drivers/STM32F0xx_HAL_Driver/Src/stm32f0xx_hal_rcc.c ****            (READ_BIT(pll_config2, RCC_CFGR2_PREDIV) != RCC_OscInitStruct->PLL.PREDIV)    ||
 1186              		.loc 1 741 9 is_stmt 1 view .LVU369
 741:Drivers/STM32F0xx_HAL_Driver/Src/stm32f0xx_hal_rcc.c ****            (READ_BIT(pll_config2, RCC_CFGR2_PREDIV) != RCC_OscInitStruct->PLL.PREDIV)    ||
 1187              		.loc 1 741 13 is_stmt 0 view .LVU370
 1188 0442 8023     		movs	r3, #128
 1189 0444 5B02     		lsls	r3, r3, #9
 1190 0446 1340     		ands	r3, r2
 741:Drivers/STM32F0xx_HAL_Driver/Src/stm32f0xx_hal_rcc.c ****            (READ_BIT(pll_config2, RCC_CFGR2_PREDIV) != RCC_OscInitStruct->PLL.PREDIV)    ||
 1191              		.loc 1 741 78 view .LVU371
 1192 0448 616A     		ldr	r1, [r4, #36]
 741:Drivers/STM32F0xx_HAL_Driver/Src/stm32f0xx_hal_rcc.c ****            (READ_BIT(pll_config2, RCC_CFGR2_PREDIV) != RCC_OscInitStruct->PLL.PREDIV)    ||
 1193              		.loc 1 741 11 view .LVU372
 1194 044a 8B42     		cmp	r3, r1
 1195 044c 17D1     		bne	.L98
 742:Drivers/STM32F0xx_HAL_Driver/Src/stm32f0xx_hal_rcc.c ****            (READ_BIT(pll_config,  RCC_CFGR_PLLMUL)  != RCC_OscInitStruct->PLL.PLLMUL))
 1196              		.loc 1 742 13 view .LVU373
 1197 044e 0F23     		movs	r3, #15
 1198 0450 0340     		ands	r3, r0
 742:Drivers/STM32F0xx_HAL_Driver/Src/stm32f0xx_hal_rcc.c ****            (READ_BIT(pll_config,  RCC_CFGR_PLLMUL)  != RCC_OscInitStruct->PLL.PLLMUL))
 1199              		.loc 1 742 78 view .LVU374
 1200 0452 E16A     		ldr	r1, [r4, #44]
 741:Drivers/STM32F0xx_HAL_Driver/Src/stm32f0xx_hal_rcc.c ****            (READ_BIT(pll_config2, RCC_CFGR2_PREDIV) != RCC_OscInitStruct->PLL.PREDIV)    ||
 1201              		.loc 1 741 90 discriminator 1 view .LVU375
 1202 0454 8B42     		cmp	r3, r1
 1203 0456 14D1     		bne	.L99
 743:Drivers/STM32F0xx_HAL_Driver/Src/stm32f0xx_hal_rcc.c ****         {
 1204              		.loc 1 743 13 view .LVU376
 1205 0458 F023     		movs	r3, #240
 1206 045a 9B03     		lsls	r3, r3, #14
 1207 045c 1A40     		ands	r2, r3
 1208              	.LVL79:
 743:Drivers/STM32F0xx_HAL_Driver/Src/stm32f0xx_hal_rcc.c ****         {
 1209              		.loc 1 743 78 view .LVU377
 1210 045e A36A     		ldr	r3, [r4, #40]
 742:Drivers/STM32F0xx_HAL_Driver/Src/stm32f0xx_hal_rcc.c ****            (READ_BIT(pll_config,  RCC_CFGR_PLLMUL)  != RCC_OscInitStruct->PLL.PLLMUL))
 1211              		.loc 1 742 90 view .LVU378
 1212 0460 9A42     		cmp	r2, r3
 1213 0462 10D1     		bne	.L100
 1214              		.loc 1 751 10 view .LVU379
 1215 0464 0020     		movs	r0, #0
 1216              	.LVL80:
 1217              		.loc 1 751 10 view .LVU380
 1218 0466 00E0     		b	.L20
 1219              	.LVL81:
 1220              	.L78:
 307:Drivers/STM32F0xx_HAL_Driver/Src/stm32f0xx_hal_rcc.c ****   }
 1221              		.loc 1 307 12 view .LVU381
 1222 0468 0120     		movs	r0, #1
ARM GAS  C:\Users\three\AppData\Local\Temp\cci8ra5h.s 			page 39


 1223              	.LVL82:
 1224              	.L20:
 752:Drivers/STM32F0xx_HAL_Driver/Src/stm32f0xx_hal_rcc.c **** }
 1225              		.loc 1 752 1 view .LVU382
 1226 046a 02B0     		add	sp, sp, #8
 1227              		@ sp needed
 1228 046c 70BD     		pop	{r4, r5, r6, pc}
 1229              	.LVL83:
 1230              	.L113:
 325:Drivers/STM32F0xx_HAL_Driver/Src/stm32f0xx_hal_rcc.c ****       }
 1231              		.loc 1 325 16 view .LVU383
 1232 046e 0120     		movs	r0, #1
 1233              	.LVL84:
 325:Drivers/STM32F0xx_HAL_Driver/Src/stm32f0xx_hal_rcc.c ****       }
 1234              		.loc 1 325 16 view .LVU384
 1235 0470 FBE7     		b	.L20
 1236              	.L82:
 379:Drivers/STM32F0xx_HAL_Driver/Src/stm32f0xx_hal_rcc.c ****       }
 1237              		.loc 1 379 16 view .LVU385
 1238 0472 0120     		movs	r0, #1
 1239 0474 F9E7     		b	.L20
 1240              	.L93:
 751:Drivers/STM32F0xx_HAL_Driver/Src/stm32f0xx_hal_rcc.c **** }
 1241              		.loc 1 751 10 view .LVU386
 1242 0476 0020     		movs	r0, #0
 1243 0478 F7E7     		b	.L20
 1244              	.L97:
 734:Drivers/STM32F0xx_HAL_Driver/Src/stm32f0xx_hal_rcc.c ****       }
 1245              		.loc 1 734 16 view .LVU387
 1246 047a 0120     		movs	r0, #1
 1247 047c F5E7     		b	.L20
 1248              	.LVL85:
 1249              	.L98:
 745:Drivers/STM32F0xx_HAL_Driver/Src/stm32f0xx_hal_rcc.c ****         }
 1250              		.loc 1 745 18 view .LVU388
 1251 047e 0120     		movs	r0, #1
 1252              	.LVL86:
 745:Drivers/STM32F0xx_HAL_Driver/Src/stm32f0xx_hal_rcc.c ****         }
 1253              		.loc 1 745 18 view .LVU389
 1254 0480 F3E7     		b	.L20
 1255              	.LVL87:
 1256              	.L99:
 745:Drivers/STM32F0xx_HAL_Driver/Src/stm32f0xx_hal_rcc.c ****         }
 1257              		.loc 1 745 18 view .LVU390
 1258 0482 0120     		movs	r0, #1
 1259              	.LVL88:
 745:Drivers/STM32F0xx_HAL_Driver/Src/stm32f0xx_hal_rcc.c ****         }
 1260              		.loc 1 745 18 view .LVU391
 1261 0484 F1E7     		b	.L20
 1262              	.LVL89:
 1263              	.L100:
 745:Drivers/STM32F0xx_HAL_Driver/Src/stm32f0xx_hal_rcc.c ****         }
 1264              		.loc 1 745 18 view .LVU392
 1265 0486 0120     		movs	r0, #1
 1266              	.LVL90:
 745:Drivers/STM32F0xx_HAL_Driver/Src/stm32f0xx_hal_rcc.c ****         }
 1267              		.loc 1 745 18 view .LVU393
ARM GAS  C:\Users\three\AppData\Local\Temp\cci8ra5h.s 			page 40


 1268 0488 EFE7     		b	.L20
 1269              	.L130:
 1270 048a C046     		.align	2
 1271              	.L129:
 1272 048c 00100240 		.word	1073876992
 1273 0490 FFFFFFFE 		.word	-16777217
 1274 0494 FFFFFFEF 		.word	-268435457
 1275 0498 FFFFC2FF 		.word	-3997697
 1276              		.cfi_endproc
 1277              	.LFE41:
 1279              		.section	.text.HAL_RCC_MCOConfig,"ax",%progbits
 1280              		.align	1
 1281              		.global	HAL_RCC_MCOConfig
 1282              		.syntax unified
 1283              		.code	16
 1284              		.thumb_func
 1286              	HAL_RCC_MCOConfig:
 1287              	.LVL91:
 1288              	.LFB43:
 753:Drivers/STM32F0xx_HAL_Driver/Src/stm32f0xx_hal_rcc.c **** 
 754:Drivers/STM32F0xx_HAL_Driver/Src/stm32f0xx_hal_rcc.c **** /**
 755:Drivers/STM32F0xx_HAL_Driver/Src/stm32f0xx_hal_rcc.c ****   * @brief  Initializes the CPU, AHB and APB buses clocks according to the specified 
 756:Drivers/STM32F0xx_HAL_Driver/Src/stm32f0xx_hal_rcc.c ****   *         parameters in the RCC_ClkInitStruct.
 757:Drivers/STM32F0xx_HAL_Driver/Src/stm32f0xx_hal_rcc.c ****   * @param  RCC_ClkInitStruct pointer to an RCC_OscInitTypeDef structure that
 758:Drivers/STM32F0xx_HAL_Driver/Src/stm32f0xx_hal_rcc.c ****   *         contains the configuration information for the RCC peripheral.
 759:Drivers/STM32F0xx_HAL_Driver/Src/stm32f0xx_hal_rcc.c ****   * @param  FLatency FLASH Latency                   
 760:Drivers/STM32F0xx_HAL_Driver/Src/stm32f0xx_hal_rcc.c ****   *          The value of this parameter depend on device used within the same series
 761:Drivers/STM32F0xx_HAL_Driver/Src/stm32f0xx_hal_rcc.c ****   * @note   The SystemCoreClock CMSIS variable is used to store System Clock Frequency 
 762:Drivers/STM32F0xx_HAL_Driver/Src/stm32f0xx_hal_rcc.c ****   *         and updated by @ref HAL_RCC_GetHCLKFreq() function called within this function
 763:Drivers/STM32F0xx_HAL_Driver/Src/stm32f0xx_hal_rcc.c ****   *
 764:Drivers/STM32F0xx_HAL_Driver/Src/stm32f0xx_hal_rcc.c ****   * @note   The HSI is used (enabled by hardware) as system clock source after
 765:Drivers/STM32F0xx_HAL_Driver/Src/stm32f0xx_hal_rcc.c ****   *         start-up from Reset, wake-up from STOP and STANDBY mode, or in case
 766:Drivers/STM32F0xx_HAL_Driver/Src/stm32f0xx_hal_rcc.c ****   *         of failure of the HSE used directly or indirectly as system clock
 767:Drivers/STM32F0xx_HAL_Driver/Src/stm32f0xx_hal_rcc.c ****   *         (if the Clock Security System CSS is enabled).
 768:Drivers/STM32F0xx_HAL_Driver/Src/stm32f0xx_hal_rcc.c ****   *           
 769:Drivers/STM32F0xx_HAL_Driver/Src/stm32f0xx_hal_rcc.c ****   * @note   A switch from one clock source to another occurs only if the target
 770:Drivers/STM32F0xx_HAL_Driver/Src/stm32f0xx_hal_rcc.c ****   *         clock source is ready (clock stable after start-up delay or PLL locked). 
 771:Drivers/STM32F0xx_HAL_Driver/Src/stm32f0xx_hal_rcc.c ****   *         If a clock source which is not yet ready is selected, the switch will
 772:Drivers/STM32F0xx_HAL_Driver/Src/stm32f0xx_hal_rcc.c ****   *         occur when the clock source will be ready. 
 773:Drivers/STM32F0xx_HAL_Driver/Src/stm32f0xx_hal_rcc.c ****   *         You can use @ref HAL_RCC_GetClockConfig() function to know which clock is
 774:Drivers/STM32F0xx_HAL_Driver/Src/stm32f0xx_hal_rcc.c ****   *         currently used as system clock source.
 775:Drivers/STM32F0xx_HAL_Driver/Src/stm32f0xx_hal_rcc.c ****   * @retval HAL status
 776:Drivers/STM32F0xx_HAL_Driver/Src/stm32f0xx_hal_rcc.c ****   */
 777:Drivers/STM32F0xx_HAL_Driver/Src/stm32f0xx_hal_rcc.c **** HAL_StatusTypeDef HAL_RCC_ClockConfig(RCC_ClkInitTypeDef  *RCC_ClkInitStruct, uint32_t FLatency)
 778:Drivers/STM32F0xx_HAL_Driver/Src/stm32f0xx_hal_rcc.c **** {
 779:Drivers/STM32F0xx_HAL_Driver/Src/stm32f0xx_hal_rcc.c ****   uint32_t tickstart;
 780:Drivers/STM32F0xx_HAL_Driver/Src/stm32f0xx_hal_rcc.c **** 
 781:Drivers/STM32F0xx_HAL_Driver/Src/stm32f0xx_hal_rcc.c ****   /* Check Null pointer */
 782:Drivers/STM32F0xx_HAL_Driver/Src/stm32f0xx_hal_rcc.c ****   if(RCC_ClkInitStruct == NULL)
 783:Drivers/STM32F0xx_HAL_Driver/Src/stm32f0xx_hal_rcc.c ****   {
 784:Drivers/STM32F0xx_HAL_Driver/Src/stm32f0xx_hal_rcc.c ****     return HAL_ERROR;
 785:Drivers/STM32F0xx_HAL_Driver/Src/stm32f0xx_hal_rcc.c ****   }
 786:Drivers/STM32F0xx_HAL_Driver/Src/stm32f0xx_hal_rcc.c **** 
 787:Drivers/STM32F0xx_HAL_Driver/Src/stm32f0xx_hal_rcc.c ****   /* Check the parameters */
 788:Drivers/STM32F0xx_HAL_Driver/Src/stm32f0xx_hal_rcc.c ****   assert_param(IS_RCC_CLOCKTYPE(RCC_ClkInitStruct->ClockType));
 789:Drivers/STM32F0xx_HAL_Driver/Src/stm32f0xx_hal_rcc.c ****   assert_param(IS_FLASH_LATENCY(FLatency));
 790:Drivers/STM32F0xx_HAL_Driver/Src/stm32f0xx_hal_rcc.c **** 
ARM GAS  C:\Users\three\AppData\Local\Temp\cci8ra5h.s 			page 41


 791:Drivers/STM32F0xx_HAL_Driver/Src/stm32f0xx_hal_rcc.c ****   /* To correctly read data from FLASH memory, the number of wait states (LATENCY) 
 792:Drivers/STM32F0xx_HAL_Driver/Src/stm32f0xx_hal_rcc.c ****   must be correctly programmed according to the frequency of the CPU clock 
 793:Drivers/STM32F0xx_HAL_Driver/Src/stm32f0xx_hal_rcc.c ****     (HCLK) of the device. */
 794:Drivers/STM32F0xx_HAL_Driver/Src/stm32f0xx_hal_rcc.c **** 
 795:Drivers/STM32F0xx_HAL_Driver/Src/stm32f0xx_hal_rcc.c ****   /* Increasing the number of wait states because of higher CPU frequency */
 796:Drivers/STM32F0xx_HAL_Driver/Src/stm32f0xx_hal_rcc.c ****   if(FLatency > __HAL_FLASH_GET_LATENCY())
 797:Drivers/STM32F0xx_HAL_Driver/Src/stm32f0xx_hal_rcc.c ****   {    
 798:Drivers/STM32F0xx_HAL_Driver/Src/stm32f0xx_hal_rcc.c ****     /* Program the new number of wait states to the LATENCY bits in the FLASH_ACR register */
 799:Drivers/STM32F0xx_HAL_Driver/Src/stm32f0xx_hal_rcc.c ****     __HAL_FLASH_SET_LATENCY(FLatency);
 800:Drivers/STM32F0xx_HAL_Driver/Src/stm32f0xx_hal_rcc.c ****     
 801:Drivers/STM32F0xx_HAL_Driver/Src/stm32f0xx_hal_rcc.c ****     /* Check that the new number of wait states is taken into account to access the Flash
 802:Drivers/STM32F0xx_HAL_Driver/Src/stm32f0xx_hal_rcc.c ****     memory by reading the FLASH_ACR register */
 803:Drivers/STM32F0xx_HAL_Driver/Src/stm32f0xx_hal_rcc.c ****     if(__HAL_FLASH_GET_LATENCY() != FLatency)
 804:Drivers/STM32F0xx_HAL_Driver/Src/stm32f0xx_hal_rcc.c ****     {
 805:Drivers/STM32F0xx_HAL_Driver/Src/stm32f0xx_hal_rcc.c ****       return HAL_ERROR;
 806:Drivers/STM32F0xx_HAL_Driver/Src/stm32f0xx_hal_rcc.c ****     }
 807:Drivers/STM32F0xx_HAL_Driver/Src/stm32f0xx_hal_rcc.c ****   }
 808:Drivers/STM32F0xx_HAL_Driver/Src/stm32f0xx_hal_rcc.c **** 
 809:Drivers/STM32F0xx_HAL_Driver/Src/stm32f0xx_hal_rcc.c ****   /*-------------------------- HCLK Configuration --------------------------*/
 810:Drivers/STM32F0xx_HAL_Driver/Src/stm32f0xx_hal_rcc.c ****   if(((RCC_ClkInitStruct->ClockType) & RCC_CLOCKTYPE_HCLK) == RCC_CLOCKTYPE_HCLK)
 811:Drivers/STM32F0xx_HAL_Driver/Src/stm32f0xx_hal_rcc.c ****   {
 812:Drivers/STM32F0xx_HAL_Driver/Src/stm32f0xx_hal_rcc.c ****     /* Set the highest APB divider in order to ensure that we do not go through
 813:Drivers/STM32F0xx_HAL_Driver/Src/stm32f0xx_hal_rcc.c ****        a non-spec phase whatever we decrease or increase HCLK. */
 814:Drivers/STM32F0xx_HAL_Driver/Src/stm32f0xx_hal_rcc.c ****     if(((RCC_ClkInitStruct->ClockType) & RCC_CLOCKTYPE_PCLK1) == RCC_CLOCKTYPE_PCLK1)
 815:Drivers/STM32F0xx_HAL_Driver/Src/stm32f0xx_hal_rcc.c ****     {
 816:Drivers/STM32F0xx_HAL_Driver/Src/stm32f0xx_hal_rcc.c ****       MODIFY_REG(RCC->CFGR, RCC_CFGR_PPRE, RCC_HCLK_DIV16);
 817:Drivers/STM32F0xx_HAL_Driver/Src/stm32f0xx_hal_rcc.c ****     }
 818:Drivers/STM32F0xx_HAL_Driver/Src/stm32f0xx_hal_rcc.c **** 
 819:Drivers/STM32F0xx_HAL_Driver/Src/stm32f0xx_hal_rcc.c ****     /* Set the new HCLK clock divider */
 820:Drivers/STM32F0xx_HAL_Driver/Src/stm32f0xx_hal_rcc.c ****     assert_param(IS_RCC_HCLK(RCC_ClkInitStruct->AHBCLKDivider));
 821:Drivers/STM32F0xx_HAL_Driver/Src/stm32f0xx_hal_rcc.c ****     MODIFY_REG(RCC->CFGR, RCC_CFGR_HPRE, RCC_ClkInitStruct->AHBCLKDivider);
 822:Drivers/STM32F0xx_HAL_Driver/Src/stm32f0xx_hal_rcc.c ****   }
 823:Drivers/STM32F0xx_HAL_Driver/Src/stm32f0xx_hal_rcc.c **** 
 824:Drivers/STM32F0xx_HAL_Driver/Src/stm32f0xx_hal_rcc.c ****   /*------------------------- SYSCLK Configuration ---------------------------*/ 
 825:Drivers/STM32F0xx_HAL_Driver/Src/stm32f0xx_hal_rcc.c ****   if(((RCC_ClkInitStruct->ClockType) & RCC_CLOCKTYPE_SYSCLK) == RCC_CLOCKTYPE_SYSCLK)
 826:Drivers/STM32F0xx_HAL_Driver/Src/stm32f0xx_hal_rcc.c ****   {
 827:Drivers/STM32F0xx_HAL_Driver/Src/stm32f0xx_hal_rcc.c ****     assert_param(IS_RCC_SYSCLKSOURCE(RCC_ClkInitStruct->SYSCLKSource));
 828:Drivers/STM32F0xx_HAL_Driver/Src/stm32f0xx_hal_rcc.c ****     
 829:Drivers/STM32F0xx_HAL_Driver/Src/stm32f0xx_hal_rcc.c ****     /* HSE is selected as System Clock Source */
 830:Drivers/STM32F0xx_HAL_Driver/Src/stm32f0xx_hal_rcc.c ****     if(RCC_ClkInitStruct->SYSCLKSource == RCC_SYSCLKSOURCE_HSE)
 831:Drivers/STM32F0xx_HAL_Driver/Src/stm32f0xx_hal_rcc.c ****     {
 832:Drivers/STM32F0xx_HAL_Driver/Src/stm32f0xx_hal_rcc.c ****       /* Check the HSE ready flag */  
 833:Drivers/STM32F0xx_HAL_Driver/Src/stm32f0xx_hal_rcc.c ****       if(__HAL_RCC_GET_FLAG(RCC_FLAG_HSERDY) == RESET)
 834:Drivers/STM32F0xx_HAL_Driver/Src/stm32f0xx_hal_rcc.c ****       {
 835:Drivers/STM32F0xx_HAL_Driver/Src/stm32f0xx_hal_rcc.c ****         return HAL_ERROR;
 836:Drivers/STM32F0xx_HAL_Driver/Src/stm32f0xx_hal_rcc.c ****       }
 837:Drivers/STM32F0xx_HAL_Driver/Src/stm32f0xx_hal_rcc.c ****     }
 838:Drivers/STM32F0xx_HAL_Driver/Src/stm32f0xx_hal_rcc.c ****     /* PLL is selected as System Clock Source */
 839:Drivers/STM32F0xx_HAL_Driver/Src/stm32f0xx_hal_rcc.c ****     else if(RCC_ClkInitStruct->SYSCLKSource == RCC_SYSCLKSOURCE_PLLCLK)
 840:Drivers/STM32F0xx_HAL_Driver/Src/stm32f0xx_hal_rcc.c ****     {
 841:Drivers/STM32F0xx_HAL_Driver/Src/stm32f0xx_hal_rcc.c ****       /* Check the PLL ready flag */  
 842:Drivers/STM32F0xx_HAL_Driver/Src/stm32f0xx_hal_rcc.c ****       if(__HAL_RCC_GET_FLAG(RCC_FLAG_PLLRDY) == RESET)
 843:Drivers/STM32F0xx_HAL_Driver/Src/stm32f0xx_hal_rcc.c ****       {
 844:Drivers/STM32F0xx_HAL_Driver/Src/stm32f0xx_hal_rcc.c ****         return HAL_ERROR;
 845:Drivers/STM32F0xx_HAL_Driver/Src/stm32f0xx_hal_rcc.c ****       }
 846:Drivers/STM32F0xx_HAL_Driver/Src/stm32f0xx_hal_rcc.c ****     }
 847:Drivers/STM32F0xx_HAL_Driver/Src/stm32f0xx_hal_rcc.c **** #if defined(RCC_CFGR_SWS_HSI48)
ARM GAS  C:\Users\three\AppData\Local\Temp\cci8ra5h.s 			page 42


 848:Drivers/STM32F0xx_HAL_Driver/Src/stm32f0xx_hal_rcc.c ****     /* HSI48 is selected as System Clock Source */
 849:Drivers/STM32F0xx_HAL_Driver/Src/stm32f0xx_hal_rcc.c ****     else if(RCC_ClkInitStruct->SYSCLKSource == RCC_SYSCLKSOURCE_HSI48)
 850:Drivers/STM32F0xx_HAL_Driver/Src/stm32f0xx_hal_rcc.c ****     {
 851:Drivers/STM32F0xx_HAL_Driver/Src/stm32f0xx_hal_rcc.c ****       /* Check the HSI48 ready flag */
 852:Drivers/STM32F0xx_HAL_Driver/Src/stm32f0xx_hal_rcc.c ****       if(__HAL_RCC_GET_FLAG(RCC_FLAG_HSI48RDY) == RESET)
 853:Drivers/STM32F0xx_HAL_Driver/Src/stm32f0xx_hal_rcc.c ****       {
 854:Drivers/STM32F0xx_HAL_Driver/Src/stm32f0xx_hal_rcc.c ****         return HAL_ERROR;
 855:Drivers/STM32F0xx_HAL_Driver/Src/stm32f0xx_hal_rcc.c ****       }
 856:Drivers/STM32F0xx_HAL_Driver/Src/stm32f0xx_hal_rcc.c ****     }
 857:Drivers/STM32F0xx_HAL_Driver/Src/stm32f0xx_hal_rcc.c **** #endif /* RCC_CFGR_SWS_HSI48 */
 858:Drivers/STM32F0xx_HAL_Driver/Src/stm32f0xx_hal_rcc.c ****     /* HSI is selected as System Clock Source */
 859:Drivers/STM32F0xx_HAL_Driver/Src/stm32f0xx_hal_rcc.c ****     else
 860:Drivers/STM32F0xx_HAL_Driver/Src/stm32f0xx_hal_rcc.c ****     {
 861:Drivers/STM32F0xx_HAL_Driver/Src/stm32f0xx_hal_rcc.c ****       /* Check the HSI ready flag */  
 862:Drivers/STM32F0xx_HAL_Driver/Src/stm32f0xx_hal_rcc.c ****       if(__HAL_RCC_GET_FLAG(RCC_FLAG_HSIRDY) == RESET)
 863:Drivers/STM32F0xx_HAL_Driver/Src/stm32f0xx_hal_rcc.c ****       {
 864:Drivers/STM32F0xx_HAL_Driver/Src/stm32f0xx_hal_rcc.c ****         return HAL_ERROR;
 865:Drivers/STM32F0xx_HAL_Driver/Src/stm32f0xx_hal_rcc.c ****       }
 866:Drivers/STM32F0xx_HAL_Driver/Src/stm32f0xx_hal_rcc.c ****     }
 867:Drivers/STM32F0xx_HAL_Driver/Src/stm32f0xx_hal_rcc.c ****     __HAL_RCC_SYSCLK_CONFIG(RCC_ClkInitStruct->SYSCLKSource);
 868:Drivers/STM32F0xx_HAL_Driver/Src/stm32f0xx_hal_rcc.c **** 
 869:Drivers/STM32F0xx_HAL_Driver/Src/stm32f0xx_hal_rcc.c ****     /* Get Start Tick */
 870:Drivers/STM32F0xx_HAL_Driver/Src/stm32f0xx_hal_rcc.c ****     tickstart = HAL_GetTick();
 871:Drivers/STM32F0xx_HAL_Driver/Src/stm32f0xx_hal_rcc.c ****     
 872:Drivers/STM32F0xx_HAL_Driver/Src/stm32f0xx_hal_rcc.c ****     while (__HAL_RCC_GET_SYSCLK_SOURCE() != (RCC_ClkInitStruct->SYSCLKSource << RCC_CFGR_SWS_Pos))
 873:Drivers/STM32F0xx_HAL_Driver/Src/stm32f0xx_hal_rcc.c ****     {
 874:Drivers/STM32F0xx_HAL_Driver/Src/stm32f0xx_hal_rcc.c ****       if((HAL_GetTick() - tickstart ) > CLOCKSWITCH_TIMEOUT_VALUE)
 875:Drivers/STM32F0xx_HAL_Driver/Src/stm32f0xx_hal_rcc.c ****       {
 876:Drivers/STM32F0xx_HAL_Driver/Src/stm32f0xx_hal_rcc.c ****         return HAL_TIMEOUT;
 877:Drivers/STM32F0xx_HAL_Driver/Src/stm32f0xx_hal_rcc.c ****       }
 878:Drivers/STM32F0xx_HAL_Driver/Src/stm32f0xx_hal_rcc.c ****     }
 879:Drivers/STM32F0xx_HAL_Driver/Src/stm32f0xx_hal_rcc.c ****   }
 880:Drivers/STM32F0xx_HAL_Driver/Src/stm32f0xx_hal_rcc.c **** 
 881:Drivers/STM32F0xx_HAL_Driver/Src/stm32f0xx_hal_rcc.c ****   /* Decreasing the number of wait states because of lower CPU frequency */
 882:Drivers/STM32F0xx_HAL_Driver/Src/stm32f0xx_hal_rcc.c ****   if(FLatency < __HAL_FLASH_GET_LATENCY())
 883:Drivers/STM32F0xx_HAL_Driver/Src/stm32f0xx_hal_rcc.c ****   {    
 884:Drivers/STM32F0xx_HAL_Driver/Src/stm32f0xx_hal_rcc.c ****     /* Program the new number of wait states to the LATENCY bits in the FLASH_ACR register */
 885:Drivers/STM32F0xx_HAL_Driver/Src/stm32f0xx_hal_rcc.c ****     __HAL_FLASH_SET_LATENCY(FLatency);
 886:Drivers/STM32F0xx_HAL_Driver/Src/stm32f0xx_hal_rcc.c ****     
 887:Drivers/STM32F0xx_HAL_Driver/Src/stm32f0xx_hal_rcc.c ****     /* Check that the new number of wait states is taken into account to access the Flash
 888:Drivers/STM32F0xx_HAL_Driver/Src/stm32f0xx_hal_rcc.c ****     memory by reading the FLASH_ACR register */
 889:Drivers/STM32F0xx_HAL_Driver/Src/stm32f0xx_hal_rcc.c ****     if(__HAL_FLASH_GET_LATENCY() != FLatency)
 890:Drivers/STM32F0xx_HAL_Driver/Src/stm32f0xx_hal_rcc.c ****     {
 891:Drivers/STM32F0xx_HAL_Driver/Src/stm32f0xx_hal_rcc.c ****       return HAL_ERROR;
 892:Drivers/STM32F0xx_HAL_Driver/Src/stm32f0xx_hal_rcc.c ****     }
 893:Drivers/STM32F0xx_HAL_Driver/Src/stm32f0xx_hal_rcc.c ****   }    
 894:Drivers/STM32F0xx_HAL_Driver/Src/stm32f0xx_hal_rcc.c **** 
 895:Drivers/STM32F0xx_HAL_Driver/Src/stm32f0xx_hal_rcc.c ****   /*-------------------------- PCLK1 Configuration ---------------------------*/ 
 896:Drivers/STM32F0xx_HAL_Driver/Src/stm32f0xx_hal_rcc.c ****   if(((RCC_ClkInitStruct->ClockType) & RCC_CLOCKTYPE_PCLK1) == RCC_CLOCKTYPE_PCLK1)
 897:Drivers/STM32F0xx_HAL_Driver/Src/stm32f0xx_hal_rcc.c ****   {
 898:Drivers/STM32F0xx_HAL_Driver/Src/stm32f0xx_hal_rcc.c ****     assert_param(IS_RCC_PCLK(RCC_ClkInitStruct->APB1CLKDivider));
 899:Drivers/STM32F0xx_HAL_Driver/Src/stm32f0xx_hal_rcc.c ****     MODIFY_REG(RCC->CFGR, RCC_CFGR_PPRE, RCC_ClkInitStruct->APB1CLKDivider);
 900:Drivers/STM32F0xx_HAL_Driver/Src/stm32f0xx_hal_rcc.c ****   }
 901:Drivers/STM32F0xx_HAL_Driver/Src/stm32f0xx_hal_rcc.c ****   
 902:Drivers/STM32F0xx_HAL_Driver/Src/stm32f0xx_hal_rcc.c ****   /* Update the SystemCoreClock global variable */
 903:Drivers/STM32F0xx_HAL_Driver/Src/stm32f0xx_hal_rcc.c ****   SystemCoreClock = HAL_RCC_GetSysClockFreq() >> AHBPrescTable[(RCC->CFGR & RCC_CFGR_HPRE)>> RCC_CF
 904:Drivers/STM32F0xx_HAL_Driver/Src/stm32f0xx_hal_rcc.c **** 
ARM GAS  C:\Users\three\AppData\Local\Temp\cci8ra5h.s 			page 43


 905:Drivers/STM32F0xx_HAL_Driver/Src/stm32f0xx_hal_rcc.c ****   /* Configure the source of time base considering new system clocks settings*/
 906:Drivers/STM32F0xx_HAL_Driver/Src/stm32f0xx_hal_rcc.c ****   HAL_InitTick (TICK_INT_PRIORITY);
 907:Drivers/STM32F0xx_HAL_Driver/Src/stm32f0xx_hal_rcc.c ****   
 908:Drivers/STM32F0xx_HAL_Driver/Src/stm32f0xx_hal_rcc.c ****   return HAL_OK;
 909:Drivers/STM32F0xx_HAL_Driver/Src/stm32f0xx_hal_rcc.c **** }
 910:Drivers/STM32F0xx_HAL_Driver/Src/stm32f0xx_hal_rcc.c **** 
 911:Drivers/STM32F0xx_HAL_Driver/Src/stm32f0xx_hal_rcc.c **** /**
 912:Drivers/STM32F0xx_HAL_Driver/Src/stm32f0xx_hal_rcc.c ****   * @}
 913:Drivers/STM32F0xx_HAL_Driver/Src/stm32f0xx_hal_rcc.c ****   */
 914:Drivers/STM32F0xx_HAL_Driver/Src/stm32f0xx_hal_rcc.c **** 
 915:Drivers/STM32F0xx_HAL_Driver/Src/stm32f0xx_hal_rcc.c **** /** @defgroup RCC_Exported_Functions_Group2 Peripheral Control functions
 916:Drivers/STM32F0xx_HAL_Driver/Src/stm32f0xx_hal_rcc.c ****   *  @brief   RCC clocks control functions
 917:Drivers/STM32F0xx_HAL_Driver/Src/stm32f0xx_hal_rcc.c ****   *
 918:Drivers/STM32F0xx_HAL_Driver/Src/stm32f0xx_hal_rcc.c ****   @verbatim   
 919:Drivers/STM32F0xx_HAL_Driver/Src/stm32f0xx_hal_rcc.c ****   ===============================================================================
 920:Drivers/STM32F0xx_HAL_Driver/Src/stm32f0xx_hal_rcc.c ****                   ##### Peripheral Control functions #####
 921:Drivers/STM32F0xx_HAL_Driver/Src/stm32f0xx_hal_rcc.c ****   ===============================================================================  
 922:Drivers/STM32F0xx_HAL_Driver/Src/stm32f0xx_hal_rcc.c ****     [..]
 923:Drivers/STM32F0xx_HAL_Driver/Src/stm32f0xx_hal_rcc.c ****     This subsection provides a set of functions allowing to control the RCC Clocks 
 924:Drivers/STM32F0xx_HAL_Driver/Src/stm32f0xx_hal_rcc.c ****     frequencies.
 925:Drivers/STM32F0xx_HAL_Driver/Src/stm32f0xx_hal_rcc.c **** 
 926:Drivers/STM32F0xx_HAL_Driver/Src/stm32f0xx_hal_rcc.c ****   @endverbatim
 927:Drivers/STM32F0xx_HAL_Driver/Src/stm32f0xx_hal_rcc.c ****   * @{
 928:Drivers/STM32F0xx_HAL_Driver/Src/stm32f0xx_hal_rcc.c ****   */
 929:Drivers/STM32F0xx_HAL_Driver/Src/stm32f0xx_hal_rcc.c **** 
 930:Drivers/STM32F0xx_HAL_Driver/Src/stm32f0xx_hal_rcc.c **** #if defined(RCC_CFGR_MCOPRE)
 931:Drivers/STM32F0xx_HAL_Driver/Src/stm32f0xx_hal_rcc.c **** /**
 932:Drivers/STM32F0xx_HAL_Driver/Src/stm32f0xx_hal_rcc.c ****   * @brief  Selects the clock source to output on MCO pin.
 933:Drivers/STM32F0xx_HAL_Driver/Src/stm32f0xx_hal_rcc.c ****   * @note   MCO pin should be configured in alternate function mode.
 934:Drivers/STM32F0xx_HAL_Driver/Src/stm32f0xx_hal_rcc.c ****   * @param  RCC_MCOx specifies the output direction for the clock source.
 935:Drivers/STM32F0xx_HAL_Driver/Src/stm32f0xx_hal_rcc.c ****   *          This parameter can be one of the following values:
 936:Drivers/STM32F0xx_HAL_Driver/Src/stm32f0xx_hal_rcc.c ****   *            @arg @ref RCC_MCO1 Clock source to output on MCO1 pin(PA8).
 937:Drivers/STM32F0xx_HAL_Driver/Src/stm32f0xx_hal_rcc.c ****   * @param  RCC_MCOSource specifies the clock source to output.
 938:Drivers/STM32F0xx_HAL_Driver/Src/stm32f0xx_hal_rcc.c ****   *          This parameter can be one of the following values:
 939:Drivers/STM32F0xx_HAL_Driver/Src/stm32f0xx_hal_rcc.c ****   *            @arg @ref RCC_MCO1SOURCE_NOCLOCK     No clock selected
 940:Drivers/STM32F0xx_HAL_Driver/Src/stm32f0xx_hal_rcc.c ****   *            @arg @ref RCC_MCO1SOURCE_SYSCLK      System Clock selected as MCO clock
 941:Drivers/STM32F0xx_HAL_Driver/Src/stm32f0xx_hal_rcc.c ****   *            @arg @ref RCC_MCO1SOURCE_HSI         HSI selected as MCO clock
 942:Drivers/STM32F0xx_HAL_Driver/Src/stm32f0xx_hal_rcc.c ****   *            @arg @ref RCC_MCO1SOURCE_HSE         HSE selected as MCO clock
 943:Drivers/STM32F0xx_HAL_Driver/Src/stm32f0xx_hal_rcc.c ****   *            @arg @ref RCC_MCO1SOURCE_LSI         LSI selected as MCO clock
 944:Drivers/STM32F0xx_HAL_Driver/Src/stm32f0xx_hal_rcc.c ****   *            @arg @ref RCC_MCO1SOURCE_LSE         LSE selected as MCO clock
 945:Drivers/STM32F0xx_HAL_Driver/Src/stm32f0xx_hal_rcc.c ****   *            @arg @ref RCC_MCO1SOURCE_HSI14       HSI14 selected as MCO clock
 946:Drivers/STM32F0xx_HAL_Driver/Src/stm32f0xx_hal_rcc.c ****   @if STM32F042x6
 947:Drivers/STM32F0xx_HAL_Driver/Src/stm32f0xx_hal_rcc.c ****   *            @arg @ref RCC_MCO1SOURCE_HSI48       HSI48 selected as MCO clock
 948:Drivers/STM32F0xx_HAL_Driver/Src/stm32f0xx_hal_rcc.c ****   *            @arg @ref RCC_MCO1SOURCE_PLLCLK      PLLCLK selected as MCO clock
 949:Drivers/STM32F0xx_HAL_Driver/Src/stm32f0xx_hal_rcc.c ****   @elseif STM32F048xx
 950:Drivers/STM32F0xx_HAL_Driver/Src/stm32f0xx_hal_rcc.c ****   *            @arg @ref RCC_MCO1SOURCE_HSI48       HSI48 selected as MCO clock
 951:Drivers/STM32F0xx_HAL_Driver/Src/stm32f0xx_hal_rcc.c ****   *            @arg @ref RCC_MCO1SOURCE_PLLCLK      PLLCLK selected as MCO clock
 952:Drivers/STM32F0xx_HAL_Driver/Src/stm32f0xx_hal_rcc.c ****   @elseif STM32F071xB
 953:Drivers/STM32F0xx_HAL_Driver/Src/stm32f0xx_hal_rcc.c ****   *            @arg @ref RCC_MCO1SOURCE_HSI48       HSI48 selected as MCO clock
 954:Drivers/STM32F0xx_HAL_Driver/Src/stm32f0xx_hal_rcc.c ****   *            @arg @ref RCC_MCO1SOURCE_PLLCLK      PLLCLK selected as MCO clock
 955:Drivers/STM32F0xx_HAL_Driver/Src/stm32f0xx_hal_rcc.c ****   @elseif STM32F072xB
 956:Drivers/STM32F0xx_HAL_Driver/Src/stm32f0xx_hal_rcc.c ****   *            @arg @ref RCC_MCO1SOURCE_HSI48       HSI48 selected as MCO clock
 957:Drivers/STM32F0xx_HAL_Driver/Src/stm32f0xx_hal_rcc.c ****   *            @arg @ref RCC_MCO1SOURCE_PLLCLK      PLLCLK selected as MCO clock
 958:Drivers/STM32F0xx_HAL_Driver/Src/stm32f0xx_hal_rcc.c ****   @elseif STM32F078xx
 959:Drivers/STM32F0xx_HAL_Driver/Src/stm32f0xx_hal_rcc.c ****   *            @arg @ref RCC_MCO1SOURCE_HSI48       HSI48 selected as MCO clock
 960:Drivers/STM32F0xx_HAL_Driver/Src/stm32f0xx_hal_rcc.c ****   *            @arg @ref RCC_MCO1SOURCE_PLLCLK      PLLCLK selected as MCO clock
 961:Drivers/STM32F0xx_HAL_Driver/Src/stm32f0xx_hal_rcc.c ****   @elseif STM32F091xC
ARM GAS  C:\Users\three\AppData\Local\Temp\cci8ra5h.s 			page 44


 962:Drivers/STM32F0xx_HAL_Driver/Src/stm32f0xx_hal_rcc.c ****   *            @arg @ref RCC_MCO1SOURCE_HSI48       HSI48 selected as MCO clock
 963:Drivers/STM32F0xx_HAL_Driver/Src/stm32f0xx_hal_rcc.c ****   *            @arg @ref RCC_MCO1SOURCE_PLLCLK      PLLCLK selected as MCO clock
 964:Drivers/STM32F0xx_HAL_Driver/Src/stm32f0xx_hal_rcc.c ****   @elseif STM32F098xx
 965:Drivers/STM32F0xx_HAL_Driver/Src/stm32f0xx_hal_rcc.c ****   *            @arg @ref RCC_MCO1SOURCE_HSI48       HSI48 selected as MCO clock
 966:Drivers/STM32F0xx_HAL_Driver/Src/stm32f0xx_hal_rcc.c ****   *            @arg @ref RCC_MCO1SOURCE_PLLCLK      PLLCLK selected as MCO clock
 967:Drivers/STM32F0xx_HAL_Driver/Src/stm32f0xx_hal_rcc.c ****   @elif STM32F030x6
 968:Drivers/STM32F0xx_HAL_Driver/Src/stm32f0xx_hal_rcc.c ****   *            @arg @ref RCC_MCO1SOURCE_PLLCLK      PLLCLK selected as MCO clock
 969:Drivers/STM32F0xx_HAL_Driver/Src/stm32f0xx_hal_rcc.c ****   @elif STM32F030xC
 970:Drivers/STM32F0xx_HAL_Driver/Src/stm32f0xx_hal_rcc.c ****   *            @arg @ref RCC_MCO1SOURCE_PLLCLK      PLLCLK selected as MCO clock
 971:Drivers/STM32F0xx_HAL_Driver/Src/stm32f0xx_hal_rcc.c ****   @elif STM32F031x6
 972:Drivers/STM32F0xx_HAL_Driver/Src/stm32f0xx_hal_rcc.c ****   *            @arg @ref RCC_MCO1SOURCE_PLLCLK      PLLCLK selected as MCO clock
 973:Drivers/STM32F0xx_HAL_Driver/Src/stm32f0xx_hal_rcc.c ****   @elif STM32F038xx
 974:Drivers/STM32F0xx_HAL_Driver/Src/stm32f0xx_hal_rcc.c ****   *            @arg @ref RCC_MCO1SOURCE_PLLCLK      PLLCLK selected as MCO clock
 975:Drivers/STM32F0xx_HAL_Driver/Src/stm32f0xx_hal_rcc.c ****   @elif STM32F070x6
 976:Drivers/STM32F0xx_HAL_Driver/Src/stm32f0xx_hal_rcc.c ****   *            @arg @ref RCC_MCO1SOURCE_PLLCLK      PLLCLK selected as MCO clock
 977:Drivers/STM32F0xx_HAL_Driver/Src/stm32f0xx_hal_rcc.c ****   @elif STM32F070xB
 978:Drivers/STM32F0xx_HAL_Driver/Src/stm32f0xx_hal_rcc.c ****   *            @arg @ref RCC_MCO1SOURCE_PLLCLK      PLLCLK selected as MCO clock
 979:Drivers/STM32F0xx_HAL_Driver/Src/stm32f0xx_hal_rcc.c ****   @endif
 980:Drivers/STM32F0xx_HAL_Driver/Src/stm32f0xx_hal_rcc.c ****   *            @arg @ref RCC_MCO1SOURCE_PLLCLK_DIV2 PLLCLK Divided by 2 selected as MCO clock
 981:Drivers/STM32F0xx_HAL_Driver/Src/stm32f0xx_hal_rcc.c ****   * @param  RCC_MCODiv specifies the MCO DIV.
 982:Drivers/STM32F0xx_HAL_Driver/Src/stm32f0xx_hal_rcc.c ****   *          This parameter can be one of the following values:
 983:Drivers/STM32F0xx_HAL_Driver/Src/stm32f0xx_hal_rcc.c ****   *            @arg @ref RCC_MCODIV_1   no division applied to MCO clock
 984:Drivers/STM32F0xx_HAL_Driver/Src/stm32f0xx_hal_rcc.c ****   *            @arg @ref RCC_MCODIV_2   division by 2 applied to MCO clock
 985:Drivers/STM32F0xx_HAL_Driver/Src/stm32f0xx_hal_rcc.c ****   *            @arg @ref RCC_MCODIV_4   division by 4 applied to MCO clock
 986:Drivers/STM32F0xx_HAL_Driver/Src/stm32f0xx_hal_rcc.c ****   *            @arg @ref RCC_MCODIV_8   division by 8 applied to MCO clock
 987:Drivers/STM32F0xx_HAL_Driver/Src/stm32f0xx_hal_rcc.c ****   *            @arg @ref RCC_MCODIV_16  division by 16 applied to MCO clock
 988:Drivers/STM32F0xx_HAL_Driver/Src/stm32f0xx_hal_rcc.c ****   *            @arg @ref RCC_MCODIV_32  division by 32 applied to MCO clock
 989:Drivers/STM32F0xx_HAL_Driver/Src/stm32f0xx_hal_rcc.c ****   *            @arg @ref RCC_MCODIV_64  division by 64 applied to MCO clock
 990:Drivers/STM32F0xx_HAL_Driver/Src/stm32f0xx_hal_rcc.c ****   *            @arg @ref RCC_MCODIV_128 division by 128 applied to MCO clock
 991:Drivers/STM32F0xx_HAL_Driver/Src/stm32f0xx_hal_rcc.c ****   * @retval None
 992:Drivers/STM32F0xx_HAL_Driver/Src/stm32f0xx_hal_rcc.c ****   */
 993:Drivers/STM32F0xx_HAL_Driver/Src/stm32f0xx_hal_rcc.c **** #else
 994:Drivers/STM32F0xx_HAL_Driver/Src/stm32f0xx_hal_rcc.c **** /**
 995:Drivers/STM32F0xx_HAL_Driver/Src/stm32f0xx_hal_rcc.c ****   * @brief  Selects the clock source to output on MCO pin.
 996:Drivers/STM32F0xx_HAL_Driver/Src/stm32f0xx_hal_rcc.c ****   * @note   MCO pin should be configured in alternate function mode.
 997:Drivers/STM32F0xx_HAL_Driver/Src/stm32f0xx_hal_rcc.c ****   * @param  RCC_MCOx specifies the output direction for the clock source.
 998:Drivers/STM32F0xx_HAL_Driver/Src/stm32f0xx_hal_rcc.c ****   *          This parameter can be one of the following values:
 999:Drivers/STM32F0xx_HAL_Driver/Src/stm32f0xx_hal_rcc.c ****   *            @arg @ref RCC_MCO1 Clock source to output on MCO1 pin(PA8).
1000:Drivers/STM32F0xx_HAL_Driver/Src/stm32f0xx_hal_rcc.c ****   * @param  RCC_MCOSource specifies the clock source to output.
1001:Drivers/STM32F0xx_HAL_Driver/Src/stm32f0xx_hal_rcc.c ****   *          This parameter can be one of the following values:
1002:Drivers/STM32F0xx_HAL_Driver/Src/stm32f0xx_hal_rcc.c ****   *            @arg @ref RCC_MCO1SOURCE_NOCLOCK     No clock selected as MCO clock
1003:Drivers/STM32F0xx_HAL_Driver/Src/stm32f0xx_hal_rcc.c ****   *            @arg @ref RCC_MCO1SOURCE_SYSCLK      System clock selected as MCO clock
1004:Drivers/STM32F0xx_HAL_Driver/Src/stm32f0xx_hal_rcc.c ****   *            @arg @ref RCC_MCO1SOURCE_HSI         HSI selected as MCO clock
1005:Drivers/STM32F0xx_HAL_Driver/Src/stm32f0xx_hal_rcc.c ****   *            @arg @ref RCC_MCO1SOURCE_HSE         HSE selected as MCO clock
1006:Drivers/STM32F0xx_HAL_Driver/Src/stm32f0xx_hal_rcc.c ****   *            @arg @ref RCC_MCO1SOURCE_LSI         LSI selected as MCO clock
1007:Drivers/STM32F0xx_HAL_Driver/Src/stm32f0xx_hal_rcc.c ****   *            @arg @ref RCC_MCO1SOURCE_LSE         LSE selected as MCO clock
1008:Drivers/STM32F0xx_HAL_Driver/Src/stm32f0xx_hal_rcc.c ****   *            @arg @ref RCC_MCO1SOURCE_HSI14       HSI14 selected as MCO clock
1009:Drivers/STM32F0xx_HAL_Driver/Src/stm32f0xx_hal_rcc.c ****   *            @arg @ref RCC_MCO1SOURCE_PLLCLK_DIV2 PLLCLK Divided by 2 selected as MCO clock
1010:Drivers/STM32F0xx_HAL_Driver/Src/stm32f0xx_hal_rcc.c ****   * @param  RCC_MCODiv specifies the MCO DIV.
1011:Drivers/STM32F0xx_HAL_Driver/Src/stm32f0xx_hal_rcc.c ****   *          This parameter can be one of the following values:
1012:Drivers/STM32F0xx_HAL_Driver/Src/stm32f0xx_hal_rcc.c ****   *            @arg @ref RCC_MCODIV_1 no division applied to MCO clock
1013:Drivers/STM32F0xx_HAL_Driver/Src/stm32f0xx_hal_rcc.c ****   * @retval None
1014:Drivers/STM32F0xx_HAL_Driver/Src/stm32f0xx_hal_rcc.c ****   */
1015:Drivers/STM32F0xx_HAL_Driver/Src/stm32f0xx_hal_rcc.c **** #endif
1016:Drivers/STM32F0xx_HAL_Driver/Src/stm32f0xx_hal_rcc.c **** void HAL_RCC_MCOConfig(uint32_t RCC_MCOx, uint32_t RCC_MCOSource, uint32_t RCC_MCODiv)
1017:Drivers/STM32F0xx_HAL_Driver/Src/stm32f0xx_hal_rcc.c **** {
 1289              		.loc 1 1017 1 is_stmt 1 view -0
ARM GAS  C:\Users\three\AppData\Local\Temp\cci8ra5h.s 			page 45


 1290              		.cfi_startproc
 1291              		@ args = 0, pretend = 0, frame = 24
 1292              		@ frame_needed = 0, uses_anonymous_args = 0
 1293              		.loc 1 1017 1 is_stmt 0 view .LVU395
 1294 0000 30B5     		push	{r4, r5, lr}
 1295              	.LCFI3:
 1296              		.cfi_def_cfa_offset 12
 1297              		.cfi_offset 4, -12
 1298              		.cfi_offset 5, -8
 1299              		.cfi_offset 14, -4
 1300 0002 87B0     		sub	sp, sp, #28
 1301              	.LCFI4:
 1302              		.cfi_def_cfa_offset 40
 1303 0004 0D00     		movs	r5, r1
1018:Drivers/STM32F0xx_HAL_Driver/Src/stm32f0xx_hal_rcc.c ****   GPIO_InitTypeDef gpio;
 1304              		.loc 1 1018 3 is_stmt 1 view .LVU396
1019:Drivers/STM32F0xx_HAL_Driver/Src/stm32f0xx_hal_rcc.c **** 
1020:Drivers/STM32F0xx_HAL_Driver/Src/stm32f0xx_hal_rcc.c ****   /* Check the parameters */
1021:Drivers/STM32F0xx_HAL_Driver/Src/stm32f0xx_hal_rcc.c ****   assert_param(IS_RCC_MCO(RCC_MCOx));
 1305              		.loc 1 1021 3 view .LVU397
1022:Drivers/STM32F0xx_HAL_Driver/Src/stm32f0xx_hal_rcc.c ****   assert_param(IS_RCC_MCODIV(RCC_MCODiv));
 1306              		.loc 1 1022 3 view .LVU398
1023:Drivers/STM32F0xx_HAL_Driver/Src/stm32f0xx_hal_rcc.c ****   assert_param(IS_RCC_MCO1SOURCE(RCC_MCOSource));
 1307              		.loc 1 1023 3 view .LVU399
1024:Drivers/STM32F0xx_HAL_Driver/Src/stm32f0xx_hal_rcc.c **** 
1025:Drivers/STM32F0xx_HAL_Driver/Src/stm32f0xx_hal_rcc.c ****   /* Prevent unused argument(s) compilation warning */
1026:Drivers/STM32F0xx_HAL_Driver/Src/stm32f0xx_hal_rcc.c ****   UNUSED(RCC_MCOx);
 1308              		.loc 1 1026 3 view .LVU400
1027:Drivers/STM32F0xx_HAL_Driver/Src/stm32f0xx_hal_rcc.c **** 
1028:Drivers/STM32F0xx_HAL_Driver/Src/stm32f0xx_hal_rcc.c ****   /* Configure the MCO1 pin in alternate function mode */
1029:Drivers/STM32F0xx_HAL_Driver/Src/stm32f0xx_hal_rcc.c ****   gpio.Mode      = GPIO_MODE_AF_PP;
 1309              		.loc 1 1029 3 view .LVU401
 1310              		.loc 1 1029 18 is_stmt 0 view .LVU402
 1311 0006 01A9     		add	r1, sp, #4
 1312              	.LVL92:
 1313              		.loc 1 1029 18 view .LVU403
 1314 0008 0223     		movs	r3, #2
 1315 000a 4B60     		str	r3, [r1, #4]
1030:Drivers/STM32F0xx_HAL_Driver/Src/stm32f0xx_hal_rcc.c ****   gpio.Speed     = GPIO_SPEED_FREQ_HIGH;
 1316              		.loc 1 1030 3 is_stmt 1 view .LVU404
 1317              		.loc 1 1030 18 is_stmt 0 view .LVU405
 1318 000c 0133     		adds	r3, r3, #1
 1319 000e CB60     		str	r3, [r1, #12]
1031:Drivers/STM32F0xx_HAL_Driver/Src/stm32f0xx_hal_rcc.c ****   gpio.Pull      = GPIO_NOPULL;
 1320              		.loc 1 1031 3 is_stmt 1 view .LVU406
 1321              		.loc 1 1031 18 is_stmt 0 view .LVU407
 1322 0010 0023     		movs	r3, #0
 1323 0012 8B60     		str	r3, [r1, #8]
1032:Drivers/STM32F0xx_HAL_Driver/Src/stm32f0xx_hal_rcc.c ****   gpio.Pin       = MCO1_PIN;
 1324              		.loc 1 1032 3 is_stmt 1 view .LVU408
 1325              		.loc 1 1032 18 is_stmt 0 view .LVU409
 1326 0014 8022     		movs	r2, #128
 1327              	.LVL93:
 1328              		.loc 1 1032 18 view .LVU410
 1329 0016 5200     		lsls	r2, r2, #1
 1330 0018 0192     		str	r2, [sp, #4]
1033:Drivers/STM32F0xx_HAL_Driver/Src/stm32f0xx_hal_rcc.c ****   gpio.Alternate = GPIO_AF0_MCO;
ARM GAS  C:\Users\three\AppData\Local\Temp\cci8ra5h.s 			page 46


 1331              		.loc 1 1033 3 is_stmt 1 view .LVU411
 1332              		.loc 1 1033 18 is_stmt 0 view .LVU412
 1333 001a 0B61     		str	r3, [r1, #16]
1034:Drivers/STM32F0xx_HAL_Driver/Src/stm32f0xx_hal_rcc.c **** 
1035:Drivers/STM32F0xx_HAL_Driver/Src/stm32f0xx_hal_rcc.c ****   /* MCO1 Clock Enable */
1036:Drivers/STM32F0xx_HAL_Driver/Src/stm32f0xx_hal_rcc.c ****   MCO1_CLK_ENABLE();
 1334              		.loc 1 1036 3 is_stmt 1 view .LVU413
 1335              	.LBB5:
 1336              		.loc 1 1036 3 view .LVU414
 1337              		.loc 1 1036 3 view .LVU415
 1338 001c 0A4C     		ldr	r4, .L132
 1339 001e 6369     		ldr	r3, [r4, #20]
 1340 0020 8022     		movs	r2, #128
 1341 0022 9202     		lsls	r2, r2, #10
 1342 0024 1343     		orrs	r3, r2
 1343 0026 6361     		str	r3, [r4, #20]
 1344              		.loc 1 1036 3 view .LVU416
 1345 0028 6369     		ldr	r3, [r4, #20]
 1346 002a 1340     		ands	r3, r2
 1347 002c 0093     		str	r3, [sp]
 1348              		.loc 1 1036 3 view .LVU417
 1349 002e 009B     		ldr	r3, [sp]
 1350              	.LBE5:
 1351              		.loc 1 1036 3 view .LVU418
1037:Drivers/STM32F0xx_HAL_Driver/Src/stm32f0xx_hal_rcc.c ****   
1038:Drivers/STM32F0xx_HAL_Driver/Src/stm32f0xx_hal_rcc.c ****   HAL_GPIO_Init(MCO1_GPIO_PORT, &gpio);
 1352              		.loc 1 1038 3 view .LVU419
 1353 0030 9020     		movs	r0, #144
 1354              	.LVL94:
 1355              		.loc 1 1038 3 is_stmt 0 view .LVU420
 1356 0032 C005     		lsls	r0, r0, #23
 1357 0034 FFF7FEFF 		bl	HAL_GPIO_Init
 1358              	.LVL95:
1039:Drivers/STM32F0xx_HAL_Driver/Src/stm32f0xx_hal_rcc.c ****   
1040:Drivers/STM32F0xx_HAL_Driver/Src/stm32f0xx_hal_rcc.c ****   /* Configure the MCO clock source */
1041:Drivers/STM32F0xx_HAL_Driver/Src/stm32f0xx_hal_rcc.c ****   __HAL_RCC_MCO1_CONFIG(RCC_MCOSource, RCC_MCODiv);
 1359              		.loc 1 1041 3 is_stmt 1 view .LVU421
 1360 0038 6168     		ldr	r1, [r4, #4]
 1361 003a 044B     		ldr	r3, .L132+4
 1362 003c 1940     		ands	r1, r3
 1363 003e 2943     		orrs	r1, r5
 1364 0040 6160     		str	r1, [r4, #4]
1042:Drivers/STM32F0xx_HAL_Driver/Src/stm32f0xx_hal_rcc.c **** }
 1365              		.loc 1 1042 1 is_stmt 0 view .LVU422
 1366 0042 07B0     		add	sp, sp, #28
 1367              		@ sp needed
 1368              	.LVL96:
 1369              		.loc 1 1042 1 view .LVU423
 1370 0044 30BD     		pop	{r4, r5, pc}
 1371              	.L133:
 1372 0046 C046     		.align	2
 1373              	.L132:
 1374 0048 00100240 		.word	1073876992
 1375 004c FFFFFFF0 		.word	-251658241
 1376              		.cfi_endproc
 1377              	.LFE43:
 1379              		.section	.text.HAL_RCC_EnableCSS,"ax",%progbits
ARM GAS  C:\Users\three\AppData\Local\Temp\cci8ra5h.s 			page 47


 1380              		.align	1
 1381              		.global	HAL_RCC_EnableCSS
 1382              		.syntax unified
 1383              		.code	16
 1384              		.thumb_func
 1386              	HAL_RCC_EnableCSS:
 1387              	.LFB44:
1043:Drivers/STM32F0xx_HAL_Driver/Src/stm32f0xx_hal_rcc.c **** 
1044:Drivers/STM32F0xx_HAL_Driver/Src/stm32f0xx_hal_rcc.c **** /**
1045:Drivers/STM32F0xx_HAL_Driver/Src/stm32f0xx_hal_rcc.c ****   * @brief  Enables the Clock Security System.
1046:Drivers/STM32F0xx_HAL_Driver/Src/stm32f0xx_hal_rcc.c ****   * @note   If a failure is detected on the HSE oscillator clock, this oscillator
1047:Drivers/STM32F0xx_HAL_Driver/Src/stm32f0xx_hal_rcc.c ****   *         is automatically disabled and an interrupt is generated to inform the
1048:Drivers/STM32F0xx_HAL_Driver/Src/stm32f0xx_hal_rcc.c ****   *         software about the failure (Clock Security System Interrupt, CSSI),
1049:Drivers/STM32F0xx_HAL_Driver/Src/stm32f0xx_hal_rcc.c ****   *         allowing the MCU to perform rescue operations. The CSSI is linked to 
1050:Drivers/STM32F0xx_HAL_Driver/Src/stm32f0xx_hal_rcc.c ****   *         the Cortex-M0 NMI (Non-Maskable Interrupt) exception vector.  
1051:Drivers/STM32F0xx_HAL_Driver/Src/stm32f0xx_hal_rcc.c ****   * @retval None
1052:Drivers/STM32F0xx_HAL_Driver/Src/stm32f0xx_hal_rcc.c ****   */
1053:Drivers/STM32F0xx_HAL_Driver/Src/stm32f0xx_hal_rcc.c **** void HAL_RCC_EnableCSS(void)
1054:Drivers/STM32F0xx_HAL_Driver/Src/stm32f0xx_hal_rcc.c **** {
 1388              		.loc 1 1054 1 is_stmt 1 view -0
 1389              		.cfi_startproc
 1390              		@ args = 0, pretend = 0, frame = 0
 1391              		@ frame_needed = 0, uses_anonymous_args = 0
 1392              		@ link register save eliminated.
1055:Drivers/STM32F0xx_HAL_Driver/Src/stm32f0xx_hal_rcc.c ****   SET_BIT(RCC->CR, RCC_CR_CSSON) ;
 1393              		.loc 1 1055 3 view .LVU425
 1394 0000 034A     		ldr	r2, .L135
 1395 0002 1168     		ldr	r1, [r2]
 1396 0004 8023     		movs	r3, #128
 1397 0006 1B03     		lsls	r3, r3, #12
 1398 0008 0B43     		orrs	r3, r1
 1399 000a 1360     		str	r3, [r2]
1056:Drivers/STM32F0xx_HAL_Driver/Src/stm32f0xx_hal_rcc.c **** }
 1400              		.loc 1 1056 1 is_stmt 0 view .LVU426
 1401              		@ sp needed
 1402 000c 7047     		bx	lr
 1403              	.L136:
 1404 000e C046     		.align	2
 1405              	.L135:
 1406 0010 00100240 		.word	1073876992
 1407              		.cfi_endproc
 1408              	.LFE44:
 1410              		.section	.text.HAL_RCC_DisableCSS,"ax",%progbits
 1411              		.align	1
 1412              		.global	HAL_RCC_DisableCSS
 1413              		.syntax unified
 1414              		.code	16
 1415              		.thumb_func
 1417              	HAL_RCC_DisableCSS:
 1418              	.LFB45:
1057:Drivers/STM32F0xx_HAL_Driver/Src/stm32f0xx_hal_rcc.c **** 
1058:Drivers/STM32F0xx_HAL_Driver/Src/stm32f0xx_hal_rcc.c **** /**
1059:Drivers/STM32F0xx_HAL_Driver/Src/stm32f0xx_hal_rcc.c ****   * @brief  Disables the Clock Security System.
1060:Drivers/STM32F0xx_HAL_Driver/Src/stm32f0xx_hal_rcc.c ****   * @retval None
1061:Drivers/STM32F0xx_HAL_Driver/Src/stm32f0xx_hal_rcc.c ****   */
1062:Drivers/STM32F0xx_HAL_Driver/Src/stm32f0xx_hal_rcc.c **** void HAL_RCC_DisableCSS(void)
1063:Drivers/STM32F0xx_HAL_Driver/Src/stm32f0xx_hal_rcc.c **** {
ARM GAS  C:\Users\three\AppData\Local\Temp\cci8ra5h.s 			page 48


 1419              		.loc 1 1063 1 is_stmt 1 view -0
 1420              		.cfi_startproc
 1421              		@ args = 0, pretend = 0, frame = 0
 1422              		@ frame_needed = 0, uses_anonymous_args = 0
 1423              		@ link register save eliminated.
1064:Drivers/STM32F0xx_HAL_Driver/Src/stm32f0xx_hal_rcc.c ****   CLEAR_BIT(RCC->CR, RCC_CR_CSSON) ;
 1424              		.loc 1 1064 3 view .LVU428
 1425 0000 024A     		ldr	r2, .L138
 1426 0002 1368     		ldr	r3, [r2]
 1427 0004 0249     		ldr	r1, .L138+4
 1428 0006 0B40     		ands	r3, r1
 1429 0008 1360     		str	r3, [r2]
1065:Drivers/STM32F0xx_HAL_Driver/Src/stm32f0xx_hal_rcc.c **** }
 1430              		.loc 1 1065 1 is_stmt 0 view .LVU429
 1431              		@ sp needed
 1432 000a 7047     		bx	lr
 1433              	.L139:
 1434              		.align	2
 1435              	.L138:
 1436 000c 00100240 		.word	1073876992
 1437 0010 FFFFF7FF 		.word	-524289
 1438              		.cfi_endproc
 1439              	.LFE45:
 1441              		.section	.text.HAL_RCC_GetSysClockFreq,"ax",%progbits
 1442              		.align	1
 1443              		.global	HAL_RCC_GetSysClockFreq
 1444              		.syntax unified
 1445              		.code	16
 1446              		.thumb_func
 1448              	HAL_RCC_GetSysClockFreq:
 1449              	.LFB46:
1066:Drivers/STM32F0xx_HAL_Driver/Src/stm32f0xx_hal_rcc.c **** 
1067:Drivers/STM32F0xx_HAL_Driver/Src/stm32f0xx_hal_rcc.c **** /**
1068:Drivers/STM32F0xx_HAL_Driver/Src/stm32f0xx_hal_rcc.c ****   * @brief  Returns the SYSCLK frequency     
1069:Drivers/STM32F0xx_HAL_Driver/Src/stm32f0xx_hal_rcc.c ****   * @note   The system frequency computed by this function is not the real 
1070:Drivers/STM32F0xx_HAL_Driver/Src/stm32f0xx_hal_rcc.c ****   *         frequency in the chip. It is calculated based on the predefined 
1071:Drivers/STM32F0xx_HAL_Driver/Src/stm32f0xx_hal_rcc.c ****   *         constant and the selected clock source:
1072:Drivers/STM32F0xx_HAL_Driver/Src/stm32f0xx_hal_rcc.c ****   * @note     If SYSCLK source is HSI, function returns values based on HSI_VALUE(*)
1073:Drivers/STM32F0xx_HAL_Driver/Src/stm32f0xx_hal_rcc.c ****   * @note     If SYSCLK source is HSE, function returns a value based on HSE_VALUE
1074:Drivers/STM32F0xx_HAL_Driver/Src/stm32f0xx_hal_rcc.c ****   *           divided by PREDIV factor(**)
1075:Drivers/STM32F0xx_HAL_Driver/Src/stm32f0xx_hal_rcc.c ****   * @note     If SYSCLK source is PLL, function returns a value based on HSE_VALUE
1076:Drivers/STM32F0xx_HAL_Driver/Src/stm32f0xx_hal_rcc.c ****   *           divided by PREDIV factor(**) or depending on STM32F0xxxx devices either a value based
1077:Drivers/STM32F0xx_HAL_Driver/Src/stm32f0xx_hal_rcc.c ****   *           on HSI_VALUE divided by 2 or HSI_VALUE divided by PREDIV factor(*) multiplied by the 
1078:Drivers/STM32F0xx_HAL_Driver/Src/stm32f0xx_hal_rcc.c ****   *           PLL factor.
1079:Drivers/STM32F0xx_HAL_Driver/Src/stm32f0xx_hal_rcc.c ****   * @note     (*) HSI_VALUE is a constant defined in stm32f0xx_hal_conf.h file (default value
1080:Drivers/STM32F0xx_HAL_Driver/Src/stm32f0xx_hal_rcc.c ****   *               8 MHz) but the real value may vary depending on the variations
1081:Drivers/STM32F0xx_HAL_Driver/Src/stm32f0xx_hal_rcc.c ****   *               in voltage and temperature.
1082:Drivers/STM32F0xx_HAL_Driver/Src/stm32f0xx_hal_rcc.c ****   * @note     (**) HSE_VALUE is a constant defined in stm32f0xx_hal_conf.h file (default value
1083:Drivers/STM32F0xx_HAL_Driver/Src/stm32f0xx_hal_rcc.c ****   *                8 MHz), user has to ensure that HSE_VALUE is same as the real
1084:Drivers/STM32F0xx_HAL_Driver/Src/stm32f0xx_hal_rcc.c ****   *                frequency of the crystal used. Otherwise, this function may
1085:Drivers/STM32F0xx_HAL_Driver/Src/stm32f0xx_hal_rcc.c ****   *                have wrong result.
1086:Drivers/STM32F0xx_HAL_Driver/Src/stm32f0xx_hal_rcc.c ****   *                  
1087:Drivers/STM32F0xx_HAL_Driver/Src/stm32f0xx_hal_rcc.c ****   * @note   The result of this function could be not correct when using fractional
1088:Drivers/STM32F0xx_HAL_Driver/Src/stm32f0xx_hal_rcc.c ****   *         value for HSE crystal.
1089:Drivers/STM32F0xx_HAL_Driver/Src/stm32f0xx_hal_rcc.c ****   *           
1090:Drivers/STM32F0xx_HAL_Driver/Src/stm32f0xx_hal_rcc.c ****   * @note   This function can be used by the user application to compute the 
1091:Drivers/STM32F0xx_HAL_Driver/Src/stm32f0xx_hal_rcc.c ****   *         baud-rate for the communication peripherals or configure other parameters.
ARM GAS  C:\Users\three\AppData\Local\Temp\cci8ra5h.s 			page 49


1092:Drivers/STM32F0xx_HAL_Driver/Src/stm32f0xx_hal_rcc.c ****   *           
1093:Drivers/STM32F0xx_HAL_Driver/Src/stm32f0xx_hal_rcc.c ****   * @note   Each time SYSCLK changes, this function must be called to update the
1094:Drivers/STM32F0xx_HAL_Driver/Src/stm32f0xx_hal_rcc.c ****   *         right SYSCLK value. Otherwise, any configuration based on this function will be incorre
1095:Drivers/STM32F0xx_HAL_Driver/Src/stm32f0xx_hal_rcc.c ****   *         
1096:Drivers/STM32F0xx_HAL_Driver/Src/stm32f0xx_hal_rcc.c ****   * @retval SYSCLK frequency
1097:Drivers/STM32F0xx_HAL_Driver/Src/stm32f0xx_hal_rcc.c ****   */
1098:Drivers/STM32F0xx_HAL_Driver/Src/stm32f0xx_hal_rcc.c **** uint32_t HAL_RCC_GetSysClockFreq(void)
1099:Drivers/STM32F0xx_HAL_Driver/Src/stm32f0xx_hal_rcc.c **** {
 1450              		.loc 1 1099 1 is_stmt 1 view -0
 1451              		.cfi_startproc
 1452              		@ args = 0, pretend = 0, frame = 0
 1453              		@ frame_needed = 0, uses_anonymous_args = 0
 1454 0000 10B5     		push	{r4, lr}
 1455              	.LCFI5:
 1456              		.cfi_def_cfa_offset 8
 1457              		.cfi_offset 4, -8
 1458              		.cfi_offset 14, -4
1100:Drivers/STM32F0xx_HAL_Driver/Src/stm32f0xx_hal_rcc.c ****   static const uint8_t aPLLMULFactorTable[16U] = { 2U,  3U,  4U,  5U,  6U,  7U,  8U,  9U,
 1459              		.loc 1 1100 3 view .LVU431
1101:Drivers/STM32F0xx_HAL_Driver/Src/stm32f0xx_hal_rcc.c ****                                                    10U, 11U, 12U, 13U, 14U, 15U, 16U, 16U};
1102:Drivers/STM32F0xx_HAL_Driver/Src/stm32f0xx_hal_rcc.c ****   static const uint8_t aPredivFactorTable[16U] = { 1U, 2U,  3U,  4U,  5U,  6U,  7U,  8U,
 1460              		.loc 1 1102 3 view .LVU432
1103:Drivers/STM32F0xx_HAL_Driver/Src/stm32f0xx_hal_rcc.c ****                                                    9U,10U, 11U, 12U, 13U, 14U, 15U, 16U};
1104:Drivers/STM32F0xx_HAL_Driver/Src/stm32f0xx_hal_rcc.c **** 
1105:Drivers/STM32F0xx_HAL_Driver/Src/stm32f0xx_hal_rcc.c ****   uint32_t tmpreg = 0U, prediv = 0U, pllclk = 0U, pllmul = 0U;
 1461              		.loc 1 1105 3 view .LVU433
 1462              	.LVL97:
1106:Drivers/STM32F0xx_HAL_Driver/Src/stm32f0xx_hal_rcc.c ****   uint32_t sysclockfreq = 0U;
 1463              		.loc 1 1106 3 view .LVU434
1107:Drivers/STM32F0xx_HAL_Driver/Src/stm32f0xx_hal_rcc.c ****   
1108:Drivers/STM32F0xx_HAL_Driver/Src/stm32f0xx_hal_rcc.c ****   tmpreg = RCC->CFGR;
 1464              		.loc 1 1108 3 view .LVU435
 1465              		.loc 1 1108 10 is_stmt 0 view .LVU436
 1466 0002 104B     		ldr	r3, .L145
 1467 0004 5A68     		ldr	r2, [r3, #4]
 1468              	.LVL98:
1109:Drivers/STM32F0xx_HAL_Driver/Src/stm32f0xx_hal_rcc.c ****   
1110:Drivers/STM32F0xx_HAL_Driver/Src/stm32f0xx_hal_rcc.c ****   /* Get SYSCLK source -------------------------------------------------------*/
1111:Drivers/STM32F0xx_HAL_Driver/Src/stm32f0xx_hal_rcc.c ****   switch (tmpreg & RCC_CFGR_SWS)
 1469              		.loc 1 1111 3 is_stmt 1 view .LVU437
 1470              		.loc 1 1111 18 is_stmt 0 view .LVU438
 1471 0006 0C23     		movs	r3, #12
 1472 0008 1340     		ands	r3, r2
 1473              		.loc 1 1111 3 view .LVU439
 1474 000a 082B     		cmp	r3, #8
 1475 000c 01D0     		beq	.L144
1112:Drivers/STM32F0xx_HAL_Driver/Src/stm32f0xx_hal_rcc.c ****   {
1113:Drivers/STM32F0xx_HAL_Driver/Src/stm32f0xx_hal_rcc.c ****     case RCC_SYSCLKSOURCE_STATUS_HSE:  /* HSE used as system clock */
1114:Drivers/STM32F0xx_HAL_Driver/Src/stm32f0xx_hal_rcc.c ****     {
1115:Drivers/STM32F0xx_HAL_Driver/Src/stm32f0xx_hal_rcc.c ****       sysclockfreq = HSE_VALUE;
 1476              		.loc 1 1115 20 view .LVU440
 1477 000e 0E48     		ldr	r0, .L145+4
 1478              	.LVL99:
1116:Drivers/STM32F0xx_HAL_Driver/Src/stm32f0xx_hal_rcc.c ****       break;
1117:Drivers/STM32F0xx_HAL_Driver/Src/stm32f0xx_hal_rcc.c ****     }
1118:Drivers/STM32F0xx_HAL_Driver/Src/stm32f0xx_hal_rcc.c ****     case RCC_SYSCLKSOURCE_STATUS_PLLCLK:  /* PLL used as system clock */
1119:Drivers/STM32F0xx_HAL_Driver/Src/stm32f0xx_hal_rcc.c ****     {
ARM GAS  C:\Users\three\AppData\Local\Temp\cci8ra5h.s 			page 50


1120:Drivers/STM32F0xx_HAL_Driver/Src/stm32f0xx_hal_rcc.c ****       pllmul = aPLLMULFactorTable[(uint32_t)(tmpreg & RCC_CFGR_PLLMUL) >> RCC_CFGR_PLLMUL_BITNUMBER
1121:Drivers/STM32F0xx_HAL_Driver/Src/stm32f0xx_hal_rcc.c ****       prediv = aPredivFactorTable[(uint32_t)(RCC->CFGR2 & RCC_CFGR2_PREDIV) >> RCC_CFGR2_PREDIV_BIT
1122:Drivers/STM32F0xx_HAL_Driver/Src/stm32f0xx_hal_rcc.c ****       if ((tmpreg & RCC_CFGR_PLLSRC) == RCC_PLLSOURCE_HSE)
1123:Drivers/STM32F0xx_HAL_Driver/Src/stm32f0xx_hal_rcc.c ****       {
1124:Drivers/STM32F0xx_HAL_Driver/Src/stm32f0xx_hal_rcc.c ****         /* HSE used as PLL clock source : PLLCLK = HSE/PREDIV * PLLMUL */
1125:Drivers/STM32F0xx_HAL_Driver/Src/stm32f0xx_hal_rcc.c ****         pllclk = (uint32_t)((uint64_t) HSE_VALUE / (uint64_t) (prediv)) * ((uint64_t) pllmul);
1126:Drivers/STM32F0xx_HAL_Driver/Src/stm32f0xx_hal_rcc.c ****       }
1127:Drivers/STM32F0xx_HAL_Driver/Src/stm32f0xx_hal_rcc.c **** #if defined(RCC_CFGR_PLLSRC_HSI48_PREDIV)
1128:Drivers/STM32F0xx_HAL_Driver/Src/stm32f0xx_hal_rcc.c ****       else if ((tmpreg & RCC_CFGR_PLLSRC) == RCC_PLLSOURCE_HSI48)
1129:Drivers/STM32F0xx_HAL_Driver/Src/stm32f0xx_hal_rcc.c ****       {
1130:Drivers/STM32F0xx_HAL_Driver/Src/stm32f0xx_hal_rcc.c ****         /* HSI48 used as PLL clock source : PLLCLK = HSI48/PREDIV * PLLMUL */
1131:Drivers/STM32F0xx_HAL_Driver/Src/stm32f0xx_hal_rcc.c ****         pllclk = (uint32_t)((uint64_t) HSI48_VALUE / (uint64_t) (prediv)) * ((uint64_t) pllmul);
1132:Drivers/STM32F0xx_HAL_Driver/Src/stm32f0xx_hal_rcc.c ****       }
1133:Drivers/STM32F0xx_HAL_Driver/Src/stm32f0xx_hal_rcc.c **** #endif /* RCC_CFGR_PLLSRC_HSI48_PREDIV */
1134:Drivers/STM32F0xx_HAL_Driver/Src/stm32f0xx_hal_rcc.c ****       else
1135:Drivers/STM32F0xx_HAL_Driver/Src/stm32f0xx_hal_rcc.c ****       {
1136:Drivers/STM32F0xx_HAL_Driver/Src/stm32f0xx_hal_rcc.c **** #if  (defined(STM32F042x6) || defined(STM32F048xx) || defined(STM32F070x6) || defined(STM32F071xB) 
1137:Drivers/STM32F0xx_HAL_Driver/Src/stm32f0xx_hal_rcc.c ****         /* HSI used as PLL clock source : PLLCLK = HSI/PREDIV * PLLMUL */
1138:Drivers/STM32F0xx_HAL_Driver/Src/stm32f0xx_hal_rcc.c ****         pllclk = (uint32_t)((uint64_t) HSI_VALUE / (uint64_t) (prediv)) * ((uint64_t) pllmul);
1139:Drivers/STM32F0xx_HAL_Driver/Src/stm32f0xx_hal_rcc.c **** #else
1140:Drivers/STM32F0xx_HAL_Driver/Src/stm32f0xx_hal_rcc.c ****         /* HSI used as PLL clock source : PLLCLK = HSI/2 * PLLMUL */
1141:Drivers/STM32F0xx_HAL_Driver/Src/stm32f0xx_hal_rcc.c ****         pllclk = (uint32_t)((uint64_t) (HSI_VALUE >> 1U) * ((uint64_t) pllmul));
1142:Drivers/STM32F0xx_HAL_Driver/Src/stm32f0xx_hal_rcc.c **** #endif
1143:Drivers/STM32F0xx_HAL_Driver/Src/stm32f0xx_hal_rcc.c ****       }
1144:Drivers/STM32F0xx_HAL_Driver/Src/stm32f0xx_hal_rcc.c ****       sysclockfreq = pllclk;
1145:Drivers/STM32F0xx_HAL_Driver/Src/stm32f0xx_hal_rcc.c ****       break;
1146:Drivers/STM32F0xx_HAL_Driver/Src/stm32f0xx_hal_rcc.c ****     }
1147:Drivers/STM32F0xx_HAL_Driver/Src/stm32f0xx_hal_rcc.c **** #if defined(RCC_CFGR_SWS_HSI48)
1148:Drivers/STM32F0xx_HAL_Driver/Src/stm32f0xx_hal_rcc.c ****     case RCC_SYSCLKSOURCE_STATUS_HSI48:    /* HSI48 used as system clock source */
1149:Drivers/STM32F0xx_HAL_Driver/Src/stm32f0xx_hal_rcc.c ****     {
1150:Drivers/STM32F0xx_HAL_Driver/Src/stm32f0xx_hal_rcc.c ****       sysclockfreq = HSI48_VALUE;
1151:Drivers/STM32F0xx_HAL_Driver/Src/stm32f0xx_hal_rcc.c ****       break;
1152:Drivers/STM32F0xx_HAL_Driver/Src/stm32f0xx_hal_rcc.c ****     }
1153:Drivers/STM32F0xx_HAL_Driver/Src/stm32f0xx_hal_rcc.c **** #endif /* RCC_CFGR_SWS_HSI48 */
1154:Drivers/STM32F0xx_HAL_Driver/Src/stm32f0xx_hal_rcc.c ****     case RCC_SYSCLKSOURCE_STATUS_HSI:  /* HSI used as system clock source */
1155:Drivers/STM32F0xx_HAL_Driver/Src/stm32f0xx_hal_rcc.c ****     default: /* HSI used as system clock */
1156:Drivers/STM32F0xx_HAL_Driver/Src/stm32f0xx_hal_rcc.c ****     {
1157:Drivers/STM32F0xx_HAL_Driver/Src/stm32f0xx_hal_rcc.c ****       sysclockfreq = HSI_VALUE;
1158:Drivers/STM32F0xx_HAL_Driver/Src/stm32f0xx_hal_rcc.c ****       break;
1159:Drivers/STM32F0xx_HAL_Driver/Src/stm32f0xx_hal_rcc.c ****     }
1160:Drivers/STM32F0xx_HAL_Driver/Src/stm32f0xx_hal_rcc.c ****   }
1161:Drivers/STM32F0xx_HAL_Driver/Src/stm32f0xx_hal_rcc.c ****   return sysclockfreq;
 1479              		.loc 1 1161 3 is_stmt 1 view .LVU441
 1480              	.L140:
1162:Drivers/STM32F0xx_HAL_Driver/Src/stm32f0xx_hal_rcc.c **** }
 1481              		.loc 1 1162 1 is_stmt 0 view .LVU442
 1482              		@ sp needed
 1483 0010 10BD     		pop	{r4, pc}
 1484              	.LVL100:
 1485              	.L144:
1120:Drivers/STM32F0xx_HAL_Driver/Src/stm32f0xx_hal_rcc.c ****       prediv = aPredivFactorTable[(uint32_t)(RCC->CFGR2 & RCC_CFGR2_PREDIV) >> RCC_CFGR2_PREDIV_BIT
 1486              		.loc 1 1120 7 is_stmt 1 view .LVU443
1120:Drivers/STM32F0xx_HAL_Driver/Src/stm32f0xx_hal_rcc.c ****       prediv = aPredivFactorTable[(uint32_t)(RCC->CFGR2 & RCC_CFGR2_PREDIV) >> RCC_CFGR2_PREDIV_BIT
 1487              		.loc 1 1120 72 is_stmt 0 view .LVU444
 1488 0012 910C     		lsrs	r1, r2, #18
 1489 0014 0733     		adds	r3, r3, #7
 1490 0016 1940     		ands	r1, r3
ARM GAS  C:\Users\three\AppData\Local\Temp\cci8ra5h.s 			page 51


1120:Drivers/STM32F0xx_HAL_Driver/Src/stm32f0xx_hal_rcc.c ****       prediv = aPredivFactorTable[(uint32_t)(RCC->CFGR2 & RCC_CFGR2_PREDIV) >> RCC_CFGR2_PREDIV_BIT
 1491              		.loc 1 1120 34 view .LVU445
 1492 0018 0C48     		ldr	r0, .L145+8
 1493 001a 445C     		ldrb	r4, [r0, r1]
 1494              	.LVL101:
1121:Drivers/STM32F0xx_HAL_Driver/Src/stm32f0xx_hal_rcc.c ****       if ((tmpreg & RCC_CFGR_PLLSRC) == RCC_PLLSOURCE_HSE)
 1495              		.loc 1 1121 7 is_stmt 1 view .LVU446
1121:Drivers/STM32F0xx_HAL_Driver/Src/stm32f0xx_hal_rcc.c ****       if ((tmpreg & RCC_CFGR_PLLSRC) == RCC_PLLSOURCE_HSE)
 1496              		.loc 1 1121 49 is_stmt 0 view .LVU447
 1497 001c 0949     		ldr	r1, .L145
 1498 001e C96A     		ldr	r1, [r1, #44]
1121:Drivers/STM32F0xx_HAL_Driver/Src/stm32f0xx_hal_rcc.c ****       if ((tmpreg & RCC_CFGR_PLLSRC) == RCC_PLLSOURCE_HSE)
 1499              		.loc 1 1121 77 view .LVU448
 1500 0020 0B40     		ands	r3, r1
1121:Drivers/STM32F0xx_HAL_Driver/Src/stm32f0xx_hal_rcc.c ****       if ((tmpreg & RCC_CFGR_PLLSRC) == RCC_PLLSOURCE_HSE)
 1501              		.loc 1 1121 34 view .LVU449
 1502 0022 0B49     		ldr	r1, .L145+12
 1503 0024 C95C     		ldrb	r1, [r1, r3]
 1504              	.LVL102:
1122:Drivers/STM32F0xx_HAL_Driver/Src/stm32f0xx_hal_rcc.c ****       {
 1505              		.loc 1 1122 7 is_stmt 1 view .LVU450
1122:Drivers/STM32F0xx_HAL_Driver/Src/stm32f0xx_hal_rcc.c ****       {
 1506              		.loc 1 1122 10 is_stmt 0 view .LVU451
 1507 0026 D203     		lsls	r2, r2, #15
 1508 0028 04D5     		bpl	.L142
 1509              	.LVL103:
1125:Drivers/STM32F0xx_HAL_Driver/Src/stm32f0xx_hal_rcc.c ****       }
 1510              		.loc 1 1125 9 is_stmt 1 view .LVU452
1125:Drivers/STM32F0xx_HAL_Driver/Src/stm32f0xx_hal_rcc.c ****       }
 1511              		.loc 1 1125 18 is_stmt 0 view .LVU453
 1512 002a 0748     		ldr	r0, .L145+4
 1513 002c FFF7FEFF 		bl	__aeabi_uidiv
 1514              	.LVL104:
1125:Drivers/STM32F0xx_HAL_Driver/Src/stm32f0xx_hal_rcc.c ****       }
 1515              		.loc 1 1125 16 view .LVU454
 1516 0030 6043     		muls	r0, r4
 1517              	.LVL105:
1125:Drivers/STM32F0xx_HAL_Driver/Src/stm32f0xx_hal_rcc.c ****       }
 1518              		.loc 1 1125 16 view .LVU455
 1519 0032 EDE7     		b	.L140
 1520              	.LVL106:
 1521              	.L142:
1141:Drivers/STM32F0xx_HAL_Driver/Src/stm32f0xx_hal_rcc.c **** #endif
 1522              		.loc 1 1141 9 is_stmt 1 view .LVU456
1141:Drivers/STM32F0xx_HAL_Driver/Src/stm32f0xx_hal_rcc.c **** #endif
 1523              		.loc 1 1141 16 is_stmt 0 view .LVU457
 1524 0034 6201     		lsls	r2, r4, #5
 1525 0036 121B     		subs	r2, r2, r4
 1526 0038 9301     		lsls	r3, r2, #6
 1527 003a 9B1A     		subs	r3, r3, r2
 1528 003c DB00     		lsls	r3, r3, #3
 1529 003e 1B19     		adds	r3, r3, r4
 1530 0040 1802     		lsls	r0, r3, #8
 1531              	.LVL107:
1141:Drivers/STM32F0xx_HAL_Driver/Src/stm32f0xx_hal_rcc.c **** #endif
 1532              		.loc 1 1141 16 view .LVU458
 1533 0042 E5E7     		b	.L140
ARM GAS  C:\Users\three\AppData\Local\Temp\cci8ra5h.s 			page 52


 1534              	.L146:
 1535              		.align	2
 1536              	.L145:
 1537 0044 00100240 		.word	1073876992
 1538 0048 00127A00 		.word	8000000
 1539 004c 00000000 		.word	aPLLMULFactorTable.1
 1540 0050 00000000 		.word	aPredivFactorTable.0
 1541              		.cfi_endproc
 1542              	.LFE46:
 1544              		.section	.text.HAL_RCC_ClockConfig,"ax",%progbits
 1545              		.align	1
 1546              		.global	HAL_RCC_ClockConfig
 1547              		.syntax unified
 1548              		.code	16
 1549              		.thumb_func
 1551              	HAL_RCC_ClockConfig:
 1552              	.LVL108:
 1553              	.LFB42:
 778:Drivers/STM32F0xx_HAL_Driver/Src/stm32f0xx_hal_rcc.c ****   uint32_t tickstart;
 1554              		.loc 1 778 1 is_stmt 1 view -0
 1555              		.cfi_startproc
 1556              		@ args = 0, pretend = 0, frame = 0
 1557              		@ frame_needed = 0, uses_anonymous_args = 0
 778:Drivers/STM32F0xx_HAL_Driver/Src/stm32f0xx_hal_rcc.c ****   uint32_t tickstart;
 1558              		.loc 1 778 1 is_stmt 0 view .LVU460
 1559 0000 70B5     		push	{r4, r5, r6, lr}
 1560              	.LCFI6:
 1561              		.cfi_def_cfa_offset 16
 1562              		.cfi_offset 4, -16
 1563              		.cfi_offset 5, -12
 1564              		.cfi_offset 6, -8
 1565              		.cfi_offset 14, -4
 1566 0002 0400     		movs	r4, r0
 1567 0004 0D00     		movs	r5, r1
 779:Drivers/STM32F0xx_HAL_Driver/Src/stm32f0xx_hal_rcc.c **** 
 1568              		.loc 1 779 3 is_stmt 1 view .LVU461
 782:Drivers/STM32F0xx_HAL_Driver/Src/stm32f0xx_hal_rcc.c ****   {
 1569              		.loc 1 782 3 view .LVU462
 782:Drivers/STM32F0xx_HAL_Driver/Src/stm32f0xx_hal_rcc.c ****   {
 1570              		.loc 1 782 5 is_stmt 0 view .LVU463
 1571 0006 0028     		cmp	r0, #0
 1572 0008 00D1     		bne	.LCB1484
 1573 000a 7EE0     		b	.L160	@long jump
 1574              	.LCB1484:
 788:Drivers/STM32F0xx_HAL_Driver/Src/stm32f0xx_hal_rcc.c ****   assert_param(IS_FLASH_LATENCY(FLatency));
 1575              		.loc 1 788 3 is_stmt 1 view .LVU464
 789:Drivers/STM32F0xx_HAL_Driver/Src/stm32f0xx_hal_rcc.c **** 
 1576              		.loc 1 789 3 view .LVU465
 796:Drivers/STM32F0xx_HAL_Driver/Src/stm32f0xx_hal_rcc.c ****   {    
 1577              		.loc 1 796 3 view .LVU466
 796:Drivers/STM32F0xx_HAL_Driver/Src/stm32f0xx_hal_rcc.c ****   {    
 1578              		.loc 1 796 17 is_stmt 0 view .LVU467
 1579 000c 434B     		ldr	r3, .L175
 1580 000e 1A68     		ldr	r2, [r3]
 1581 0010 0123     		movs	r3, #1
 1582 0012 1340     		ands	r3, r2
 796:Drivers/STM32F0xx_HAL_Driver/Src/stm32f0xx_hal_rcc.c ****   {    
ARM GAS  C:\Users\three\AppData\Local\Temp\cci8ra5h.s 			page 53


 1583              		.loc 1 796 5 view .LVU468
 1584 0014 8B42     		cmp	r3, r1
 1585 0016 0AD2     		bcs	.L149
 799:Drivers/STM32F0xx_HAL_Driver/Src/stm32f0xx_hal_rcc.c ****     
 1586              		.loc 1 799 5 is_stmt 1 view .LVU469
 1587 0018 4049     		ldr	r1, .L175
 1588              	.LVL109:
 799:Drivers/STM32F0xx_HAL_Driver/Src/stm32f0xx_hal_rcc.c ****     
 1589              		.loc 1 799 5 is_stmt 0 view .LVU470
 1590 001a 0B68     		ldr	r3, [r1]
 1591 001c 0122     		movs	r2, #1
 1592 001e 9343     		bics	r3, r2
 1593 0020 2B43     		orrs	r3, r5
 1594 0022 0B60     		str	r3, [r1]
 803:Drivers/STM32F0xx_HAL_Driver/Src/stm32f0xx_hal_rcc.c ****     {
 1595              		.loc 1 803 5 is_stmt 1 view .LVU471
 803:Drivers/STM32F0xx_HAL_Driver/Src/stm32f0xx_hal_rcc.c ****     {
 1596              		.loc 1 803 8 is_stmt 0 view .LVU472
 1597 0024 0B68     		ldr	r3, [r1]
 1598 0026 1A40     		ands	r2, r3
 803:Drivers/STM32F0xx_HAL_Driver/Src/stm32f0xx_hal_rcc.c ****     {
 1599              		.loc 1 803 7 view .LVU473
 1600 0028 AA42     		cmp	r2, r5
 1601 002a 00D0     		beq	.LCB1506
 1602 002c 6FE0     		b	.L161	@long jump
 1603              	.LCB1506:
 1604              	.L149:
 810:Drivers/STM32F0xx_HAL_Driver/Src/stm32f0xx_hal_rcc.c ****   {
 1605              		.loc 1 810 3 is_stmt 1 view .LVU474
 810:Drivers/STM32F0xx_HAL_Driver/Src/stm32f0xx_hal_rcc.c ****   {
 1606              		.loc 1 810 25 is_stmt 0 view .LVU475
 1607 002e 2368     		ldr	r3, [r4]
 810:Drivers/STM32F0xx_HAL_Driver/Src/stm32f0xx_hal_rcc.c ****   {
 1608              		.loc 1 810 5 view .LVU476
 1609 0030 9A07     		lsls	r2, r3, #30
 1610 0032 0ED5     		bpl	.L150
 814:Drivers/STM32F0xx_HAL_Driver/Src/stm32f0xx_hal_rcc.c ****     {
 1611              		.loc 1 814 5 is_stmt 1 view .LVU477
 814:Drivers/STM32F0xx_HAL_Driver/Src/stm32f0xx_hal_rcc.c ****     {
 1612              		.loc 1 814 7 is_stmt 0 view .LVU478
 1613 0034 5B07     		lsls	r3, r3, #29
 1614 0036 05D5     		bpl	.L151
 816:Drivers/STM32F0xx_HAL_Driver/Src/stm32f0xx_hal_rcc.c ****     }
 1615              		.loc 1 816 7 is_stmt 1 view .LVU479
 1616 0038 394A     		ldr	r2, .L175+4
 1617 003a 5168     		ldr	r1, [r2, #4]
 1618 003c E023     		movs	r3, #224
 1619 003e DB00     		lsls	r3, r3, #3
 1620 0040 0B43     		orrs	r3, r1
 1621 0042 5360     		str	r3, [r2, #4]
 1622              	.L151:
 820:Drivers/STM32F0xx_HAL_Driver/Src/stm32f0xx_hal_rcc.c ****     MODIFY_REG(RCC->CFGR, RCC_CFGR_HPRE, RCC_ClkInitStruct->AHBCLKDivider);
 1623              		.loc 1 820 5 view .LVU480
 821:Drivers/STM32F0xx_HAL_Driver/Src/stm32f0xx_hal_rcc.c ****   }
 1624              		.loc 1 821 5 view .LVU481
 1625 0044 364A     		ldr	r2, .L175+4
 1626 0046 5368     		ldr	r3, [r2, #4]
ARM GAS  C:\Users\three\AppData\Local\Temp\cci8ra5h.s 			page 54


 1627 0048 F021     		movs	r1, #240
 1628 004a 8B43     		bics	r3, r1
 1629 004c A168     		ldr	r1, [r4, #8]
 1630 004e 0B43     		orrs	r3, r1
 1631 0050 5360     		str	r3, [r2, #4]
 1632              	.L150:
 825:Drivers/STM32F0xx_HAL_Driver/Src/stm32f0xx_hal_rcc.c ****   {
 1633              		.loc 1 825 3 view .LVU482
 825:Drivers/STM32F0xx_HAL_Driver/Src/stm32f0xx_hal_rcc.c ****   {
 1634              		.loc 1 825 25 is_stmt 0 view .LVU483
 1635 0052 2368     		ldr	r3, [r4]
 825:Drivers/STM32F0xx_HAL_Driver/Src/stm32f0xx_hal_rcc.c ****   {
 1636              		.loc 1 825 5 view .LVU484
 1637 0054 DB07     		lsls	r3, r3, #31
 1638 0056 2DD5     		bpl	.L152
 827:Drivers/STM32F0xx_HAL_Driver/Src/stm32f0xx_hal_rcc.c ****     
 1639              		.loc 1 827 5 is_stmt 1 view .LVU485
 830:Drivers/STM32F0xx_HAL_Driver/Src/stm32f0xx_hal_rcc.c ****     {
 1640              		.loc 1 830 5 view .LVU486
 830:Drivers/STM32F0xx_HAL_Driver/Src/stm32f0xx_hal_rcc.c ****     {
 1641              		.loc 1 830 25 is_stmt 0 view .LVU487
 1642 0058 6368     		ldr	r3, [r4, #4]
 830:Drivers/STM32F0xx_HAL_Driver/Src/stm32f0xx_hal_rcc.c ****     {
 1643              		.loc 1 830 7 view .LVU488
 1644 005a 012B     		cmp	r3, #1
 1645 005c 1ED0     		beq	.L173
 839:Drivers/STM32F0xx_HAL_Driver/Src/stm32f0xx_hal_rcc.c ****     {
 1646              		.loc 1 839 10 is_stmt 1 view .LVU489
 839:Drivers/STM32F0xx_HAL_Driver/Src/stm32f0xx_hal_rcc.c ****     {
 1647              		.loc 1 839 12 is_stmt 0 view .LVU490
 1648 005e 022B     		cmp	r3, #2
 1649 0060 22D0     		beq	.L174
 862:Drivers/STM32F0xx_HAL_Driver/Src/stm32f0xx_hal_rcc.c ****       {
 1650              		.loc 1 862 7 is_stmt 1 view .LVU491
 862:Drivers/STM32F0xx_HAL_Driver/Src/stm32f0xx_hal_rcc.c ****       {
 1651              		.loc 1 862 10 is_stmt 0 view .LVU492
 1652 0062 2F4A     		ldr	r2, .L175+4
 1653 0064 1268     		ldr	r2, [r2]
 862:Drivers/STM32F0xx_HAL_Driver/Src/stm32f0xx_hal_rcc.c ****       {
 1654              		.loc 1 862 9 view .LVU493
 1655 0066 9207     		lsls	r2, r2, #30
 1656 0068 53D5     		bpl	.L164
 1657              	.L154:
 867:Drivers/STM32F0xx_HAL_Driver/Src/stm32f0xx_hal_rcc.c **** 
 1658              		.loc 1 867 5 is_stmt 1 view .LVU494
 1659 006a 2D49     		ldr	r1, .L175+4
 1660 006c 4A68     		ldr	r2, [r1, #4]
 1661 006e 0320     		movs	r0, #3
 1662              	.LVL110:
 867:Drivers/STM32F0xx_HAL_Driver/Src/stm32f0xx_hal_rcc.c **** 
 1663              		.loc 1 867 5 is_stmt 0 view .LVU495
 1664 0070 8243     		bics	r2, r0
 1665 0072 1343     		orrs	r3, r2
 1666 0074 4B60     		str	r3, [r1, #4]
 870:Drivers/STM32F0xx_HAL_Driver/Src/stm32f0xx_hal_rcc.c ****     
 1667              		.loc 1 870 5 is_stmt 1 view .LVU496
 870:Drivers/STM32F0xx_HAL_Driver/Src/stm32f0xx_hal_rcc.c ****     
ARM GAS  C:\Users\three\AppData\Local\Temp\cci8ra5h.s 			page 55


 1668              		.loc 1 870 17 is_stmt 0 view .LVU497
 1669 0076 FFF7FEFF 		bl	HAL_GetTick
 1670              	.LVL111:
 1671 007a 0600     		movs	r6, r0
 1672              	.LVL112:
 872:Drivers/STM32F0xx_HAL_Driver/Src/stm32f0xx_hal_rcc.c ****     {
 1673              		.loc 1 872 5 is_stmt 1 view .LVU498
 1674              	.L156:
 872:Drivers/STM32F0xx_HAL_Driver/Src/stm32f0xx_hal_rcc.c ****     {
 1675              		.loc 1 872 42 view .LVU499
 872:Drivers/STM32F0xx_HAL_Driver/Src/stm32f0xx_hal_rcc.c ****     {
 1676              		.loc 1 872 12 is_stmt 0 view .LVU500
 1677 007c 284B     		ldr	r3, .L175+4
 1678 007e 5B68     		ldr	r3, [r3, #4]
 1679 0080 0C22     		movs	r2, #12
 1680 0082 1A40     		ands	r2, r3
 872:Drivers/STM32F0xx_HAL_Driver/Src/stm32f0xx_hal_rcc.c ****     {
 1681              		.loc 1 872 63 view .LVU501
 1682 0084 6368     		ldr	r3, [r4, #4]
 872:Drivers/STM32F0xx_HAL_Driver/Src/stm32f0xx_hal_rcc.c ****     {
 1683              		.loc 1 872 78 view .LVU502
 1684 0086 9B00     		lsls	r3, r3, #2
 872:Drivers/STM32F0xx_HAL_Driver/Src/stm32f0xx_hal_rcc.c ****     {
 1685              		.loc 1 872 42 view .LVU503
 1686 0088 9A42     		cmp	r2, r3
 1687 008a 13D0     		beq	.L152
 874:Drivers/STM32F0xx_HAL_Driver/Src/stm32f0xx_hal_rcc.c ****       {
 1688              		.loc 1 874 7 is_stmt 1 view .LVU504
 874:Drivers/STM32F0xx_HAL_Driver/Src/stm32f0xx_hal_rcc.c ****       {
 1689              		.loc 1 874 11 is_stmt 0 view .LVU505
 1690 008c FFF7FEFF 		bl	HAL_GetTick
 1691              	.LVL113:
 874:Drivers/STM32F0xx_HAL_Driver/Src/stm32f0xx_hal_rcc.c ****       {
 1692              		.loc 1 874 25 discriminator 1 view .LVU506
 1693 0090 801B     		subs	r0, r0, r6
 874:Drivers/STM32F0xx_HAL_Driver/Src/stm32f0xx_hal_rcc.c ****       {
 1694              		.loc 1 874 9 discriminator 1 view .LVU507
 1695 0092 244B     		ldr	r3, .L175+8
 1696 0094 9842     		cmp	r0, r3
 1697 0096 F1D9     		bls	.L156
 876:Drivers/STM32F0xx_HAL_Driver/Src/stm32f0xx_hal_rcc.c ****       }
 1698              		.loc 1 876 16 view .LVU508
 1699 0098 0320     		movs	r0, #3
 1700 009a 35E0     		b	.L148
 1701              	.LVL114:
 1702              	.L173:
 833:Drivers/STM32F0xx_HAL_Driver/Src/stm32f0xx_hal_rcc.c ****       {
 1703              		.loc 1 833 7 is_stmt 1 view .LVU509
 833:Drivers/STM32F0xx_HAL_Driver/Src/stm32f0xx_hal_rcc.c ****       {
 1704              		.loc 1 833 10 is_stmt 0 view .LVU510
 1705 009c 204A     		ldr	r2, .L175+4
 1706 009e 1268     		ldr	r2, [r2]
 833:Drivers/STM32F0xx_HAL_Driver/Src/stm32f0xx_hal_rcc.c ****       {
 1707              		.loc 1 833 9 view .LVU511
 1708 00a0 9203     		lsls	r2, r2, #14
 1709 00a2 E2D4     		bmi	.L154
 835:Drivers/STM32F0xx_HAL_Driver/Src/stm32f0xx_hal_rcc.c ****       }
ARM GAS  C:\Users\three\AppData\Local\Temp\cci8ra5h.s 			page 56


 1710              		.loc 1 835 16 view .LVU512
 1711 00a4 0120     		movs	r0, #1
 1712              	.LVL115:
 835:Drivers/STM32F0xx_HAL_Driver/Src/stm32f0xx_hal_rcc.c ****       }
 1713              		.loc 1 835 16 view .LVU513
 1714 00a6 2FE0     		b	.L148
 1715              	.LVL116:
 1716              	.L174:
 842:Drivers/STM32F0xx_HAL_Driver/Src/stm32f0xx_hal_rcc.c ****       {
 1717              		.loc 1 842 7 is_stmt 1 view .LVU514
 842:Drivers/STM32F0xx_HAL_Driver/Src/stm32f0xx_hal_rcc.c ****       {
 1718              		.loc 1 842 10 is_stmt 0 view .LVU515
 1719 00a8 1D4A     		ldr	r2, .L175+4
 1720 00aa 1268     		ldr	r2, [r2]
 842:Drivers/STM32F0xx_HAL_Driver/Src/stm32f0xx_hal_rcc.c ****       {
 1721              		.loc 1 842 9 view .LVU516
 1722 00ac 9201     		lsls	r2, r2, #6
 1723 00ae DCD4     		bmi	.L154
 844:Drivers/STM32F0xx_HAL_Driver/Src/stm32f0xx_hal_rcc.c ****       }
 1724              		.loc 1 844 16 view .LVU517
 1725 00b0 0120     		movs	r0, #1
 1726              	.LVL117:
 844:Drivers/STM32F0xx_HAL_Driver/Src/stm32f0xx_hal_rcc.c ****       }
 1727              		.loc 1 844 16 view .LVU518
 1728 00b2 29E0     		b	.L148
 1729              	.L152:
 882:Drivers/STM32F0xx_HAL_Driver/Src/stm32f0xx_hal_rcc.c ****   {    
 1730              		.loc 1 882 3 is_stmt 1 view .LVU519
 882:Drivers/STM32F0xx_HAL_Driver/Src/stm32f0xx_hal_rcc.c ****   {    
 1731              		.loc 1 882 17 is_stmt 0 view .LVU520
 1732 00b4 194B     		ldr	r3, .L175
 1733 00b6 1A68     		ldr	r2, [r3]
 1734 00b8 0123     		movs	r3, #1
 1735 00ba 1340     		ands	r3, r2
 882:Drivers/STM32F0xx_HAL_Driver/Src/stm32f0xx_hal_rcc.c ****   {    
 1736              		.loc 1 882 5 view .LVU521
 1737 00bc AB42     		cmp	r3, r5
 1738 00be 09D9     		bls	.L158
 885:Drivers/STM32F0xx_HAL_Driver/Src/stm32f0xx_hal_rcc.c ****     
 1739              		.loc 1 885 5 is_stmt 1 view .LVU522
 1740 00c0 1649     		ldr	r1, .L175
 1741 00c2 0B68     		ldr	r3, [r1]
 1742 00c4 0122     		movs	r2, #1
 1743 00c6 9343     		bics	r3, r2
 1744 00c8 2B43     		orrs	r3, r5
 1745 00ca 0B60     		str	r3, [r1]
 889:Drivers/STM32F0xx_HAL_Driver/Src/stm32f0xx_hal_rcc.c ****     {
 1746              		.loc 1 889 5 view .LVU523
 889:Drivers/STM32F0xx_HAL_Driver/Src/stm32f0xx_hal_rcc.c ****     {
 1747              		.loc 1 889 8 is_stmt 0 view .LVU524
 1748 00cc 0B68     		ldr	r3, [r1]
 1749 00ce 1A40     		ands	r2, r3
 889:Drivers/STM32F0xx_HAL_Driver/Src/stm32f0xx_hal_rcc.c ****     {
 1750              		.loc 1 889 7 view .LVU525
 1751 00d0 AA42     		cmp	r2, r5
 1752 00d2 20D1     		bne	.L166
 1753              	.L158:
ARM GAS  C:\Users\three\AppData\Local\Temp\cci8ra5h.s 			page 57


 896:Drivers/STM32F0xx_HAL_Driver/Src/stm32f0xx_hal_rcc.c ****   {
 1754              		.loc 1 896 3 is_stmt 1 view .LVU526
 896:Drivers/STM32F0xx_HAL_Driver/Src/stm32f0xx_hal_rcc.c ****   {
 1755              		.loc 1 896 25 is_stmt 0 view .LVU527
 1756 00d4 2368     		ldr	r3, [r4]
 896:Drivers/STM32F0xx_HAL_Driver/Src/stm32f0xx_hal_rcc.c ****   {
 1757              		.loc 1 896 5 view .LVU528
 1758 00d6 5B07     		lsls	r3, r3, #29
 1759 00d8 06D5     		bpl	.L159
 898:Drivers/STM32F0xx_HAL_Driver/Src/stm32f0xx_hal_rcc.c ****     MODIFY_REG(RCC->CFGR, RCC_CFGR_PPRE, RCC_ClkInitStruct->APB1CLKDivider);
 1760              		.loc 1 898 5 is_stmt 1 view .LVU529
 899:Drivers/STM32F0xx_HAL_Driver/Src/stm32f0xx_hal_rcc.c ****   }
 1761              		.loc 1 899 5 view .LVU530
 1762 00da 114A     		ldr	r2, .L175+4
 1763 00dc 5368     		ldr	r3, [r2, #4]
 1764 00de 1249     		ldr	r1, .L175+12
 1765 00e0 0B40     		ands	r3, r1
 1766 00e2 E168     		ldr	r1, [r4, #12]
 1767 00e4 0B43     		orrs	r3, r1
 1768 00e6 5360     		str	r3, [r2, #4]
 1769              	.L159:
 903:Drivers/STM32F0xx_HAL_Driver/Src/stm32f0xx_hal_rcc.c **** 
 1770              		.loc 1 903 3 view .LVU531
 903:Drivers/STM32F0xx_HAL_Driver/Src/stm32f0xx_hal_rcc.c **** 
 1771              		.loc 1 903 21 is_stmt 0 view .LVU532
 1772 00e8 FFF7FEFF 		bl	HAL_RCC_GetSysClockFreq
 1773              	.LVL118:
 903:Drivers/STM32F0xx_HAL_Driver/Src/stm32f0xx_hal_rcc.c **** 
 1774              		.loc 1 903 68 discriminator 1 view .LVU533
 1775 00ec 0C4B     		ldr	r3, .L175+4
 1776 00ee 5A68     		ldr	r2, [r3, #4]
 903:Drivers/STM32F0xx_HAL_Driver/Src/stm32f0xx_hal_rcc.c **** 
 1777              		.loc 1 903 91 discriminator 1 view .LVU534
 1778 00f0 1209     		lsrs	r2, r2, #4
 1779 00f2 0F23     		movs	r3, #15
 1780 00f4 1340     		ands	r3, r2
 903:Drivers/STM32F0xx_HAL_Driver/Src/stm32f0xx_hal_rcc.c **** 
 1781              		.loc 1 903 63 discriminator 1 view .LVU535
 1782 00f6 0D4A     		ldr	r2, .L175+16
 1783 00f8 D35C     		ldrb	r3, [r2, r3]
 903:Drivers/STM32F0xx_HAL_Driver/Src/stm32f0xx_hal_rcc.c **** 
 1784              		.loc 1 903 47 discriminator 1 view .LVU536
 1785 00fa D840     		lsrs	r0, r0, r3
 903:Drivers/STM32F0xx_HAL_Driver/Src/stm32f0xx_hal_rcc.c **** 
 1786              		.loc 1 903 19 discriminator 1 view .LVU537
 1787 00fc 0C4B     		ldr	r3, .L175+20
 1788 00fe 1860     		str	r0, [r3]
 906:Drivers/STM32F0xx_HAL_Driver/Src/stm32f0xx_hal_rcc.c ****   
 1789              		.loc 1 906 3 is_stmt 1 view .LVU538
 1790 0100 0320     		movs	r0, #3
 1791 0102 FFF7FEFF 		bl	HAL_InitTick
 1792              	.LVL119:
 908:Drivers/STM32F0xx_HAL_Driver/Src/stm32f0xx_hal_rcc.c **** }
 1793              		.loc 1 908 3 view .LVU539
 908:Drivers/STM32F0xx_HAL_Driver/Src/stm32f0xx_hal_rcc.c **** }
 1794              		.loc 1 908 10 is_stmt 0 view .LVU540
 1795 0106 0020     		movs	r0, #0
ARM GAS  C:\Users\three\AppData\Local\Temp\cci8ra5h.s 			page 58


 1796              	.L148:
 909:Drivers/STM32F0xx_HAL_Driver/Src/stm32f0xx_hal_rcc.c **** 
 1797              		.loc 1 909 1 view .LVU541
 1798              		@ sp needed
 1799              	.LVL120:
 1800              	.LVL121:
 909:Drivers/STM32F0xx_HAL_Driver/Src/stm32f0xx_hal_rcc.c **** 
 1801              		.loc 1 909 1 view .LVU542
 1802 0108 70BD     		pop	{r4, r5, r6, pc}
 1803              	.LVL122:
 1804              	.L160:
 784:Drivers/STM32F0xx_HAL_Driver/Src/stm32f0xx_hal_rcc.c ****   }
 1805              		.loc 1 784 12 view .LVU543
 1806 010a 0120     		movs	r0, #1
 1807              	.LVL123:
 784:Drivers/STM32F0xx_HAL_Driver/Src/stm32f0xx_hal_rcc.c ****   }
 1808              		.loc 1 784 12 view .LVU544
 1809 010c FCE7     		b	.L148
 1810              	.LVL124:
 1811              	.L161:
 805:Drivers/STM32F0xx_HAL_Driver/Src/stm32f0xx_hal_rcc.c ****     }
 1812              		.loc 1 805 14 view .LVU545
 1813 010e 0120     		movs	r0, #1
 1814              	.LVL125:
 805:Drivers/STM32F0xx_HAL_Driver/Src/stm32f0xx_hal_rcc.c ****     }
 1815              		.loc 1 805 14 view .LVU546
 1816 0110 FAE7     		b	.L148
 1817              	.LVL126:
 1818              	.L164:
 864:Drivers/STM32F0xx_HAL_Driver/Src/stm32f0xx_hal_rcc.c ****       }
 1819              		.loc 1 864 16 view .LVU547
 1820 0112 0120     		movs	r0, #1
 1821              	.LVL127:
 864:Drivers/STM32F0xx_HAL_Driver/Src/stm32f0xx_hal_rcc.c ****       }
 1822              		.loc 1 864 16 view .LVU548
 1823 0114 F8E7     		b	.L148
 1824              	.L166:
 891:Drivers/STM32F0xx_HAL_Driver/Src/stm32f0xx_hal_rcc.c ****     }
 1825              		.loc 1 891 14 view .LVU549
 1826 0116 0120     		movs	r0, #1
 1827 0118 F6E7     		b	.L148
 1828              	.L176:
 1829 011a C046     		.align	2
 1830              	.L175:
 1831 011c 00200240 		.word	1073881088
 1832 0120 00100240 		.word	1073876992
 1833 0124 88130000 		.word	5000
 1834 0128 FFF8FFFF 		.word	-1793
 1835 012c 00000000 		.word	AHBPrescTable
 1836 0130 00000000 		.word	SystemCoreClock
 1837              		.cfi_endproc
 1838              	.LFE42:
 1840              		.section	.text.HAL_RCC_GetHCLKFreq,"ax",%progbits
 1841              		.align	1
 1842              		.global	HAL_RCC_GetHCLKFreq
 1843              		.syntax unified
 1844              		.code	16
ARM GAS  C:\Users\three\AppData\Local\Temp\cci8ra5h.s 			page 59


 1845              		.thumb_func
 1847              	HAL_RCC_GetHCLKFreq:
 1848              	.LFB47:
1163:Drivers/STM32F0xx_HAL_Driver/Src/stm32f0xx_hal_rcc.c **** 
1164:Drivers/STM32F0xx_HAL_Driver/Src/stm32f0xx_hal_rcc.c **** /**
1165:Drivers/STM32F0xx_HAL_Driver/Src/stm32f0xx_hal_rcc.c ****   * @brief  Returns the HCLK frequency     
1166:Drivers/STM32F0xx_HAL_Driver/Src/stm32f0xx_hal_rcc.c ****   * @note   Each time HCLK changes, this function must be called to update the
1167:Drivers/STM32F0xx_HAL_Driver/Src/stm32f0xx_hal_rcc.c ****   *         right HCLK value. Otherwise, any configuration based on this function will be incorrect
1168:Drivers/STM32F0xx_HAL_Driver/Src/stm32f0xx_hal_rcc.c ****   * 
1169:Drivers/STM32F0xx_HAL_Driver/Src/stm32f0xx_hal_rcc.c ****   * @note   The SystemCoreClock CMSIS variable is used to store System Clock Frequency 
1170:Drivers/STM32F0xx_HAL_Driver/Src/stm32f0xx_hal_rcc.c ****   *         and updated within this function
1171:Drivers/STM32F0xx_HAL_Driver/Src/stm32f0xx_hal_rcc.c ****   * @retval HCLK frequency
1172:Drivers/STM32F0xx_HAL_Driver/Src/stm32f0xx_hal_rcc.c ****   */
1173:Drivers/STM32F0xx_HAL_Driver/Src/stm32f0xx_hal_rcc.c **** uint32_t HAL_RCC_GetHCLKFreq(void)
1174:Drivers/STM32F0xx_HAL_Driver/Src/stm32f0xx_hal_rcc.c **** {
 1849              		.loc 1 1174 1 is_stmt 1 view -0
 1850              		.cfi_startproc
 1851              		@ args = 0, pretend = 0, frame = 0
 1852              		@ frame_needed = 0, uses_anonymous_args = 0
 1853              		@ link register save eliminated.
1175:Drivers/STM32F0xx_HAL_Driver/Src/stm32f0xx_hal_rcc.c ****   return SystemCoreClock;
 1854              		.loc 1 1175 3 view .LVU551
 1855              		.loc 1 1175 10 is_stmt 0 view .LVU552
 1856 0000 014B     		ldr	r3, .L178
 1857              		.loc 1 1175 10 discriminator 1 view .LVU553
 1858 0002 1868     		ldr	r0, [r3]
1176:Drivers/STM32F0xx_HAL_Driver/Src/stm32f0xx_hal_rcc.c **** }
 1859              		.loc 1 1176 1 view .LVU554
 1860              		@ sp needed
 1861 0004 7047     		bx	lr
 1862              	.L179:
 1863 0006 C046     		.align	2
 1864              	.L178:
 1865 0008 00000000 		.word	SystemCoreClock
 1866              		.cfi_endproc
 1867              	.LFE47:
 1869              		.section	.text.HAL_RCC_GetPCLK1Freq,"ax",%progbits
 1870              		.align	1
 1871              		.global	HAL_RCC_GetPCLK1Freq
 1872              		.syntax unified
 1873              		.code	16
 1874              		.thumb_func
 1876              	HAL_RCC_GetPCLK1Freq:
 1877              	.LFB48:
1177:Drivers/STM32F0xx_HAL_Driver/Src/stm32f0xx_hal_rcc.c **** 
1178:Drivers/STM32F0xx_HAL_Driver/Src/stm32f0xx_hal_rcc.c **** /**
1179:Drivers/STM32F0xx_HAL_Driver/Src/stm32f0xx_hal_rcc.c ****   * @brief  Returns the PCLK1 frequency     
1180:Drivers/STM32F0xx_HAL_Driver/Src/stm32f0xx_hal_rcc.c ****   * @note   Each time PCLK1 changes, this function must be called to update the
1181:Drivers/STM32F0xx_HAL_Driver/Src/stm32f0xx_hal_rcc.c ****   *         right PCLK1 value. Otherwise, any configuration based on this function will be incorrec
1182:Drivers/STM32F0xx_HAL_Driver/Src/stm32f0xx_hal_rcc.c ****   * @retval PCLK1 frequency
1183:Drivers/STM32F0xx_HAL_Driver/Src/stm32f0xx_hal_rcc.c ****   */
1184:Drivers/STM32F0xx_HAL_Driver/Src/stm32f0xx_hal_rcc.c **** uint32_t HAL_RCC_GetPCLK1Freq(void)
1185:Drivers/STM32F0xx_HAL_Driver/Src/stm32f0xx_hal_rcc.c **** {
 1878              		.loc 1 1185 1 is_stmt 1 view -0
 1879              		.cfi_startproc
 1880              		@ args = 0, pretend = 0, frame = 0
 1881              		@ frame_needed = 0, uses_anonymous_args = 0
ARM GAS  C:\Users\three\AppData\Local\Temp\cci8ra5h.s 			page 60


 1882 0000 10B5     		push	{r4, lr}
 1883              	.LCFI7:
 1884              		.cfi_def_cfa_offset 8
 1885              		.cfi_offset 4, -8
 1886              		.cfi_offset 14, -4
1186:Drivers/STM32F0xx_HAL_Driver/Src/stm32f0xx_hal_rcc.c ****   /* Get HCLK source and Compute PCLK1 frequency ---------------------------*/
1187:Drivers/STM32F0xx_HAL_Driver/Src/stm32f0xx_hal_rcc.c ****   return (HAL_RCC_GetHCLKFreq() >> APBPrescTable[(RCC->CFGR & RCC_CFGR_PPRE) >> RCC_CFGR_PPRE_BITNU
 1887              		.loc 1 1187 3 view .LVU556
 1888              		.loc 1 1187 11 is_stmt 0 view .LVU557
 1889 0002 FFF7FEFF 		bl	HAL_RCC_GetHCLKFreq
 1890              	.LVL128:
 1891              		.loc 1 1187 54 discriminator 1 view .LVU558
 1892 0006 044B     		ldr	r3, .L181
 1893 0008 5A68     		ldr	r2, [r3, #4]
 1894              		.loc 1 1187 78 discriminator 1 view .LVU559
 1895 000a 120A     		lsrs	r2, r2, #8
 1896 000c 0723     		movs	r3, #7
 1897 000e 1340     		ands	r3, r2
 1898              		.loc 1 1187 49 discriminator 1 view .LVU560
 1899 0010 024A     		ldr	r2, .L181+4
 1900 0012 D35C     		ldrb	r3, [r2, r3]
 1901              		.loc 1 1187 33 discriminator 1 view .LVU561
 1902 0014 D840     		lsrs	r0, r0, r3
1188:Drivers/STM32F0xx_HAL_Driver/Src/stm32f0xx_hal_rcc.c **** }    
 1903              		.loc 1 1188 1 view .LVU562
 1904              		@ sp needed
 1905 0016 10BD     		pop	{r4, pc}
 1906              	.L182:
 1907              		.align	2
 1908              	.L181:
 1909 0018 00100240 		.word	1073876992
 1910 001c 00000000 		.word	APBPrescTable
 1911              		.cfi_endproc
 1912              	.LFE48:
 1914              		.section	.text.HAL_RCC_GetOscConfig,"ax",%progbits
 1915              		.align	1
 1916              		.global	HAL_RCC_GetOscConfig
 1917              		.syntax unified
 1918              		.code	16
 1919              		.thumb_func
 1921              	HAL_RCC_GetOscConfig:
 1922              	.LVL129:
 1923              	.LFB49:
1189:Drivers/STM32F0xx_HAL_Driver/Src/stm32f0xx_hal_rcc.c **** 
1190:Drivers/STM32F0xx_HAL_Driver/Src/stm32f0xx_hal_rcc.c **** /**
1191:Drivers/STM32F0xx_HAL_Driver/Src/stm32f0xx_hal_rcc.c ****   * @brief  Configures the RCC_OscInitStruct according to the internal 
1192:Drivers/STM32F0xx_HAL_Driver/Src/stm32f0xx_hal_rcc.c ****   * RCC configuration registers.
1193:Drivers/STM32F0xx_HAL_Driver/Src/stm32f0xx_hal_rcc.c ****   * @param  RCC_OscInitStruct pointer to an RCC_OscInitTypeDef structure that 
1194:Drivers/STM32F0xx_HAL_Driver/Src/stm32f0xx_hal_rcc.c ****   * will be configured.
1195:Drivers/STM32F0xx_HAL_Driver/Src/stm32f0xx_hal_rcc.c ****   * @retval None
1196:Drivers/STM32F0xx_HAL_Driver/Src/stm32f0xx_hal_rcc.c ****   */
1197:Drivers/STM32F0xx_HAL_Driver/Src/stm32f0xx_hal_rcc.c **** void HAL_RCC_GetOscConfig(RCC_OscInitTypeDef  *RCC_OscInitStruct)
1198:Drivers/STM32F0xx_HAL_Driver/Src/stm32f0xx_hal_rcc.c **** {
 1924              		.loc 1 1198 1 is_stmt 1 view -0
 1925              		.cfi_startproc
 1926              		@ args = 0, pretend = 0, frame = 0
 1927              		@ frame_needed = 0, uses_anonymous_args = 0
ARM GAS  C:\Users\three\AppData\Local\Temp\cci8ra5h.s 			page 61


 1928              		@ link register save eliminated.
1199:Drivers/STM32F0xx_HAL_Driver/Src/stm32f0xx_hal_rcc.c ****   /* Check the parameters */
1200:Drivers/STM32F0xx_HAL_Driver/Src/stm32f0xx_hal_rcc.c ****   assert_param(RCC_OscInitStruct != NULL);
 1929              		.loc 1 1200 3 view .LVU564
1201:Drivers/STM32F0xx_HAL_Driver/Src/stm32f0xx_hal_rcc.c **** 
1202:Drivers/STM32F0xx_HAL_Driver/Src/stm32f0xx_hal_rcc.c ****   /* Set all possible values for the Oscillator type parameter ---------------*/
1203:Drivers/STM32F0xx_HAL_Driver/Src/stm32f0xx_hal_rcc.c ****   RCC_OscInitStruct->OscillatorType = RCC_OSCILLATORTYPE_HSE | RCC_OSCILLATORTYPE_HSI  \
 1930              		.loc 1 1203 3 view .LVU565
 1931              		.loc 1 1203 37 is_stmt 0 view .LVU566
 1932 0000 1F23     		movs	r3, #31
 1933 0002 0360     		str	r3, [r0]
1204:Drivers/STM32F0xx_HAL_Driver/Src/stm32f0xx_hal_rcc.c ****                   | RCC_OSCILLATORTYPE_LSE | RCC_OSCILLATORTYPE_LSI | RCC_OSCILLATORTYPE_HSI14;
1205:Drivers/STM32F0xx_HAL_Driver/Src/stm32f0xx_hal_rcc.c **** #if defined(RCC_HSI48_SUPPORT)
1206:Drivers/STM32F0xx_HAL_Driver/Src/stm32f0xx_hal_rcc.c ****   RCC_OscInitStruct->OscillatorType |= RCC_OSCILLATORTYPE_HSI48;
1207:Drivers/STM32F0xx_HAL_Driver/Src/stm32f0xx_hal_rcc.c **** #endif /* RCC_HSI48_SUPPORT */
1208:Drivers/STM32F0xx_HAL_Driver/Src/stm32f0xx_hal_rcc.c **** 
1209:Drivers/STM32F0xx_HAL_Driver/Src/stm32f0xx_hal_rcc.c **** 
1210:Drivers/STM32F0xx_HAL_Driver/Src/stm32f0xx_hal_rcc.c ****   /* Get the HSE configuration -----------------------------------------------*/
1211:Drivers/STM32F0xx_HAL_Driver/Src/stm32f0xx_hal_rcc.c ****   if((RCC->CR &RCC_CR_HSEBYP) == RCC_CR_HSEBYP)
 1934              		.loc 1 1211 3 is_stmt 1 view .LVU567
 1935              		.loc 1 1211 10 is_stmt 0 view .LVU568
 1936 0004 2E4B     		ldr	r3, .L198
 1937 0006 1B68     		ldr	r3, [r3]
 1938              		.loc 1 1211 5 view .LVU569
 1939 0008 5B03     		lsls	r3, r3, #13
 1940 000a 39D5     		bpl	.L184
1212:Drivers/STM32F0xx_HAL_Driver/Src/stm32f0xx_hal_rcc.c ****   {
1213:Drivers/STM32F0xx_HAL_Driver/Src/stm32f0xx_hal_rcc.c ****     RCC_OscInitStruct->HSEState = RCC_HSE_BYPASS;
 1941              		.loc 1 1213 5 is_stmt 1 view .LVU570
 1942              		.loc 1 1213 33 is_stmt 0 view .LVU571
 1943 000c 0523     		movs	r3, #5
 1944 000e 4360     		str	r3, [r0, #4]
 1945              	.L185:
1214:Drivers/STM32F0xx_HAL_Driver/Src/stm32f0xx_hal_rcc.c ****   }
1215:Drivers/STM32F0xx_HAL_Driver/Src/stm32f0xx_hal_rcc.c ****   else if((RCC->CR &RCC_CR_HSEON) == RCC_CR_HSEON)
1216:Drivers/STM32F0xx_HAL_Driver/Src/stm32f0xx_hal_rcc.c ****   {
1217:Drivers/STM32F0xx_HAL_Driver/Src/stm32f0xx_hal_rcc.c ****     RCC_OscInitStruct->HSEState = RCC_HSE_ON;
1218:Drivers/STM32F0xx_HAL_Driver/Src/stm32f0xx_hal_rcc.c ****   }
1219:Drivers/STM32F0xx_HAL_Driver/Src/stm32f0xx_hal_rcc.c ****   else
1220:Drivers/STM32F0xx_HAL_Driver/Src/stm32f0xx_hal_rcc.c ****   {
1221:Drivers/STM32F0xx_HAL_Driver/Src/stm32f0xx_hal_rcc.c ****     RCC_OscInitStruct->HSEState = RCC_HSE_OFF;
1222:Drivers/STM32F0xx_HAL_Driver/Src/stm32f0xx_hal_rcc.c ****   }
1223:Drivers/STM32F0xx_HAL_Driver/Src/stm32f0xx_hal_rcc.c **** 
1224:Drivers/STM32F0xx_HAL_Driver/Src/stm32f0xx_hal_rcc.c ****   /* Get the HSI configuration -----------------------------------------------*/
1225:Drivers/STM32F0xx_HAL_Driver/Src/stm32f0xx_hal_rcc.c ****   if((RCC->CR &RCC_CR_HSION) == RCC_CR_HSION)
 1946              		.loc 1 1225 3 is_stmt 1 view .LVU572
 1947              		.loc 1 1225 10 is_stmt 0 view .LVU573
 1948 0010 2B4B     		ldr	r3, .L198
 1949 0012 1B68     		ldr	r3, [r3]
 1950              		.loc 1 1225 5 view .LVU574
 1951 0014 DB07     		lsls	r3, r3, #31
 1952 0016 3DD5     		bpl	.L187
1226:Drivers/STM32F0xx_HAL_Driver/Src/stm32f0xx_hal_rcc.c ****   {
1227:Drivers/STM32F0xx_HAL_Driver/Src/stm32f0xx_hal_rcc.c ****     RCC_OscInitStruct->HSIState = RCC_HSI_ON;
 1953              		.loc 1 1227 5 is_stmt 1 view .LVU575
 1954              		.loc 1 1227 33 is_stmt 0 view .LVU576
 1955 0018 0123     		movs	r3, #1
ARM GAS  C:\Users\three\AppData\Local\Temp\cci8ra5h.s 			page 62


 1956 001a C360     		str	r3, [r0, #12]
 1957              	.L188:
1228:Drivers/STM32F0xx_HAL_Driver/Src/stm32f0xx_hal_rcc.c ****   }
1229:Drivers/STM32F0xx_HAL_Driver/Src/stm32f0xx_hal_rcc.c ****   else
1230:Drivers/STM32F0xx_HAL_Driver/Src/stm32f0xx_hal_rcc.c ****   {
1231:Drivers/STM32F0xx_HAL_Driver/Src/stm32f0xx_hal_rcc.c ****     RCC_OscInitStruct->HSIState = RCC_HSI_OFF;
1232:Drivers/STM32F0xx_HAL_Driver/Src/stm32f0xx_hal_rcc.c ****   }
1233:Drivers/STM32F0xx_HAL_Driver/Src/stm32f0xx_hal_rcc.c ****   
1234:Drivers/STM32F0xx_HAL_Driver/Src/stm32f0xx_hal_rcc.c ****   RCC_OscInitStruct->HSICalibrationValue = (uint32_t)((RCC->CR &RCC_CR_HSITRIM) >> RCC_CR_HSITRIM_B
 1958              		.loc 1 1234 3 is_stmt 1 view .LVU577
 1959              		.loc 1 1234 59 is_stmt 0 view .LVU578
 1960 001c 2849     		ldr	r1, .L198
 1961 001e 0A68     		ldr	r2, [r1]
 1962              		.loc 1 1234 44 view .LVU579
 1963 0020 D208     		lsrs	r2, r2, #3
 1964 0022 1F23     		movs	r3, #31
 1965 0024 1340     		ands	r3, r2
 1966              		.loc 1 1234 42 view .LVU580
 1967 0026 0361     		str	r3, [r0, #16]
1235:Drivers/STM32F0xx_HAL_Driver/Src/stm32f0xx_hal_rcc.c ****   
1236:Drivers/STM32F0xx_HAL_Driver/Src/stm32f0xx_hal_rcc.c ****   /* Get the LSE configuration -----------------------------------------------*/
1237:Drivers/STM32F0xx_HAL_Driver/Src/stm32f0xx_hal_rcc.c ****   if((RCC->BDCR &RCC_BDCR_LSEBYP) == RCC_BDCR_LSEBYP)
 1968              		.loc 1 1237 3 is_stmt 1 view .LVU581
 1969              		.loc 1 1237 10 is_stmt 0 view .LVU582
 1970 0028 0B6A     		ldr	r3, [r1, #32]
 1971              		.loc 1 1237 5 view .LVU583
 1972 002a 5B07     		lsls	r3, r3, #29
 1973 002c 35D5     		bpl	.L189
1238:Drivers/STM32F0xx_HAL_Driver/Src/stm32f0xx_hal_rcc.c ****   {
1239:Drivers/STM32F0xx_HAL_Driver/Src/stm32f0xx_hal_rcc.c ****     RCC_OscInitStruct->LSEState = RCC_LSE_BYPASS;
 1974              		.loc 1 1239 5 is_stmt 1 view .LVU584
 1975              		.loc 1 1239 33 is_stmt 0 view .LVU585
 1976 002e 0523     		movs	r3, #5
 1977 0030 8360     		str	r3, [r0, #8]
 1978              	.L190:
1240:Drivers/STM32F0xx_HAL_Driver/Src/stm32f0xx_hal_rcc.c ****   }
1241:Drivers/STM32F0xx_HAL_Driver/Src/stm32f0xx_hal_rcc.c ****   else if((RCC->BDCR &RCC_BDCR_LSEON) == RCC_BDCR_LSEON)
1242:Drivers/STM32F0xx_HAL_Driver/Src/stm32f0xx_hal_rcc.c ****   {
1243:Drivers/STM32F0xx_HAL_Driver/Src/stm32f0xx_hal_rcc.c ****     RCC_OscInitStruct->LSEState = RCC_LSE_ON;
1244:Drivers/STM32F0xx_HAL_Driver/Src/stm32f0xx_hal_rcc.c ****   }
1245:Drivers/STM32F0xx_HAL_Driver/Src/stm32f0xx_hal_rcc.c ****   else
1246:Drivers/STM32F0xx_HAL_Driver/Src/stm32f0xx_hal_rcc.c ****   {
1247:Drivers/STM32F0xx_HAL_Driver/Src/stm32f0xx_hal_rcc.c ****     RCC_OscInitStruct->LSEState = RCC_LSE_OFF;
1248:Drivers/STM32F0xx_HAL_Driver/Src/stm32f0xx_hal_rcc.c ****   }
1249:Drivers/STM32F0xx_HAL_Driver/Src/stm32f0xx_hal_rcc.c ****   
1250:Drivers/STM32F0xx_HAL_Driver/Src/stm32f0xx_hal_rcc.c ****   /* Get the LSI configuration -----------------------------------------------*/
1251:Drivers/STM32F0xx_HAL_Driver/Src/stm32f0xx_hal_rcc.c ****   if((RCC->CSR &RCC_CSR_LSION) == RCC_CSR_LSION)
 1979              		.loc 1 1251 3 is_stmt 1 view .LVU586
 1980              		.loc 1 1251 10 is_stmt 0 view .LVU587
 1981 0032 234B     		ldr	r3, .L198
 1982 0034 5B6A     		ldr	r3, [r3, #36]
 1983              		.loc 1 1251 5 view .LVU588
 1984 0036 DB07     		lsls	r3, r3, #31
 1985 0038 39D5     		bpl	.L192
1252:Drivers/STM32F0xx_HAL_Driver/Src/stm32f0xx_hal_rcc.c ****   {
1253:Drivers/STM32F0xx_HAL_Driver/Src/stm32f0xx_hal_rcc.c ****     RCC_OscInitStruct->LSIState = RCC_LSI_ON;
 1986              		.loc 1 1253 5 is_stmt 1 view .LVU589
ARM GAS  C:\Users\three\AppData\Local\Temp\cci8ra5h.s 			page 63


 1987              		.loc 1 1253 33 is_stmt 0 view .LVU590
 1988 003a 0123     		movs	r3, #1
 1989 003c C361     		str	r3, [r0, #28]
 1990              	.L193:
1254:Drivers/STM32F0xx_HAL_Driver/Src/stm32f0xx_hal_rcc.c ****   }
1255:Drivers/STM32F0xx_HAL_Driver/Src/stm32f0xx_hal_rcc.c ****   else
1256:Drivers/STM32F0xx_HAL_Driver/Src/stm32f0xx_hal_rcc.c ****   {
1257:Drivers/STM32F0xx_HAL_Driver/Src/stm32f0xx_hal_rcc.c ****     RCC_OscInitStruct->LSIState = RCC_LSI_OFF;
1258:Drivers/STM32F0xx_HAL_Driver/Src/stm32f0xx_hal_rcc.c ****   }
1259:Drivers/STM32F0xx_HAL_Driver/Src/stm32f0xx_hal_rcc.c ****   
1260:Drivers/STM32F0xx_HAL_Driver/Src/stm32f0xx_hal_rcc.c ****   /* Get the HSI14 configuration -----------------------------------------------*/
1261:Drivers/STM32F0xx_HAL_Driver/Src/stm32f0xx_hal_rcc.c ****   if((RCC->CR2 & RCC_CR2_HSI14ON) == RCC_CR2_HSI14ON)
 1991              		.loc 1 1261 3 is_stmt 1 view .LVU591
 1992              		.loc 1 1261 10 is_stmt 0 view .LVU592
 1993 003e 204B     		ldr	r3, .L198
 1994 0040 5B6B     		ldr	r3, [r3, #52]
 1995              		.loc 1 1261 5 view .LVU593
 1996 0042 DB07     		lsls	r3, r3, #31
 1997 0044 36D5     		bpl	.L194
1262:Drivers/STM32F0xx_HAL_Driver/Src/stm32f0xx_hal_rcc.c ****   {
1263:Drivers/STM32F0xx_HAL_Driver/Src/stm32f0xx_hal_rcc.c ****     RCC_OscInitStruct->HSI14State = RCC_HSI_ON;
 1998              		.loc 1 1263 5 is_stmt 1 view .LVU594
 1999              		.loc 1 1263 35 is_stmt 0 view .LVU595
 2000 0046 0123     		movs	r3, #1
 2001 0048 4361     		str	r3, [r0, #20]
 2002              	.L195:
1264:Drivers/STM32F0xx_HAL_Driver/Src/stm32f0xx_hal_rcc.c ****   }
1265:Drivers/STM32F0xx_HAL_Driver/Src/stm32f0xx_hal_rcc.c ****   else
1266:Drivers/STM32F0xx_HAL_Driver/Src/stm32f0xx_hal_rcc.c ****   {
1267:Drivers/STM32F0xx_HAL_Driver/Src/stm32f0xx_hal_rcc.c ****     RCC_OscInitStruct->HSI14State = RCC_HSI_OFF;
1268:Drivers/STM32F0xx_HAL_Driver/Src/stm32f0xx_hal_rcc.c ****   }
1269:Drivers/STM32F0xx_HAL_Driver/Src/stm32f0xx_hal_rcc.c **** 
1270:Drivers/STM32F0xx_HAL_Driver/Src/stm32f0xx_hal_rcc.c ****   RCC_OscInitStruct->HSI14CalibrationValue = (uint32_t)((RCC->CR2 & RCC_CR2_HSI14TRIM) >> RCC_HSI14
 2003              		.loc 1 1270 3 is_stmt 1 view .LVU596
 2004              		.loc 1 1270 61 is_stmt 0 view .LVU597
 2005 004a 1D49     		ldr	r1, .L198
 2006 004c 4A6B     		ldr	r2, [r1, #52]
 2007              		.loc 1 1270 46 view .LVU598
 2008 004e D208     		lsrs	r2, r2, #3
 2009 0050 1F23     		movs	r3, #31
 2010 0052 1340     		ands	r3, r2
 2011              		.loc 1 1270 44 view .LVU599
 2012 0054 8361     		str	r3, [r0, #24]
1271:Drivers/STM32F0xx_HAL_Driver/Src/stm32f0xx_hal_rcc.c ****   
1272:Drivers/STM32F0xx_HAL_Driver/Src/stm32f0xx_hal_rcc.c **** #if defined(RCC_HSI48_SUPPORT)
1273:Drivers/STM32F0xx_HAL_Driver/Src/stm32f0xx_hal_rcc.c ****   /* Get the HSI48 configuration if any-----------------------------------------*/
1274:Drivers/STM32F0xx_HAL_Driver/Src/stm32f0xx_hal_rcc.c ****   RCC_OscInitStruct->HSI48State = __HAL_RCC_GET_HSI48_STATE();
1275:Drivers/STM32F0xx_HAL_Driver/Src/stm32f0xx_hal_rcc.c **** #endif /* RCC_HSI48_SUPPORT */
1276:Drivers/STM32F0xx_HAL_Driver/Src/stm32f0xx_hal_rcc.c **** 
1277:Drivers/STM32F0xx_HAL_Driver/Src/stm32f0xx_hal_rcc.c ****   /* Get the PLL configuration -----------------------------------------------*/
1278:Drivers/STM32F0xx_HAL_Driver/Src/stm32f0xx_hal_rcc.c ****   if((RCC->CR &RCC_CR_PLLON) == RCC_CR_PLLON)
 2013              		.loc 1 1278 3 is_stmt 1 view .LVU600
 2014              		.loc 1 1278 10 is_stmt 0 view .LVU601
 2015 0056 0B68     		ldr	r3, [r1]
 2016              		.loc 1 1278 5 view .LVU602
 2017 0058 DB01     		lsls	r3, r3, #7
 2018 005a 2ED5     		bpl	.L196
ARM GAS  C:\Users\three\AppData\Local\Temp\cci8ra5h.s 			page 64


1279:Drivers/STM32F0xx_HAL_Driver/Src/stm32f0xx_hal_rcc.c ****   {
1280:Drivers/STM32F0xx_HAL_Driver/Src/stm32f0xx_hal_rcc.c ****     RCC_OscInitStruct->PLL.PLLState = RCC_PLL_ON;
 2019              		.loc 1 1280 5 is_stmt 1 view .LVU603
 2020              		.loc 1 1280 37 is_stmt 0 view .LVU604
 2021 005c 0223     		movs	r3, #2
 2022 005e 0362     		str	r3, [r0, #32]
 2023              	.L197:
1281:Drivers/STM32F0xx_HAL_Driver/Src/stm32f0xx_hal_rcc.c ****   }
1282:Drivers/STM32F0xx_HAL_Driver/Src/stm32f0xx_hal_rcc.c ****   else
1283:Drivers/STM32F0xx_HAL_Driver/Src/stm32f0xx_hal_rcc.c ****   {
1284:Drivers/STM32F0xx_HAL_Driver/Src/stm32f0xx_hal_rcc.c ****     RCC_OscInitStruct->PLL.PLLState = RCC_PLL_OFF;
1285:Drivers/STM32F0xx_HAL_Driver/Src/stm32f0xx_hal_rcc.c ****   }
1286:Drivers/STM32F0xx_HAL_Driver/Src/stm32f0xx_hal_rcc.c ****   RCC_OscInitStruct->PLL.PLLSource = (uint32_t)(RCC->CFGR & RCC_CFGR_PLLSRC);
 2024              		.loc 1 1286 3 is_stmt 1 view .LVU605
 2025              		.loc 1 1286 52 is_stmt 0 view .LVU606
 2026 0060 174B     		ldr	r3, .L198
 2027 0062 5A68     		ldr	r2, [r3, #4]
 2028              		.loc 1 1286 38 view .LVU607
 2029 0064 8021     		movs	r1, #128
 2030 0066 4902     		lsls	r1, r1, #9
 2031 0068 0A40     		ands	r2, r1
 2032              		.loc 1 1286 36 view .LVU608
 2033 006a 4262     		str	r2, [r0, #36]
1287:Drivers/STM32F0xx_HAL_Driver/Src/stm32f0xx_hal_rcc.c ****   RCC_OscInitStruct->PLL.PLLMUL = (uint32_t)(RCC->CFGR & RCC_CFGR_PLLMUL);
 2034              		.loc 1 1287 3 is_stmt 1 view .LVU609
 2035              		.loc 1 1287 49 is_stmt 0 view .LVU610
 2036 006c 5A68     		ldr	r2, [r3, #4]
 2037              		.loc 1 1287 35 view .LVU611
 2038 006e F021     		movs	r1, #240
 2039 0070 8903     		lsls	r1, r1, #14
 2040 0072 0A40     		ands	r2, r1
 2041              		.loc 1 1287 33 view .LVU612
 2042 0074 8262     		str	r2, [r0, #40]
1288:Drivers/STM32F0xx_HAL_Driver/Src/stm32f0xx_hal_rcc.c ****   RCC_OscInitStruct->PLL.PREDIV = (uint32_t)(RCC->CFGR2 & RCC_CFGR2_PREDIV);
 2043              		.loc 1 1288 3 is_stmt 1 view .LVU613
 2044              		.loc 1 1288 49 is_stmt 0 view .LVU614
 2045 0076 DA6A     		ldr	r2, [r3, #44]
 2046              		.loc 1 1288 35 view .LVU615
 2047 0078 0F23     		movs	r3, #15
 2048 007a 1340     		ands	r3, r2
 2049              		.loc 1 1288 33 view .LVU616
 2050 007c C362     		str	r3, [r0, #44]
1289:Drivers/STM32F0xx_HAL_Driver/Src/stm32f0xx_hal_rcc.c **** }
 2051              		.loc 1 1289 1 view .LVU617
 2052              		@ sp needed
 2053 007e 7047     		bx	lr
 2054              	.L184:
1215:Drivers/STM32F0xx_HAL_Driver/Src/stm32f0xx_hal_rcc.c ****   {
 2055              		.loc 1 1215 8 is_stmt 1 view .LVU618
1215:Drivers/STM32F0xx_HAL_Driver/Src/stm32f0xx_hal_rcc.c ****   {
 2056              		.loc 1 1215 15 is_stmt 0 view .LVU619
 2057 0080 0F4B     		ldr	r3, .L198
 2058 0082 1B68     		ldr	r3, [r3]
1215:Drivers/STM32F0xx_HAL_Driver/Src/stm32f0xx_hal_rcc.c ****   {
 2059              		.loc 1 1215 10 view .LVU620
 2060 0084 DB03     		lsls	r3, r3, #15
 2061 0086 02D5     		bpl	.L186
ARM GAS  C:\Users\three\AppData\Local\Temp\cci8ra5h.s 			page 65


1217:Drivers/STM32F0xx_HAL_Driver/Src/stm32f0xx_hal_rcc.c ****   }
 2062              		.loc 1 1217 5 is_stmt 1 view .LVU621
1217:Drivers/STM32F0xx_HAL_Driver/Src/stm32f0xx_hal_rcc.c ****   }
 2063              		.loc 1 1217 33 is_stmt 0 view .LVU622
 2064 0088 0123     		movs	r3, #1
 2065 008a 4360     		str	r3, [r0, #4]
 2066 008c C0E7     		b	.L185
 2067              	.L186:
1221:Drivers/STM32F0xx_HAL_Driver/Src/stm32f0xx_hal_rcc.c ****   }
 2068              		.loc 1 1221 5 is_stmt 1 view .LVU623
1221:Drivers/STM32F0xx_HAL_Driver/Src/stm32f0xx_hal_rcc.c ****   }
 2069              		.loc 1 1221 33 is_stmt 0 view .LVU624
 2070 008e 0023     		movs	r3, #0
 2071 0090 4360     		str	r3, [r0, #4]
 2072 0092 BDE7     		b	.L185
 2073              	.L187:
1231:Drivers/STM32F0xx_HAL_Driver/Src/stm32f0xx_hal_rcc.c ****   }
 2074              		.loc 1 1231 5 is_stmt 1 view .LVU625
1231:Drivers/STM32F0xx_HAL_Driver/Src/stm32f0xx_hal_rcc.c ****   }
 2075              		.loc 1 1231 33 is_stmt 0 view .LVU626
 2076 0094 0023     		movs	r3, #0
 2077 0096 C360     		str	r3, [r0, #12]
 2078 0098 C0E7     		b	.L188
 2079              	.L189:
1241:Drivers/STM32F0xx_HAL_Driver/Src/stm32f0xx_hal_rcc.c ****   {
 2080              		.loc 1 1241 8 is_stmt 1 view .LVU627
1241:Drivers/STM32F0xx_HAL_Driver/Src/stm32f0xx_hal_rcc.c ****   {
 2081              		.loc 1 1241 15 is_stmt 0 view .LVU628
 2082 009a 094B     		ldr	r3, .L198
 2083 009c 1B6A     		ldr	r3, [r3, #32]
1241:Drivers/STM32F0xx_HAL_Driver/Src/stm32f0xx_hal_rcc.c ****   {
 2084              		.loc 1 1241 10 view .LVU629
 2085 009e DB07     		lsls	r3, r3, #31
 2086 00a0 02D5     		bpl	.L191
1243:Drivers/STM32F0xx_HAL_Driver/Src/stm32f0xx_hal_rcc.c ****   }
 2087              		.loc 1 1243 5 is_stmt 1 view .LVU630
1243:Drivers/STM32F0xx_HAL_Driver/Src/stm32f0xx_hal_rcc.c ****   }
 2088              		.loc 1 1243 33 is_stmt 0 view .LVU631
 2089 00a2 0123     		movs	r3, #1
 2090 00a4 8360     		str	r3, [r0, #8]
 2091 00a6 C4E7     		b	.L190
 2092              	.L191:
1247:Drivers/STM32F0xx_HAL_Driver/Src/stm32f0xx_hal_rcc.c ****   }
 2093              		.loc 1 1247 5 is_stmt 1 view .LVU632
1247:Drivers/STM32F0xx_HAL_Driver/Src/stm32f0xx_hal_rcc.c ****   }
 2094              		.loc 1 1247 33 is_stmt 0 view .LVU633
 2095 00a8 0023     		movs	r3, #0
 2096 00aa 8360     		str	r3, [r0, #8]
 2097 00ac C1E7     		b	.L190
 2098              	.L192:
1257:Drivers/STM32F0xx_HAL_Driver/Src/stm32f0xx_hal_rcc.c ****   }
 2099              		.loc 1 1257 5 is_stmt 1 view .LVU634
1257:Drivers/STM32F0xx_HAL_Driver/Src/stm32f0xx_hal_rcc.c ****   }
 2100              		.loc 1 1257 33 is_stmt 0 view .LVU635
 2101 00ae 0023     		movs	r3, #0
 2102 00b0 C361     		str	r3, [r0, #28]
 2103 00b2 C4E7     		b	.L193
ARM GAS  C:\Users\three\AppData\Local\Temp\cci8ra5h.s 			page 66


 2104              	.L194:
1267:Drivers/STM32F0xx_HAL_Driver/Src/stm32f0xx_hal_rcc.c ****   }
 2105              		.loc 1 1267 5 is_stmt 1 view .LVU636
1267:Drivers/STM32F0xx_HAL_Driver/Src/stm32f0xx_hal_rcc.c ****   }
 2106              		.loc 1 1267 35 is_stmt 0 view .LVU637
 2107 00b4 0023     		movs	r3, #0
 2108 00b6 4361     		str	r3, [r0, #20]
 2109 00b8 C7E7     		b	.L195
 2110              	.L196:
1284:Drivers/STM32F0xx_HAL_Driver/Src/stm32f0xx_hal_rcc.c ****   }
 2111              		.loc 1 1284 5 is_stmt 1 view .LVU638
1284:Drivers/STM32F0xx_HAL_Driver/Src/stm32f0xx_hal_rcc.c ****   }
 2112              		.loc 1 1284 37 is_stmt 0 view .LVU639
 2113 00ba 0123     		movs	r3, #1
 2114 00bc 0362     		str	r3, [r0, #32]
 2115 00be CFE7     		b	.L197
 2116              	.L199:
 2117              		.align	2
 2118              	.L198:
 2119 00c0 00100240 		.word	1073876992
 2120              		.cfi_endproc
 2121              	.LFE49:
 2123              		.section	.text.HAL_RCC_GetClockConfig,"ax",%progbits
 2124              		.align	1
 2125              		.global	HAL_RCC_GetClockConfig
 2126              		.syntax unified
 2127              		.code	16
 2128              		.thumb_func
 2130              	HAL_RCC_GetClockConfig:
 2131              	.LVL130:
 2132              	.LFB50:
1290:Drivers/STM32F0xx_HAL_Driver/Src/stm32f0xx_hal_rcc.c **** 
1291:Drivers/STM32F0xx_HAL_Driver/Src/stm32f0xx_hal_rcc.c **** /**
1292:Drivers/STM32F0xx_HAL_Driver/Src/stm32f0xx_hal_rcc.c ****   * @brief  Get the RCC_ClkInitStruct according to the internal 
1293:Drivers/STM32F0xx_HAL_Driver/Src/stm32f0xx_hal_rcc.c ****   * RCC configuration registers.
1294:Drivers/STM32F0xx_HAL_Driver/Src/stm32f0xx_hal_rcc.c ****   * @param  RCC_ClkInitStruct pointer to an RCC_ClkInitTypeDef structure that 
1295:Drivers/STM32F0xx_HAL_Driver/Src/stm32f0xx_hal_rcc.c ****   * contains the current clock configuration.
1296:Drivers/STM32F0xx_HAL_Driver/Src/stm32f0xx_hal_rcc.c ****   * @param  pFLatency Pointer on the Flash Latency.
1297:Drivers/STM32F0xx_HAL_Driver/Src/stm32f0xx_hal_rcc.c ****   * @retval None
1298:Drivers/STM32F0xx_HAL_Driver/Src/stm32f0xx_hal_rcc.c ****   */
1299:Drivers/STM32F0xx_HAL_Driver/Src/stm32f0xx_hal_rcc.c **** void HAL_RCC_GetClockConfig(RCC_ClkInitTypeDef  *RCC_ClkInitStruct, uint32_t *pFLatency)
1300:Drivers/STM32F0xx_HAL_Driver/Src/stm32f0xx_hal_rcc.c **** {
 2133              		.loc 1 1300 1 is_stmt 1 view -0
 2134              		.cfi_startproc
 2135              		@ args = 0, pretend = 0, frame = 0
 2136              		@ frame_needed = 0, uses_anonymous_args = 0
 2137              		.loc 1 1300 1 is_stmt 0 view .LVU641
 2138 0000 10B5     		push	{r4, lr}
 2139              	.LCFI8:
 2140              		.cfi_def_cfa_offset 8
 2141              		.cfi_offset 4, -8
 2142              		.cfi_offset 14, -4
1301:Drivers/STM32F0xx_HAL_Driver/Src/stm32f0xx_hal_rcc.c ****   /* Check the parameters */
1302:Drivers/STM32F0xx_HAL_Driver/Src/stm32f0xx_hal_rcc.c ****   assert_param(RCC_ClkInitStruct != NULL);
 2143              		.loc 1 1302 3 is_stmt 1 view .LVU642
1303:Drivers/STM32F0xx_HAL_Driver/Src/stm32f0xx_hal_rcc.c ****   assert_param(pFLatency != NULL);
 2144              		.loc 1 1303 3 view .LVU643
ARM GAS  C:\Users\three\AppData\Local\Temp\cci8ra5h.s 			page 67


1304:Drivers/STM32F0xx_HAL_Driver/Src/stm32f0xx_hal_rcc.c **** 
1305:Drivers/STM32F0xx_HAL_Driver/Src/stm32f0xx_hal_rcc.c ****   /* Set all possible values for the Clock type parameter --------------------*/
1306:Drivers/STM32F0xx_HAL_Driver/Src/stm32f0xx_hal_rcc.c ****   RCC_ClkInitStruct->ClockType = RCC_CLOCKTYPE_SYSCLK | RCC_CLOCKTYPE_HCLK | RCC_CLOCKTYPE_PCLK1;
 2145              		.loc 1 1306 3 view .LVU644
 2146              		.loc 1 1306 32 is_stmt 0 view .LVU645
 2147 0002 0723     		movs	r3, #7
 2148 0004 0360     		str	r3, [r0]
1307:Drivers/STM32F0xx_HAL_Driver/Src/stm32f0xx_hal_rcc.c ****   
1308:Drivers/STM32F0xx_HAL_Driver/Src/stm32f0xx_hal_rcc.c ****   /* Get the SYSCLK configuration --------------------------------------------*/ 
1309:Drivers/STM32F0xx_HAL_Driver/Src/stm32f0xx_hal_rcc.c ****   RCC_ClkInitStruct->SYSCLKSource = (uint32_t)(RCC->CFGR & RCC_CFGR_SW);
 2149              		.loc 1 1309 3 is_stmt 1 view .LVU646
 2150              		.loc 1 1309 51 is_stmt 0 view .LVU647
 2151 0006 0A4B     		ldr	r3, .L201
 2152 0008 5C68     		ldr	r4, [r3, #4]
 2153              		.loc 1 1309 37 view .LVU648
 2154 000a 0322     		movs	r2, #3
 2155 000c 2240     		ands	r2, r4
 2156              		.loc 1 1309 35 view .LVU649
 2157 000e 4260     		str	r2, [r0, #4]
1310:Drivers/STM32F0xx_HAL_Driver/Src/stm32f0xx_hal_rcc.c ****   
1311:Drivers/STM32F0xx_HAL_Driver/Src/stm32f0xx_hal_rcc.c ****   /* Get the HCLK configuration ----------------------------------------------*/ 
1312:Drivers/STM32F0xx_HAL_Driver/Src/stm32f0xx_hal_rcc.c ****   RCC_ClkInitStruct->AHBCLKDivider = (uint32_t)(RCC->CFGR & RCC_CFGR_HPRE); 
 2158              		.loc 1 1312 3 is_stmt 1 view .LVU650
 2159              		.loc 1 1312 52 is_stmt 0 view .LVU651
 2160 0010 5C68     		ldr	r4, [r3, #4]
 2161              		.loc 1 1312 38 view .LVU652
 2162 0012 F022     		movs	r2, #240
 2163 0014 2240     		ands	r2, r4
 2164              		.loc 1 1312 36 view .LVU653
 2165 0016 8260     		str	r2, [r0, #8]
1313:Drivers/STM32F0xx_HAL_Driver/Src/stm32f0xx_hal_rcc.c ****   
1314:Drivers/STM32F0xx_HAL_Driver/Src/stm32f0xx_hal_rcc.c ****   /* Get the APB1 configuration ----------------------------------------------*/ 
1315:Drivers/STM32F0xx_HAL_Driver/Src/stm32f0xx_hal_rcc.c ****   RCC_ClkInitStruct->APB1CLKDivider = (uint32_t)(RCC->CFGR & RCC_CFGR_PPRE);   
 2166              		.loc 1 1315 3 is_stmt 1 view .LVU654
 2167              		.loc 1 1315 53 is_stmt 0 view .LVU655
 2168 0018 5B68     		ldr	r3, [r3, #4]
 2169              		.loc 1 1315 39 view .LVU656
 2170 001a E022     		movs	r2, #224
 2171 001c D200     		lsls	r2, r2, #3
 2172 001e 1340     		ands	r3, r2
 2173              		.loc 1 1315 37 view .LVU657
 2174 0020 C360     		str	r3, [r0, #12]
1316:Drivers/STM32F0xx_HAL_Driver/Src/stm32f0xx_hal_rcc.c ****   /* Get the Flash Wait State (Latency) configuration ------------------------*/   
1317:Drivers/STM32F0xx_HAL_Driver/Src/stm32f0xx_hal_rcc.c ****   *pFLatency = __HAL_FLASH_GET_LATENCY(); 
 2175              		.loc 1 1317 3 is_stmt 1 view .LVU658
 2176              		.loc 1 1317 16 is_stmt 0 view .LVU659
 2177 0022 044B     		ldr	r3, .L201+4
 2178 0024 1A68     		ldr	r2, [r3]
 2179 0026 0123     		movs	r3, #1
 2180 0028 1340     		ands	r3, r2
 2181              		.loc 1 1317 14 view .LVU660
 2182 002a 0B60     		str	r3, [r1]
1318:Drivers/STM32F0xx_HAL_Driver/Src/stm32f0xx_hal_rcc.c **** }
 2183              		.loc 1 1318 1 view .LVU661
 2184              		@ sp needed
 2185 002c 10BD     		pop	{r4, pc}
 2186              	.L202:
ARM GAS  C:\Users\three\AppData\Local\Temp\cci8ra5h.s 			page 68


 2187 002e C046     		.align	2
 2188              	.L201:
 2189 0030 00100240 		.word	1073876992
 2190 0034 00200240 		.word	1073881088
 2191              		.cfi_endproc
 2192              	.LFE50:
 2194              		.section	.text.HAL_RCC_CSSCallback,"ax",%progbits
 2195              		.align	1
 2196              		.weak	HAL_RCC_CSSCallback
 2197              		.syntax unified
 2198              		.code	16
 2199              		.thumb_func
 2201              	HAL_RCC_CSSCallback:
 2202              	.LFB52:
1319:Drivers/STM32F0xx_HAL_Driver/Src/stm32f0xx_hal_rcc.c **** 
1320:Drivers/STM32F0xx_HAL_Driver/Src/stm32f0xx_hal_rcc.c **** /**
1321:Drivers/STM32F0xx_HAL_Driver/Src/stm32f0xx_hal_rcc.c ****   * @brief This function handles the RCC CSS interrupt request.
1322:Drivers/STM32F0xx_HAL_Driver/Src/stm32f0xx_hal_rcc.c ****   * @note This API should be called under the NMI_Handler().
1323:Drivers/STM32F0xx_HAL_Driver/Src/stm32f0xx_hal_rcc.c ****   * @retval None
1324:Drivers/STM32F0xx_HAL_Driver/Src/stm32f0xx_hal_rcc.c ****   */
1325:Drivers/STM32F0xx_HAL_Driver/Src/stm32f0xx_hal_rcc.c **** void HAL_RCC_NMI_IRQHandler(void)
1326:Drivers/STM32F0xx_HAL_Driver/Src/stm32f0xx_hal_rcc.c **** {
1327:Drivers/STM32F0xx_HAL_Driver/Src/stm32f0xx_hal_rcc.c ****   /* Check RCC CSSF flag  */
1328:Drivers/STM32F0xx_HAL_Driver/Src/stm32f0xx_hal_rcc.c ****   if(__HAL_RCC_GET_IT(RCC_IT_CSS))
1329:Drivers/STM32F0xx_HAL_Driver/Src/stm32f0xx_hal_rcc.c ****   {
1330:Drivers/STM32F0xx_HAL_Driver/Src/stm32f0xx_hal_rcc.c ****     /* RCC Clock Security System interrupt user callback */
1331:Drivers/STM32F0xx_HAL_Driver/Src/stm32f0xx_hal_rcc.c ****     HAL_RCC_CSSCallback();
1332:Drivers/STM32F0xx_HAL_Driver/Src/stm32f0xx_hal_rcc.c ****     
1333:Drivers/STM32F0xx_HAL_Driver/Src/stm32f0xx_hal_rcc.c ****     /* Clear RCC CSS pending bit */
1334:Drivers/STM32F0xx_HAL_Driver/Src/stm32f0xx_hal_rcc.c ****     __HAL_RCC_CLEAR_IT(RCC_IT_CSS);
1335:Drivers/STM32F0xx_HAL_Driver/Src/stm32f0xx_hal_rcc.c ****   }
1336:Drivers/STM32F0xx_HAL_Driver/Src/stm32f0xx_hal_rcc.c **** }
1337:Drivers/STM32F0xx_HAL_Driver/Src/stm32f0xx_hal_rcc.c **** 
1338:Drivers/STM32F0xx_HAL_Driver/Src/stm32f0xx_hal_rcc.c **** /**
1339:Drivers/STM32F0xx_HAL_Driver/Src/stm32f0xx_hal_rcc.c ****   * @brief  RCC Clock Security System interrupt callback
1340:Drivers/STM32F0xx_HAL_Driver/Src/stm32f0xx_hal_rcc.c ****   * @retval none
1341:Drivers/STM32F0xx_HAL_Driver/Src/stm32f0xx_hal_rcc.c ****   */
1342:Drivers/STM32F0xx_HAL_Driver/Src/stm32f0xx_hal_rcc.c **** __weak void HAL_RCC_CSSCallback(void)
1343:Drivers/STM32F0xx_HAL_Driver/Src/stm32f0xx_hal_rcc.c **** {
 2203              		.loc 1 1343 1 is_stmt 1 view -0
 2204              		.cfi_startproc
 2205              		@ args = 0, pretend = 0, frame = 0
 2206              		@ frame_needed = 0, uses_anonymous_args = 0
 2207              		@ link register save eliminated.
1344:Drivers/STM32F0xx_HAL_Driver/Src/stm32f0xx_hal_rcc.c ****   /* NOTE : This function Should not be modified, when the callback is needed,
1345:Drivers/STM32F0xx_HAL_Driver/Src/stm32f0xx_hal_rcc.c ****     the HAL_RCC_CSSCallback could be implemented in the user file
1346:Drivers/STM32F0xx_HAL_Driver/Src/stm32f0xx_hal_rcc.c ****     */ 
1347:Drivers/STM32F0xx_HAL_Driver/Src/stm32f0xx_hal_rcc.c **** }
 2208              		.loc 1 1347 1 view .LVU663
 2209              		@ sp needed
 2210 0000 7047     		bx	lr
 2211              		.cfi_endproc
 2212              	.LFE52:
 2214              		.section	.text.HAL_RCC_NMI_IRQHandler,"ax",%progbits
 2215              		.align	1
 2216              		.global	HAL_RCC_NMI_IRQHandler
 2217              		.syntax unified
ARM GAS  C:\Users\three\AppData\Local\Temp\cci8ra5h.s 			page 69


 2218              		.code	16
 2219              		.thumb_func
 2221              	HAL_RCC_NMI_IRQHandler:
 2222              	.LFB51:
1326:Drivers/STM32F0xx_HAL_Driver/Src/stm32f0xx_hal_rcc.c ****   /* Check RCC CSSF flag  */
 2223              		.loc 1 1326 1 view -0
 2224              		.cfi_startproc
 2225              		@ args = 0, pretend = 0, frame = 0
 2226              		@ frame_needed = 0, uses_anonymous_args = 0
 2227 0000 10B5     		push	{r4, lr}
 2228              	.LCFI9:
 2229              		.cfi_def_cfa_offset 8
 2230              		.cfi_offset 4, -8
 2231              		.cfi_offset 14, -4
1328:Drivers/STM32F0xx_HAL_Driver/Src/stm32f0xx_hal_rcc.c ****   {
 2232              		.loc 1 1328 3 view .LVU665
1328:Drivers/STM32F0xx_HAL_Driver/Src/stm32f0xx_hal_rcc.c ****   {
 2233              		.loc 1 1328 6 is_stmt 0 view .LVU666
 2234 0002 054B     		ldr	r3, .L208
 2235 0004 9B68     		ldr	r3, [r3, #8]
1328:Drivers/STM32F0xx_HAL_Driver/Src/stm32f0xx_hal_rcc.c ****   {
 2236              		.loc 1 1328 5 view .LVU667
 2237 0006 1B06     		lsls	r3, r3, #24
 2238 0008 00D4     		bmi	.L207
 2239              	.L204:
1336:Drivers/STM32F0xx_HAL_Driver/Src/stm32f0xx_hal_rcc.c **** 
 2240              		.loc 1 1336 1 view .LVU668
 2241              		@ sp needed
 2242 000a 10BD     		pop	{r4, pc}
 2243              	.L207:
1331:Drivers/STM32F0xx_HAL_Driver/Src/stm32f0xx_hal_rcc.c ****     
 2244              		.loc 1 1331 5 is_stmt 1 view .LVU669
 2245 000c FFF7FEFF 		bl	HAL_RCC_CSSCallback
 2246              	.LVL131:
1334:Drivers/STM32F0xx_HAL_Driver/Src/stm32f0xx_hal_rcc.c ****   }
 2247              		.loc 1 1334 5 view .LVU670
 2248 0010 024B     		ldr	r3, .L208+4
 2249 0012 8022     		movs	r2, #128
 2250 0014 1A70     		strb	r2, [r3]
1336:Drivers/STM32F0xx_HAL_Driver/Src/stm32f0xx_hal_rcc.c **** 
 2251              		.loc 1 1336 1 is_stmt 0 view .LVU671
 2252 0016 F8E7     		b	.L204
 2253              	.L209:
 2254              		.align	2
 2255              	.L208:
 2256 0018 00100240 		.word	1073876992
 2257 001c 0A100240 		.word	1073877002
 2258              		.cfi_endproc
 2259              	.LFE51:
 2261              		.section	.rodata.aPredivFactorTable.0,"a"
 2262              		.align	2
 2265              	aPredivFactorTable.0:
 2266 0000 01020304 		.ascii	"\001\002\003\004\005\006\007\010\011\012\013\014\015"
 2266      05060708 
 2266      090A0B0C 
 2266      0D
 2267 000d 0E0F10   		.ascii	"\016\017\020"
ARM GAS  C:\Users\three\AppData\Local\Temp\cci8ra5h.s 			page 70


 2268              		.section	.rodata.aPLLMULFactorTable.1,"a"
 2269              		.align	2
 2272              	aPLLMULFactorTable.1:
 2273 0000 02030405 		.ascii	"\002\003\004\005\006\007\010\011\012\013\014\015\016"
 2273      06070809 
 2273      0A0B0C0D 
 2273      0E
 2274 000d 0F1010   		.ascii	"\017\020\020"
 2275              		.text
 2276              	.Letext0:
 2277              		.file 2 "C:\\ST\\STM32CubeIDE_2.2.0\\STM32CubeIDE\\plugins\\com.st.stm32cube.ide.mcu.externaltools
 2278              		.file 3 "C:\\ST\\STM32CubeIDE_2.2.0\\STM32CubeIDE\\plugins\\com.st.stm32cube.ide.mcu.externaltools
 2279              		.file 4 "Drivers/CMSIS/Device/ST/STM32F0xx/Include/system_stm32f0xx.h"
 2280              		.file 5 "Drivers/CMSIS/Device/ST/STM32F0xx/Include/stm32f051x8.h"
 2281              		.file 6 "Drivers/CMSIS/Device/ST/STM32F0xx/Include/stm32f0xx.h"
 2282              		.file 7 "Drivers/STM32F0xx_HAL_Driver/Inc/stm32f0xx_hal_def.h"
 2283              		.file 8 "Drivers/STM32F0xx_HAL_Driver/Inc/stm32f0xx_hal_rcc.h"
 2284              		.file 9 "Drivers/STM32F0xx_HAL_Driver/Inc/stm32f0xx_hal_gpio.h"
 2285              		.file 10 "Drivers/STM32F0xx_HAL_Driver/Inc/stm32f0xx_hal.h"
ARM GAS  C:\Users\three\AppData\Local\Temp\cci8ra5h.s 			page 71


DEFINED SYMBOLS
                            *ABS*:00000000 stm32f0xx_hal_rcc.c
C:\Users\three\AppData\Local\Temp\cci8ra5h.s:19     .text.HAL_RCC_DeInit:00000000 $t
C:\Users\three\AppData\Local\Temp\cci8ra5h.s:25     .text.HAL_RCC_DeInit:00000000 HAL_RCC_DeInit
C:\Users\three\AppData\Local\Temp\cci8ra5h.s:193    .text.HAL_RCC_DeInit:000000ac $d
C:\Users\three\AppData\Local\Temp\cci8ra5h.s:205    .text.HAL_RCC_OscConfig:00000000 $t
C:\Users\three\AppData\Local\Temp\cci8ra5h.s:211    .text.HAL_RCC_OscConfig:00000000 HAL_RCC_OscConfig
C:\Users\three\AppData\Local\Temp\cci8ra5h.s:865    .text.HAL_RCC_OscConfig:000002cc $d
C:\Users\three\AppData\Local\Temp\cci8ra5h.s:873    .text.HAL_RCC_OscConfig:000002e0 $t
C:\Users\three\AppData\Local\Temp\cci8ra5h.s:1272   .text.HAL_RCC_OscConfig:0000048c $d
C:\Users\three\AppData\Local\Temp\cci8ra5h.s:1280   .text.HAL_RCC_MCOConfig:00000000 $t
C:\Users\three\AppData\Local\Temp\cci8ra5h.s:1286   .text.HAL_RCC_MCOConfig:00000000 HAL_RCC_MCOConfig
C:\Users\three\AppData\Local\Temp\cci8ra5h.s:1374   .text.HAL_RCC_MCOConfig:00000048 $d
C:\Users\three\AppData\Local\Temp\cci8ra5h.s:1380   .text.HAL_RCC_EnableCSS:00000000 $t
C:\Users\three\AppData\Local\Temp\cci8ra5h.s:1386   .text.HAL_RCC_EnableCSS:00000000 HAL_RCC_EnableCSS
C:\Users\three\AppData\Local\Temp\cci8ra5h.s:1406   .text.HAL_RCC_EnableCSS:00000010 $d
C:\Users\three\AppData\Local\Temp\cci8ra5h.s:1411   .text.HAL_RCC_DisableCSS:00000000 $t
C:\Users\three\AppData\Local\Temp\cci8ra5h.s:1417   .text.HAL_RCC_DisableCSS:00000000 HAL_RCC_DisableCSS
C:\Users\three\AppData\Local\Temp\cci8ra5h.s:1436   .text.HAL_RCC_DisableCSS:0000000c $d
C:\Users\three\AppData\Local\Temp\cci8ra5h.s:1442   .text.HAL_RCC_GetSysClockFreq:00000000 $t
C:\Users\three\AppData\Local\Temp\cci8ra5h.s:1448   .text.HAL_RCC_GetSysClockFreq:00000000 HAL_RCC_GetSysClockFreq
C:\Users\three\AppData\Local\Temp\cci8ra5h.s:1537   .text.HAL_RCC_GetSysClockFreq:00000044 $d
C:\Users\three\AppData\Local\Temp\cci8ra5h.s:2272   .rodata.aPLLMULFactorTable.1:00000000 aPLLMULFactorTable.1
C:\Users\three\AppData\Local\Temp\cci8ra5h.s:2265   .rodata.aPredivFactorTable.0:00000000 aPredivFactorTable.0
C:\Users\three\AppData\Local\Temp\cci8ra5h.s:1545   .text.HAL_RCC_ClockConfig:00000000 $t
C:\Users\three\AppData\Local\Temp\cci8ra5h.s:1551   .text.HAL_RCC_ClockConfig:00000000 HAL_RCC_ClockConfig
C:\Users\three\AppData\Local\Temp\cci8ra5h.s:1831   .text.HAL_RCC_ClockConfig:0000011c $d
C:\Users\three\AppData\Local\Temp\cci8ra5h.s:1841   .text.HAL_RCC_GetHCLKFreq:00000000 $t
C:\Users\three\AppData\Local\Temp\cci8ra5h.s:1847   .text.HAL_RCC_GetHCLKFreq:00000000 HAL_RCC_GetHCLKFreq
C:\Users\three\AppData\Local\Temp\cci8ra5h.s:1865   .text.HAL_RCC_GetHCLKFreq:00000008 $d
C:\Users\three\AppData\Local\Temp\cci8ra5h.s:1870   .text.HAL_RCC_GetPCLK1Freq:00000000 $t
C:\Users\three\AppData\Local\Temp\cci8ra5h.s:1876   .text.HAL_RCC_GetPCLK1Freq:00000000 HAL_RCC_GetPCLK1Freq
C:\Users\three\AppData\Local\Temp\cci8ra5h.s:1909   .text.HAL_RCC_GetPCLK1Freq:00000018 $d
C:\Users\three\AppData\Local\Temp\cci8ra5h.s:1915   .text.HAL_RCC_GetOscConfig:00000000 $t
C:\Users\three\AppData\Local\Temp\cci8ra5h.s:1921   .text.HAL_RCC_GetOscConfig:00000000 HAL_RCC_GetOscConfig
C:\Users\three\AppData\Local\Temp\cci8ra5h.s:2119   .text.HAL_RCC_GetOscConfig:000000c0 $d
C:\Users\three\AppData\Local\Temp\cci8ra5h.s:2124   .text.HAL_RCC_GetClockConfig:00000000 $t
C:\Users\three\AppData\Local\Temp\cci8ra5h.s:2130   .text.HAL_RCC_GetClockConfig:00000000 HAL_RCC_GetClockConfig
C:\Users\three\AppData\Local\Temp\cci8ra5h.s:2189   .text.HAL_RCC_GetClockConfig:00000030 $d
C:\Users\three\AppData\Local\Temp\cci8ra5h.s:2195   .text.HAL_RCC_CSSCallback:00000000 $t
C:\Users\three\AppData\Local\Temp\cci8ra5h.s:2201   .text.HAL_RCC_CSSCallback:00000000 HAL_RCC_CSSCallback
C:\Users\three\AppData\Local\Temp\cci8ra5h.s:2215   .text.HAL_RCC_NMI_IRQHandler:00000000 $t
C:\Users\three\AppData\Local\Temp\cci8ra5h.s:2221   .text.HAL_RCC_NMI_IRQHandler:00000000 HAL_RCC_NMI_IRQHandler
C:\Users\three\AppData\Local\Temp\cci8ra5h.s:2256   .text.HAL_RCC_NMI_IRQHandler:00000018 $d
C:\Users\three\AppData\Local\Temp\cci8ra5h.s:2262   .rodata.aPredivFactorTable.0:00000000 $d
C:\Users\three\AppData\Local\Temp\cci8ra5h.s:2269   .rodata.aPLLMULFactorTable.1:00000000 $d

UNDEFINED SYMBOLS
HAL_GetTick
HAL_InitTick
SystemCoreClock
uwTickPrio
HAL_GPIO_Init
__aeabi_uidiv
AHBPrescTable
APBPrescTable
